android.accessibilityservice.IAccessibilityServiceClient	1	init
android.accessibilityservice.IAccessibilityServiceClient	2	onAccessibilityEvent
android.accessibilityservice.IAccessibilityServiceClient	3	onInterrupt
android.accessibilityservice.IAccessibilityServiceClient	4	onGesture
android.accessibilityservice.IAccessibilityServiceClient	5	clearAccessibilityCache
android.accessibilityservice.IAccessibilityServiceClient	6	onKeyEvent
android.accessibilityservice.IAccessibilityServiceClient	7	onMagnificationChanged
android.accessibilityservice.IAccessibilityServiceClient	8	onMotionEvent
android.accessibilityservice.IAccessibilityServiceClient	9	onTouchStateChanged
android.accessibilityservice.IAccessibilityServiceClient	10	onSoftKeyboardShowModeChanged
android.accessibilityservice.IAccessibilityServiceClient	11	onPerformGestureResult
android.accessibilityservice.IAccessibilityServiceClient	12	onFingerprintCapturingGesturesChanged
android.accessibilityservice.IAccessibilityServiceClient	13	onFingerprintGesture
android.accessibilityservice.IAccessibilityServiceClient	14	onAccessibilityButtonClicked
android.accessibilityservice.IAccessibilityServiceClient	15	onAccessibilityButtonAvailabilityChanged
android.accessibilityservice.IAccessibilityServiceClient	16	onSystemActionsChanged
android.accessibilityservice.IAccessibilityServiceClient	17	createImeSession
android.accessibilityservice.IAccessibilityServiceClient	18	setImeSessionEnabled
android.accessibilityservice.IAccessibilityServiceClient	19	bindInput
android.accessibilityservice.IAccessibilityServiceClient	20	unbindInput
android.accessibilityservice.IAccessibilityServiceClient	21	startInput
android.accessibilityservice.IAccessibilityServiceConnection	1	setServiceInfo
android.accessibilityservice.IAccessibilityServiceConnection	2	setAttributionTag
android.accessibilityservice.IAccessibilityServiceConnection	3	findAccessibilityNodeInfoByAccessibilityId
android.accessibilityservice.IAccessibilityServiceConnection	4	findAccessibilityNodeInfosByText
android.accessibilityservice.IAccessibilityServiceConnection	5	findAccessibilityNodeInfosByViewId
android.accessibilityservice.IAccessibilityServiceConnection	6	findFocus
android.accessibilityservice.IAccessibilityServiceConnection	7	focusSearch
android.accessibilityservice.IAccessibilityServiceConnection	8	performAccessibilityAction
android.accessibilityservice.IAccessibilityServiceConnection	9	getWindow
android.accessibilityservice.IAccessibilityServiceConnection	10	getWindows
android.accessibilityservice.IAccessibilityServiceConnection	11	getServiceInfo
android.accessibilityservice.IAccessibilityServiceConnection	12	performGlobalAction
android.accessibilityservice.IAccessibilityServiceConnection	13	getSystemActions
android.accessibilityservice.IAccessibilityServiceConnection	14	disableSelf
android.accessibilityservice.IAccessibilityServiceConnection	15	setOnKeyEventResult
android.accessibilityservice.IAccessibilityServiceConnection	16	getMagnificationConfig
android.accessibilityservice.IAccessibilityServiceConnection	17	getMagnificationScale
android.accessibilityservice.IAccessibilityServiceConnection	18	getMagnificationCenterX
android.accessibilityservice.IAccessibilityServiceConnection	19	getMagnificationCenterY
android.accessibilityservice.IAccessibilityServiceConnection	20	getMagnificationRegion
android.accessibilityservice.IAccessibilityServiceConnection	21	getCurrentMagnificationRegion
android.accessibilityservice.IAccessibilityServiceConnection	22	resetMagnification
android.accessibilityservice.IAccessibilityServiceConnection	23	resetCurrentMagnification
android.accessibilityservice.IAccessibilityServiceConnection	24	setMagnificationConfig
android.accessibilityservice.IAccessibilityServiceConnection	25	setMagnificationCallbackEnabled
android.accessibilityservice.IAccessibilityServiceConnection	26	setSoftKeyboardShowMode
android.accessibilityservice.IAccessibilityServiceConnection	27	getSoftKeyboardShowMode
android.accessibilityservice.IAccessibilityServiceConnection	28	setSoftKeyboardCallbackEnabled
android.accessibilityservice.IAccessibilityServiceConnection	29	switchToInputMethod
android.accessibilityservice.IAccessibilityServiceConnection	30	setInputMethodEnabled
android.accessibilityservice.IAccessibilityServiceConnection	31	isAccessibilityButtonAvailable
android.accessibilityservice.IAccessibilityServiceConnection	32	sendGesture
android.accessibilityservice.IAccessibilityServiceConnection	33	dispatchGesture
android.accessibilityservice.IAccessibilityServiceConnection	34	isFingerprintGestureDetectionAvailable
android.accessibilityservice.IAccessibilityServiceConnection	35	getOverlayWindowToken
android.accessibilityservice.IAccessibilityServiceConnection	36	getWindowIdForLeashToken
android.accessibilityservice.IAccessibilityServiceConnection	37	takeScreenshot
android.accessibilityservice.IAccessibilityServiceConnection	38	takeScreenshotOfWindow
android.accessibilityservice.IAccessibilityServiceConnection	39	setGestureDetectionPassthroughRegion
android.accessibilityservice.IAccessibilityServiceConnection	40	setTouchExplorationPassthroughRegion
android.accessibilityservice.IAccessibilityServiceConnection	41	setFocusAppearance
android.accessibilityservice.IAccessibilityServiceConnection	42	setCacheEnabled
android.accessibilityservice.IAccessibilityServiceConnection	43	logTrace
android.accessibilityservice.IAccessibilityServiceConnection	44	setServiceDetectsGesturesEnabled
android.accessibilityservice.IAccessibilityServiceConnection	45	requestTouchExploration
android.accessibilityservice.IAccessibilityServiceConnection	46	requestDragging
android.accessibilityservice.IAccessibilityServiceConnection	47	requestDelegating
android.accessibilityservice.IAccessibilityServiceConnection	48	onDoubleTap
android.accessibilityservice.IAccessibilityServiceConnection	49	onDoubleTapAndHold
android.accessibilityservice.IAccessibilityServiceConnection	50	setAnimationScale
android.accessibilityservice.IAccessibilityServiceConnection	51	setInstalledAndEnabledServices
android.accessibilityservice.IAccessibilityServiceConnection	52	getInstalledAndEnabledServices
android.accessibilityservice.IAccessibilityServiceConnection	53	attachAccessibilityOverlayToDisplay
android.accessibilityservice.IAccessibilityServiceConnection	54	attachAccessibilityOverlayToWindow
android.accessibilityservice.IAccessibilityServiceConnection	55	connectBluetoothBrailleDisplay
android.accessibilityservice.IAccessibilityServiceConnection	56	connectUsbBrailleDisplay
android.accessibilityservice.IAccessibilityServiceConnection	57	setTestBrailleDisplayData
android.accessibilityservice.IBrailleDisplayConnection	1	disconnect
android.accessibilityservice.IBrailleDisplayConnection	2	write
android.accessibilityservice.IBrailleDisplayController	1	onConnected
android.accessibilityservice.IBrailleDisplayController	2	onConnectionFailed
android.accessibilityservice.IBrailleDisplayController	3	onInput
android.accessibilityservice.IBrailleDisplayController	4	onDisconnected
android.accounts.IAccountAuthenticator	1	addAccount
android.accounts.IAccountAuthenticator	2	confirmCredentials
android.accounts.IAccountAuthenticator	3	getAuthToken
android.accounts.IAccountAuthenticator	4	getAuthTokenLabel
android.accounts.IAccountAuthenticator	5	updateCredentials
android.accounts.IAccountAuthenticator	6	editProperties
android.accounts.IAccountAuthenticator	7	hasFeatures
android.accounts.IAccountAuthenticator	8	getAccountRemovalAllowed
android.accounts.IAccountAuthenticator	9	getAccountCredentialsForCloning
android.accounts.IAccountAuthenticator	10	addAccountFromCredentials
android.accounts.IAccountAuthenticator	11	startAddAccountSession
android.accounts.IAccountAuthenticator	12	startUpdateCredentialsSession
android.accounts.IAccountAuthenticator	13	finishSession
android.accounts.IAccountAuthenticator	14	isCredentialsUpdateSuggested
android.accounts.IAccountAuthenticatorResponse	1	onResult
android.accounts.IAccountAuthenticatorResponse	2	onRequestContinued
android.accounts.IAccountAuthenticatorResponse	3	onError
android.accounts.IAccountManager	1	getPassword
android.accounts.IAccountManager	2	getUserData
android.accounts.IAccountManager	3	getAuthenticatorTypes
android.accounts.IAccountManager	4	getAccountsForPackage
android.accounts.IAccountManager	5	getAccountsByTypeForPackage
android.accounts.IAccountManager	6	getAccountsAsUser
android.accounts.IAccountManager	7	hasFeatures
android.accounts.IAccountManager	8	getAccountByTypeAndFeatures
android.accounts.IAccountManager	9	getAccountsByFeatures
android.accounts.IAccountManager	10	addAccountExplicitly
android.accounts.IAccountManager	11	removeAccountAsUser
android.accounts.IAccountManager	12	removeAccountExplicitly
android.accounts.IAccountManager	13	copyAccountToUser
android.accounts.IAccountManager	14	invalidateAuthToken
android.accounts.IAccountManager	15	peekAuthToken
android.accounts.IAccountManager	16	setAuthToken
android.accounts.IAccountManager	17	setPassword
android.accounts.IAccountManager	18	clearPassword
android.accounts.IAccountManager	19	setUserData
android.accounts.IAccountManager	20	updateAppPermission
android.accounts.IAccountManager	21	getAuthToken
android.accounts.IAccountManager	22	addAccount
android.accounts.IAccountManager	23	addAccountAsUser
android.accounts.IAccountManager	24	updateCredentials
android.accounts.IAccountManager	25	editProperties
android.accounts.IAccountManager	26	confirmCredentialsAsUser
android.accounts.IAccountManager	27	accountAuthenticated
android.accounts.IAccountManager	28	getAuthTokenLabel
android.accounts.IAccountManager	29	addSharedAccountsFromParentUser
android.accounts.IAccountManager	30	renameAccount
android.accounts.IAccountManager	31	getPreviousName
android.accounts.IAccountManager	32	startAddAccountSession
android.accounts.IAccountManager	33	startUpdateCredentialsSession
android.accounts.IAccountManager	34	finishSessionAsUser
android.accounts.IAccountManager	35	someUserHasAccount
android.accounts.IAccountManager	36	isCredentialsUpdateSuggested
android.accounts.IAccountManager	37	getPackagesAndVisibilityForAccount
android.accounts.IAccountManager	38	addAccountExplicitlyWithVisibility
android.accounts.IAccountManager	39	setAccountVisibility
android.accounts.IAccountManager	40	getAccountVisibility
android.accounts.IAccountManager	41	getAccountsAndVisibilityForPackage
android.accounts.IAccountManager	42	registerAccountListener
android.accounts.IAccountManager	43	unregisterAccountListener
android.accounts.IAccountManager	44	hasAccountAccess
android.accounts.IAccountManager	45	createRequestAccountAccessIntentSenderAsUser
android.accounts.IAccountManager	46	onAccountAccessed
android.accounts.IAccountManagerResponse	1	onResult
android.accounts.IAccountManagerResponse	2	onError
android.apex.IApexService	1	submitStagedSession
android.apex.IApexService	2	markStagedSessionReady
android.apex.IApexService	3	markStagedSessionSuccessful
android.apex.IApexService	4	getSessions
android.apex.IApexService	5	getStagedSessionInfo
android.apex.IApexService	6	getStagedApexInfos
android.apex.IApexService	7	getActivePackages
android.apex.IApexService	8	getAllPackages
android.apex.IApexService	9	abortStagedSession
android.apex.IApexService	10	revertActiveSessions
android.apex.IApexService	11	snapshotCeData
android.apex.IApexService	12	restoreCeData
android.apex.IApexService	13	destroyDeSnapshots
android.apex.IApexService	14	destroyCeSnapshots
android.apex.IApexService	15	destroyCeSnapshotsNotSpecified
android.apex.IApexService	16	unstagePackages
android.apex.IApexService	17	getActivePackage
android.apex.IApexService	18	stagePackages
android.apex.IApexService	19	resumeRevertIfNeeded
android.apex.IApexService	20	recollectPreinstalledData
android.apex.IApexService	21	markBootCompleted
android.apex.IApexService	22	calculateSizeForCompressedApex
android.apex.IApexService	23	reserveSpaceForCompressedApex
android.apex.IApexService	24	installAndActivatePackage
android.app.IActivityClientController	1	activityIdle
android.app.IActivityClientController	2	activityResumed
android.app.IActivityClientController	3	activityRefreshed
android.app.IActivityClientController	4	activityTopResumedStateLost
android.app.IActivityClientController	5	activityPaused
android.app.IActivityClientController	6	activityStopped
android.app.IActivityClientController	7	activityDestroyed
android.app.IActivityClientController	8	activityLocalRelaunch
android.app.IActivityClientController	9	activityRelaunched
android.app.IActivityClientController	10	reportSizeConfigurations
android.app.IActivityClientController	11	moveActivityTaskToBack
android.app.IActivityClientController	12	shouldUpRecreateTask
android.app.IActivityClientController	13	navigateUpTo
android.app.IActivityClientController	14	releaseActivityInstance
android.app.IActivityClientController	15	finishActivity
android.app.IActivityClientController	16	finishActivityAffinity
android.app.IActivityClientController	17	finishSubActivity
android.app.IActivityClientController	18	setForceSendResultForMediaProjection
android.app.IActivityClientController	19	isTopOfTask
android.app.IActivityClientController	20	willActivityBeVisible
android.app.IActivityClientController	21	getDisplayId
android.app.IActivityClientController	22	getTaskForActivity
android.app.IActivityClientController	23	getTaskConfiguration
android.app.IActivityClientController	24	getActivityTokenBelow
android.app.IActivityClientController	25	getCallingActivity
android.app.IActivityClientController	26	getCallingPackage
android.app.IActivityClientController	27	getLaunchedFromUid
android.app.IActivityClientController	28	getActivityCallerUid
android.app.IActivityClientController	29	getLaunchedFromPackage
android.app.IActivityClientController	30	getActivityCallerPackage
android.app.IActivityClientController	31	checkActivityCallerContentUriPermission
android.app.IActivityClientController	32	setRequestedOrientation
android.app.IActivityClientController	33	getRequestedOrientation
android.app.IActivityClientController	34	convertFromTranslucent
android.app.IActivityClientController	35	convertToTranslucent
android.app.IActivityClientController	36	isImmersive
android.app.IActivityClientController	37	setImmersive
android.app.IActivityClientController	38	enterPictureInPictureMode
android.app.IActivityClientController	39	setPictureInPictureParams
android.app.IActivityClientController	40	setShouldDockBigOverlays
android.app.IActivityClientController	41	toggleFreeformWindowingMode
android.app.IActivityClientController	42	requestMultiwindowFullscreen
android.app.IActivityClientController	43	startLockTaskModeByToken
android.app.IActivityClientController	44	stopLockTaskModeByToken
android.app.IActivityClientController	45	showLockTaskEscapeMessage
android.app.IActivityClientController	46	setTaskDescription
android.app.IActivityClientController	47	showAssistFromActivity
android.app.IActivityClientController	48	isRootVoiceInteraction
android.app.IActivityClientController	49	startLocalVoiceInteraction
android.app.IActivityClientController	50	stopLocalVoiceInteraction
android.app.IActivityClientController	51	setShowWhenLocked
android.app.IActivityClientController	52	setInheritShowWhenLocked
android.app.IActivityClientController	53	setTurnScreenOn
android.app.IActivityClientController	54	setAllowCrossUidActivitySwitchFromBelow
android.app.IActivityClientController	55	reportActivityFullyDrawn
android.app.IActivityClientController	56	overrideActivityTransition
android.app.IActivityClientController	57	clearOverrideActivityTransition
android.app.IActivityClientController	58	overridePendingTransition
android.app.IActivityClientController	59	setVrMode
android.app.IActivityClientController	60	setRecentsScreenshotEnabled
android.app.IActivityClientController	61	invalidateHomeTaskSnapshot
android.app.IActivityClientController	62	dismissKeyguard
android.app.IActivityClientController	63	registerRemoteAnimations
android.app.IActivityClientController	64	unregisterRemoteAnimations
android.app.IActivityClientController	65	onBackPressed
android.app.IActivityClientController	66	splashScreenAttached
android.app.IActivityClientController	67	enableTaskLocaleOverride
android.app.IActivityClientController	68	isRequestedToLaunchInTaskFragment
android.app.IActivityClientController	69	setActivityRecordInputSinkEnabled
android.app.IActivityController	1	activityStarting
android.app.IActivityController	2	activityResuming
android.app.IActivityController	3	appCrashed
android.app.IActivityController	4	appEarlyNotResponding
android.app.IActivityController	5	appNotResponding
android.app.IActivityController	6	systemNotResponding
android.app.IActivityManager	1	openContentUri
android.app.IActivityManager	2	registerUidObserver
android.app.IActivityManager	3	unregisterUidObserver
android.app.IActivityManager	4	registerUidObserverForUids
android.app.IActivityManager	5	addUidToObserver
android.app.IActivityManager	6	removeUidFromObserver
android.app.IActivityManager	7	isUidActive
android.app.IActivityManager	8	getUidProcessState
android.app.IActivityManager	9	checkPermission
android.app.IActivityManager	10	logFgsApiBegin
android.app.IActivityManager	11	logFgsApiEnd
android.app.IActivityManager	12	logFgsApiStateChanged
android.app.IActivityManager	13	handleApplicationCrash
android.app.IActivityManager	14	startActivity
android.app.IActivityManager	15	startActivityWithFeature
android.app.IActivityManager	16	unhandledBack
android.app.IActivityManager	17	finishActivity
android.app.IActivityManager	18	registerReceiver
android.app.IActivityManager	19	registerReceiverWithFeature
android.app.IActivityManager	20	unregisterReceiver
android.app.IActivityManager	21	getRegisteredIntentFilters
android.app.IActivityManager	22	broadcastIntent
android.app.IActivityManager	23	broadcastIntentWithFeature
android.app.IActivityManager	24	unbroadcastIntent
android.app.IActivityManager	25	finishReceiver
android.app.IActivityManager	26	attachApplication
android.app.IActivityManager	27	finishAttachApplication
android.app.IActivityManager	28	getTasks
android.app.IActivityManager	29	moveTaskToFront
android.app.IActivityManager	30	getTaskForActivity
android.app.IActivityManager	31	getContentProvider
android.app.IActivityManager	32	publishContentProviders
android.app.IActivityManager	33	refContentProvider
android.app.IActivityManager	34	getRunningServiceControlPanel
android.app.IActivityManager	35	startService
android.app.IActivityManager	36	stopService
android.app.IActivityManager	37	bindService
android.app.IActivityManager	38	bindServiceInstance
android.app.IActivityManager	39	updateServiceGroup
android.app.IActivityManager	40	unbindService
android.app.IActivityManager	41	publishService
android.app.IActivityManager	42	setDebugApp
android.app.IActivityManager	43	setAgentApp
android.app.IActivityManager	44	setAlwaysFinish
android.app.IActivityManager	45	startInstrumentation
android.app.IActivityManager	46	addInstrumentationResults
android.app.IActivityManager	47	finishInstrumentation
android.app.IActivityManager	48	getConfiguration
android.app.IActivityManager	49	updateConfiguration
android.app.IActivityManager	50	updateMccMncConfiguration
android.app.IActivityManager	51	stopServiceToken
android.app.IActivityManager	52	setProcessLimit
android.app.IActivityManager	53	getProcessLimit
android.app.IActivityManager	54	checkUriPermission
android.app.IActivityManager	55	checkContentUriPermissionFull
android.app.IActivityManager	56	checkUriPermissions
android.app.IActivityManager	57	grantUriPermission
android.app.IActivityManager	58	revokeUriPermission
android.app.IActivityManager	59	setActivityController
android.app.IActivityManager	60	showWaitingForDebugger
android.app.IActivityManager	61	signalPersistentProcesses
android.app.IActivityManager	62	getRecentTasks
android.app.IActivityManager	63	serviceDoneExecuting
android.app.IActivityManager	64	getIntentSender
android.app.IActivityManager	65	getIntentSenderWithFeature
android.app.IActivityManager	66	cancelIntentSender
android.app.IActivityManager	67	getInfoForIntentSender
android.app.IActivityManager	68	registerIntentSenderCancelListenerEx
android.app.IActivityManager	69	unregisterIntentSenderCancelListener
android.app.IActivityManager	70	enterSafeMode
android.app.IActivityManager	71	noteWakeupAlarm
android.app.IActivityManager	72	removeContentProvider
android.app.IActivityManager	73	setRequestedOrientation
android.app.IActivityManager	74	unbindFinished
android.app.IActivityManager	75	setProcessImportant
android.app.IActivityManager	76	setServiceForeground
android.app.IActivityManager	77	getForegroundServiceType
android.app.IActivityManager	78	moveActivityTaskToBack
android.app.IActivityManager	79	getMemoryInfo
android.app.IActivityManager	80	getProcessesInErrorState
android.app.IActivityManager	81	clearApplicationUserData
android.app.IActivityManager	82	stopAppForUser
android.app.IActivityManager	83	registerForegroundServiceObserver
android.app.IActivityManager	84	forceStopPackage
android.app.IActivityManager	85	forceStopPackageEvenWhenStopping
android.app.IActivityManager	86	killPids
android.app.IActivityManager	87	getServices
android.app.IActivityManager	88	getRunningAppProcesses
android.app.IActivityManager	89	peekService
android.app.IActivityManager	90	profileControl
android.app.IActivityManager	91	shutdown
android.app.IActivityManager	92	stopAppSwitches
android.app.IActivityManager	93	resumeAppSwitches
android.app.IActivityManager	94	bindBackupAgent
android.app.IActivityManager	95	backupAgentCreated
android.app.IActivityManager	96	unbindBackupAgent
android.app.IActivityManager	97	handleIncomingUser
android.app.IActivityManager	98	addPackageDependency
android.app.IActivityManager	99	killApplication
android.app.IActivityManager	100	closeSystemDialogs
android.app.IActivityManager	101	getProcessMemoryInfo
android.app.IActivityManager	102	killApplicationProcess
android.app.IActivityManager	103	handleApplicationWtf
android.app.IActivityManager	104	killBackgroundProcesses
android.app.IActivityManager	105	isUserAMonkey
android.app.IActivityManager	106	getRunningExternalApplications
android.app.IActivityManager	107	finishHeavyWeightApp
android.app.IActivityManager	108	handleApplicationStrictModeViolation
android.app.IActivityManager	109	registerStrictModeCallback
android.app.IActivityManager	110	isTopActivityImmersive
android.app.IActivityManager	111	crashApplicationWithType
android.app.IActivityManager	112	crashApplicationWithTypeWithExtras
android.app.IActivityManager	113	getMimeTypeFilterAsync
android.app.IActivityManager	114	dumpHeap
android.app.IActivityManager	115	isUserRunning
android.app.IActivityManager	116	setPackageScreenCompatMode
android.app.IActivityManager	117	switchUser
android.app.IActivityManager	118	getSwitchingFromUserMessage
android.app.IActivityManager	119	getSwitchingToUserMessage
android.app.IActivityManager	120	setStopUserOnSwitch
android.app.IActivityManager	121	removeTask
android.app.IActivityManager	122	registerProcessObserver
android.app.IActivityManager	123	unregisterProcessObserver
android.app.IActivityManager	124	isIntentSenderTargetedToPackage
android.app.IActivityManager	125	updatePersistentConfiguration
android.app.IActivityManager	126	updatePersistentConfigurationWithAttribution
android.app.IActivityManager	127	getProcessPss
android.app.IActivityManager	128	showBootMessage
android.app.IActivityManager	129	killAllBackgroundProcesses
android.app.IActivityManager	130	getContentProviderExternal
android.app.IActivityManager	131	removeContentProviderExternal
android.app.IActivityManager	132	removeContentProviderExternalAsUser
android.app.IActivityManager	133	getMyMemoryState
android.app.IActivityManager	134	killProcessesBelowForeground
android.app.IActivityManager	135	getCurrentUser
android.app.IActivityManager	136	getCurrentUserId
android.app.IActivityManager	137	getLaunchedFromUid
android.app.IActivityManager	138	unstableProviderDied
android.app.IActivityManager	139	isIntentSenderAnActivity
android.app.IActivityManager	140	startActivityAsUser
android.app.IActivityManager	141	startActivityAsUserWithFeature
android.app.IActivityManager	142	stopUser
android.app.IActivityManager	143	stopUserWithCallback
android.app.IActivityManager	144	stopUserExceptCertainProfiles
android.app.IActivityManager	145	stopUserWithDelayedLocking
android.app.IActivityManager	146	registerUserSwitchObserver
android.app.IActivityManager	147	unregisterUserSwitchObserver
android.app.IActivityManager	148	getRunningUserIds
android.app.IActivityManager	149	requestSystemServerHeapDump
android.app.IActivityManager	150	requestBugReport
android.app.IActivityManager	151	requestBugReportWithDescription
android.app.IActivityManager	152	requestTelephonyBugReport
android.app.IActivityManager	153	requestWifiBugReport
android.app.IActivityManager	154	requestInteractiveBugReportWithDescription
android.app.IActivityManager	155	requestInteractiveBugReport
android.app.IActivityManager	156	requestBugReportWithExtraAttachments
android.app.IActivityManager	157	requestFullBugReport
android.app.IActivityManager	158	requestRemoteBugReport
android.app.IActivityManager	159	launchBugReportHandlerApp
android.app.IActivityManager	160	getBugreportWhitelistedPackages
android.app.IActivityManager	161	getIntentForIntentSender
android.app.IActivityManager	162	getLaunchedFromPackage
android.app.IActivityManager	163	killUid
android.app.IActivityManager	164	setUserIsMonkey
android.app.IActivityManager	165	hang
android.app.IActivityManager	166	getAllRootTaskInfos
android.app.IActivityManager	167	moveTaskToRootTask
android.app.IActivityManager	168	setFocusedRootTask
android.app.IActivityManager	169	getFocusedRootTaskInfo
android.app.IActivityManager	170	restart
android.app.IActivityManager	171	performIdleMaintenance
android.app.IActivityManager	172	appNotRespondingViaProvider
android.app.IActivityManager	173	getTaskBounds
android.app.IActivityManager	174	setProcessMemoryTrimLevel
android.app.IActivityManager	175	getTagForIntentSender
android.app.IActivityManager	176	startUserInBackground
android.app.IActivityManager	177	isInLockTaskMode
android.app.IActivityManager	178	startActivityFromRecents
android.app.IActivityManager	179	startSystemLockTaskMode
android.app.IActivityManager	180	isTopOfTask
android.app.IActivityManager	181	bootAnimationComplete
android.app.IActivityManager	182	setThemeOverlayReady
android.app.IActivityManager	183	registerTaskStackListener
android.app.IActivityManager	184	unregisterTaskStackListener
android.app.IActivityManager	185	notifyCleartextNetwork
android.app.IActivityManager	186	setTaskResizeable
android.app.IActivityManager	187	resizeTask
android.app.IActivityManager	188	getLockTaskModeState
android.app.IActivityManager	189	setDumpHeapDebugLimit
android.app.IActivityManager	190	dumpHeapFinished
android.app.IActivityManager	191	updateLockTaskPackages
android.app.IActivityManager	192	noteAlarmStart
android.app.IActivityManager	193	noteAlarmFinish
android.app.IActivityManager	194	getPackageProcessState
android.app.IActivityManager	195	startBinderTracking
android.app.IActivityManager	196	stopBinderTrackingAndDump
android.app.IActivityManager	197	suppressResizeConfigChanges
android.app.IActivityManager	198	unlockUser
android.app.IActivityManager	199	unlockUser2
android.app.IActivityManager	200	killPackageDependents
android.app.IActivityManager	201	makePackageIdle
android.app.IActivityManager	202	setDeterministicUidIdle
android.app.IActivityManager	203	getMemoryTrimLevel
android.app.IActivityManager	204	isVrModePackageEnabled
android.app.IActivityManager	205	notifyLockedProfile
android.app.IActivityManager	206	startConfirmDeviceCredentialIntent
android.app.IActivityManager	207	sendIdleJobTrigger
android.app.IActivityManager	208	sendIntentSender
android.app.IActivityManager	209	isBackgroundRestricted
android.app.IActivityManager	210	setRenderThread
android.app.IActivityManager	211	setHasTopUi
android.app.IActivityManager	212	cancelTaskWindowTransition
android.app.IActivityManager	213	scheduleApplicationInfoChanged
android.app.IActivityManager	214	setPersistentVrThread
android.app.IActivityManager	215	waitForNetworkStateUpdate
android.app.IActivityManager	216	backgroundAllowlistUid
android.app.IActivityManager	217	startUserInBackgroundWithListener
android.app.IActivityManager	218	startDelegateShellPermissionIdentity
android.app.IActivityManager	219	stopDelegateShellPermissionIdentity
android.app.IActivityManager	220	getDelegatedShellPermissions
android.app.IActivityManager	221	getLifeMonitor
android.app.IActivityManager	222	startUserInForegroundWithListener
android.app.IActivityManager	223	appNotResponding
android.app.IActivityManager	224	getHistoricalProcessStartReasons
android.app.IActivityManager	225	addApplicationStartInfoCompleteListener
android.app.IActivityManager	226	removeApplicationStartInfoCompleteListener
android.app.IActivityManager	227	addStartInfoTimestamp
android.app.IActivityManager	228	reportStartInfoViewTimestamps
android.app.IActivityManager	229	getHistoricalProcessExitReasons
android.app.IActivityManager	230	killProcessesWhenImperceptible
android.app.IActivityManager	231	setActivityLocusContext
android.app.IActivityManager	232	setProcessStateSummary
android.app.IActivityManager	233	isAppFreezerSupported
android.app.IActivityManager	234	isAppFreezerEnabled
android.app.IActivityManager	235	killUidForPermissionChange
android.app.IActivityManager	236	resetAppErrors
android.app.IActivityManager	237	enableAppFreezer
android.app.IActivityManager	238	enableFgsNotificationRateLimit
android.app.IActivityManager	239	holdLock
android.app.IActivityManager	240	startProfile
android.app.IActivityManager	241	stopProfile
android.app.IActivityManager	242	queryIntentComponentsForIntentSender
android.app.IActivityManager	243	getUidProcessCapabilities
android.app.IActivityManager	244	waitForBroadcastIdle
android.app.IActivityManager	245	waitForBroadcastBarrier
android.app.IActivityManager	246	forceDelayBroadcastDelivery
android.app.IActivityManager	247	isProcessFrozen
android.app.IActivityManager	248	getBackgroundRestrictionExemptionReason
android.app.IActivityManager	249	startUserInBackgroundVisibleOnDisplay
android.app.IActivityManager	250	startProfileWithListener
android.app.IActivityManager	251	restartUserInBackground
android.app.IActivityManager	252	getDisplayIdsForStartingVisibleBackgroundUsers
android.app.IActivityManager	253	shouldServiceTimeOut
android.app.IActivityManager	254	hasServiceTimeLimitExceeded
android.app.IActivityManager	255	registerUidFrozenStateChangedCallback
android.app.IActivityManager	256	unregisterUidFrozenStateChangedCallback
android.app.IActivityManager	257	getUidFrozenState
android.app.IActivityManager	258	checkPermissionForDevice
android.app.IActivityManager	259	frozenBinderTransactionDetected
android.app.IActivityManager	260	getBindingUidProcessState
android.app.IActivityManager	261	getUidLastIdleElapsedTime
android.app.IActivityManager	262	addOverridePermissionState
android.app.IActivityManager	263	removeOverridePermissionState
android.app.IActivityManager	264	clearOverridePermissionStates
android.app.IActivityManager	265	clearAllOverridePermissionStates
android.app.IActivityManager	266	noteAppRestrictionEnabled
android.app.IActivityManager	267	refreshIntentCreatorToken
android.app.IActivityPendingResult	1	sendResult
android.app.IActivityTaskManager	1	startActivity
android.app.IActivityTaskManager	2	startActivities
android.app.IActivityTaskManager	3	startActivityAsUser
android.app.IActivityTaskManager	4	startNextMatchingActivity
android.app.IActivityTaskManager	5	startActivityIntentSender
android.app.IActivityTaskManager	6	startActivityAndWait
android.app.IActivityTaskManager	7	startActivityWithConfig
android.app.IActivityTaskManager	8	startVoiceActivity
android.app.IActivityTaskManager	9	getVoiceInteractorPackageName
android.app.IActivityTaskManager	10	startAssistantActivity
android.app.IActivityTaskManager	11	startActivityFromGameSession
android.app.IActivityTaskManager	12	startActivityFromRecents
android.app.IActivityTaskManager	13	startActivityAsCaller
android.app.IActivityTaskManager	14	preloadRecentsActivity
android.app.IActivityTaskManager	15	isActivityStartAllowedOnDisplay
android.app.IActivityTaskManager	16	unhandledBack
android.app.IActivityTaskManager	17	getActivityClientController
android.app.IActivityTaskManager	18	getFrontActivityScreenCompatMode
android.app.IActivityTaskManager	19	setFrontActivityScreenCompatMode
android.app.IActivityTaskManager	20	setFocusedTask
android.app.IActivityTaskManager	21	removeTask
android.app.IActivityTaskManager	22	removeAllVisibleRecentTasks
android.app.IActivityTaskManager	23	getTasks
android.app.IActivityTaskManager	24	moveTaskToFront
android.app.IActivityTaskManager	25	getRecentTasks
android.app.IActivityTaskManager	26	isTopActivityImmersive
android.app.IActivityTaskManager	27	reportAssistContextExtras
android.app.IActivityTaskManager	28	setFocusedRootTask
android.app.IActivityTaskManager	29	getFocusedRootTaskInfo
android.app.IActivityTaskManager	30	getTaskBounds
android.app.IActivityTaskManager	31	focusTopTask
android.app.IActivityTaskManager	32	updateLockTaskPackages
android.app.IActivityTaskManager	33	isInLockTaskMode
android.app.IActivityTaskManager	34	getLockTaskModeState
android.app.IActivityTaskManager	35	getAppTasks
android.app.IActivityTaskManager	36	startSystemLockTaskMode
android.app.IActivityTaskManager	37	stopSystemLockTaskMode
android.app.IActivityTaskManager	38	finishVoiceTask
android.app.IActivityTaskManager	39	addAppTask
android.app.IActivityTaskManager	40	getAppTaskThumbnailSize
android.app.IActivityTaskManager	41	releaseSomeActivities
android.app.IActivityTaskManager	42	getTaskDescriptionIcon
android.app.IActivityTaskManager	43	registerTaskStackListener
android.app.IActivityTaskManager	44	unregisterTaskStackListener
android.app.IActivityTaskManager	45	setTaskResizeable
android.app.IActivityTaskManager	46	resizeTask
android.app.IActivityTaskManager	47	moveRootTaskToDisplay
android.app.IActivityTaskManager	48	moveTaskToRootTask
android.app.IActivityTaskManager	49	removeRootTasksInWindowingModes
android.app.IActivityTaskManager	50	removeRootTasksWithActivityTypes
android.app.IActivityTaskManager	51	getAllRootTaskInfos
android.app.IActivityTaskManager	52	getRootTaskInfo
android.app.IActivityTaskManager	53	getAllRootTaskInfosOnDisplay
android.app.IActivityTaskManager	54	getRootTaskInfoOnDisplay
android.app.IActivityTaskManager	55	setLockScreenShown
android.app.IActivityTaskManager	56	getAssistContextExtras
android.app.IActivityTaskManager	57	requestAssistContextExtras
android.app.IActivityTaskManager	58	requestAutofillData
android.app.IActivityTaskManager	59	isAssistDataAllowed
android.app.IActivityTaskManager	60	requestAssistDataForTask
android.app.IActivityTaskManager	61	keyguardGoingAway
android.app.IActivityTaskManager	62	suppressResizeConfigChanges
android.app.IActivityTaskManager	63	getWindowOrganizerController
android.app.IActivityTaskManager	64	supportsLocalVoiceInteraction
android.app.IActivityTaskManager	65	requestOpenInBrowserEducation
android.app.IActivityTaskManager	66	getDeviceConfigurationInfo
android.app.IActivityTaskManager	67	cancelTaskWindowTransition
android.app.IActivityTaskManager	68	getTaskSnapshot
android.app.IActivityTaskManager	69	takeTaskSnapshot
android.app.IActivityTaskManager	70	getLastResumedActivityUserId
android.app.IActivityTaskManager	71	updateConfiguration
android.app.IActivityTaskManager	72	updateLockTaskFeatures
android.app.IActivityTaskManager	73	registerRemoteAnimationForNextActivityStart
android.app.IActivityTaskManager	74	registerRemoteAnimationsForDisplay
android.app.IActivityTaskManager	75	alwaysShowUnsupportedCompileSdkWarning
android.app.IActivityTaskManager	76	setVrThread
android.app.IActivityTaskManager	77	setPersistentVrThread
android.app.IActivityTaskManager	78	stopAppSwitches
android.app.IActivityTaskManager	79	resumeAppSwitches
android.app.IActivityTaskManager	80	setActivityController
android.app.IActivityTaskManager	81	setVoiceKeepAwake
android.app.IActivityTaskManager	82	getPackageScreenCompatMode
android.app.IActivityTaskManager	83	setPackageScreenCompatMode
android.app.IActivityTaskManager	84	getPackageAskScreenCompat
android.app.IActivityTaskManager	85	setPackageAskScreenCompat
android.app.IActivityTaskManager	86	clearLaunchParamsForPackages
android.app.IActivityTaskManager	87	onSplashScreenViewCopyFinished
android.app.IActivityTaskManager	88	onPictureInPictureUiStateChanged
android.app.IActivityTaskManager	89	detachNavigationBarFromApp
android.app.IActivityTaskManager	90	setRunningRemoteTransitionDelegate
android.app.IActivityTaskManager	91	startBackNavigation
android.app.IActivityTaskManager	92	registerBackgroundActivityStartCallback
android.app.IActivityTaskManager	93	unregisterBackgroundActivityStartCallback
android.app.IActivityTaskManager	94	registerScreenCaptureObserver
android.app.IActivityTaskManager	95	unregisterScreenCaptureObserver
android.app.IAlarmCompleteListener	1	alarmComplete
android.app.IAlarmListener	1	doAlarm
android.app.IAlarmManager	1	set
android.app.IAlarmManager	2	setTime
android.app.IAlarmManager	3	setTimeZone
android.app.IAlarmManager	4	remove
android.app.IAlarmManager	5	removeAll
android.app.IAlarmManager	6	getNextWakeFromIdleTime
android.app.IAlarmManager	7	getNextAlarmClock
android.app.IAlarmManager	8	canScheduleExactAlarms
android.app.IAlarmManager	9	hasScheduleExactAlarm
android.app.IAlarmManager	10	getConfigVersion
android.app.IAppTask	1	finishAndRemoveTask
android.app.IAppTask	2	getTaskInfo
android.app.IAppTask	3	moveToFront
android.app.IAppTask	4	startActivity
android.app.IAppTask	5	setExcludeFromRecents
android.app.IAppTraceRetriever	1	getTraceFileDescriptor
android.app.IApplicationStartInfoCompleteListener	1	onApplicationStartInfoComplete
android.app.IApplicationThread	1	scheduleReceiver
android.app.IApplicationThread	2	scheduleReceiverList
android.app.IApplicationThread	3	scheduleCreateService
android.app.IApplicationThread	4	scheduleStopService
android.app.IApplicationThread	5	bindApplication
android.app.IApplicationThread	6	runIsolatedEntryPoint
android.app.IApplicationThread	7	scheduleExit
android.app.IApplicationThread	8	scheduleServiceArgs
android.app.IApplicationThread	9	updateTimeZone
android.app.IApplicationThread	10	processInBackground
android.app.IApplicationThread	11	scheduleBindService
android.app.IApplicationThread	12	scheduleUnbindService
android.app.IApplicationThread	13	dumpService
android.app.IApplicationThread	14	scheduleRegisteredReceiver
android.app.IApplicationThread	15	scheduleLowMemory
android.app.IApplicationThread	16	profilerControl
android.app.IApplicationThread	17	setSchedulingGroup
android.app.IApplicationThread	18	scheduleCreateBackupAgent
android.app.IApplicationThread	19	scheduleDestroyBackupAgent
android.app.IApplicationThread	20	scheduleOnNewSceneTransitionInfo
android.app.IApplicationThread	21	scheduleSuicide
android.app.IApplicationThread	22	dispatchPackageBroadcast
android.app.IApplicationThread	23	scheduleCrash
android.app.IApplicationThread	24	dumpHeap
android.app.IApplicationThread	25	dumpActivity
android.app.IApplicationThread	26	dumpResources
android.app.IApplicationThread	27	clearDnsCache
android.app.IApplicationThread	28	updateHttpProxy
android.app.IApplicationThread	29	setCoreSettings
android.app.IApplicationThread	30	updatePackageCompatibilityInfo
android.app.IApplicationThread	31	scheduleTrimMemory
android.app.IApplicationThread	32	dumpMemInfo
android.app.IApplicationThread	33	dumpMemInfoProto
android.app.IApplicationThread	34	dumpGfxInfo
android.app.IApplicationThread	35	dumpCacheInfo
android.app.IApplicationThread	36	dumpProvider
android.app.IApplicationThread	37	dumpDbInfo
android.app.IApplicationThread	38	unstableProviderDied
android.app.IApplicationThread	39	requestAssistContextExtras
android.app.IApplicationThread	40	scheduleTranslucentConversionComplete
android.app.IApplicationThread	41	setProcessState
android.app.IApplicationThread	42	scheduleInstallProvider
android.app.IApplicationThread	43	updateTimePrefs
android.app.IApplicationThread	44	scheduleEnterAnimationComplete
android.app.IApplicationThread	45	notifyCleartextNetwork
android.app.IApplicationThread	46	startBinderTracking
android.app.IApplicationThread	47	stopBinderTrackingAndDump
android.app.IApplicationThread	48	scheduleLocalVoiceInteractionStarted
android.app.IApplicationThread	49	handleTrustStorageUpdate
android.app.IApplicationThread	50	attachAgent
android.app.IApplicationThread	51	attachStartupAgents
android.app.IApplicationThread	52	scheduleApplicationInfoChanged
android.app.IApplicationThread	53	setNetworkBlockSeq
android.app.IApplicationThread	54	scheduleTransaction
android.app.IApplicationThread	55	scheduleTaskFragmentTransaction
android.app.IApplicationThread	56	requestDirectActions
android.app.IApplicationThread	57	performDirectAction
android.app.IApplicationThread	58	notifyContentProviderPublishStatus
android.app.IApplicationThread	59	instrumentWithoutRestart
android.app.IApplicationThread	60	updateUiTranslationState
android.app.IApplicationThread	61	scheduleTimeoutService
android.app.IApplicationThread	62	scheduleTimeoutServiceForType
android.app.IApplicationThread	63	schedulePing
android.app.IApplicationThread	64	getExecutableMethodFileOffsets
android.app.IAssistDataReceiver	1	onHandleAssistData
android.app.IAssistDataReceiver	2	onHandleAssistScreenshot
android.app.IBackgroundActivityLaunchCallback	1	onBackgroundActivityLaunchAborted
android.app.IBackupAgent	1	doBackup
android.app.IBackupAgent	2	doRestore
android.app.IBackupAgent	3	doRestoreWithExcludedKeys
android.app.IBackupAgent	4	doFullBackup
android.app.IBackupAgent	5	doMeasureFullBackup
android.app.IBackupAgent	6	doQuotaExceeded
android.app.IBackupAgent	7	doRestoreFile
android.app.IBackupAgent	8	doRestoreFinished
android.app.IBackupAgent	9	fail
android.app.IBackupAgent	10	getLoggerResults
android.app.IBackupAgent	11	getOperationType
android.app.IBackupAgent	12	clearBackupRestoreEventLogger
android.app.ICallNotificationEventCallback	1	onCallNotificationPosted
android.app.ICallNotificationEventCallback	2	onCallNotificationRemoved
android.app.IEphemeralResolver	1	getEphemeralResolveInfoList
android.app.IEphemeralResolver	2	getEphemeralIntentFilterList
android.app.IForegroundServiceObserver	1	onForegroundStateChanged
android.app.IGameManager	1	getGameMode
android.app.IGameManagerService	1	getGameMode
android.app.IGameManagerService	2	setGameMode
android.app.IGameManagerService	3	getAvailableGameModes
android.app.IGameManagerService	4	isAngleEnabled
android.app.IGameManagerService	5	notifyGraphicsEnvironmentSetup
android.app.IGameManagerService	6	setGameState
android.app.IGameManagerService	7	getGameModeInfo
android.app.IGameManagerService	8	setGameServiceProvider
android.app.IGameManagerService	9	updateResolutionScalingFactor
android.app.IGameManagerService	10	getResolutionScalingFactor
android.app.IGameManagerService	11	updateCustomGameModeConfiguration
android.app.IGameManagerService	12	addGameModeListener
android.app.IGameManagerService	13	removeGameModeListener
android.app.IGameManagerService	14	addGameStateListener
android.app.IGameManagerService	15	removeGameStateListener
android.app.IGameManagerService	16	toggleGameDefaultFrameRate
android.app.IGameModeListener	1	onGameModeChanged
android.app.IGameStateListener	1	onGameStateChanged
android.app.IGrammaticalInflectionManager	1	setRequestedApplicationGrammaticalGender
android.app.IGrammaticalInflectionManager	2	setSystemWideGrammaticalGender
android.app.IGrammaticalInflectionManager	3	getSystemGrammaticalGender
android.app.IGrammaticalInflectionManager	4	peekSystemGrammaticalGenderByUserId
android.app.IInstantAppResolver	1	getInstantAppResolveInfoList
android.app.IInstantAppResolver	2	getInstantAppIntentFilterList
android.app.IInstrumentationWatcher	1	instrumentationStatus
android.app.IInstrumentationWatcher	2	instrumentationFinished
android.app.ILocalWallpaperColorConsumer	1	onColorsChanged
android.app.ILocaleManager	1	setApplicationLocales
android.app.ILocaleManager	2	getApplicationLocales
android.app.ILocaleManager	3	getSystemLocales
android.app.ILocaleManager	4	setOverrideLocaleConfig
android.app.ILocaleManager	5	getOverrideLocaleConfig
android.app.INotificationManager	1	cancelAllNotifications
android.app.INotificationManager	2	clearData
android.app.INotificationManager	3	enqueueTextToast
android.app.INotificationManager	4	enqueueToast
android.app.INotificationManager	5	cancelToast
android.app.INotificationManager	6	finishToken
android.app.INotificationManager	7	enqueueNotificationWithTag
android.app.INotificationManager	8	cancelNotificationWithTag
android.app.INotificationManager	9	isInCall
android.app.INotificationManager	10	setShowBadge
android.app.INotificationManager	11	canShowBadge
android.app.INotificationManager	12	hasSentValidMsg
android.app.INotificationManager	13	isInInvalidMsgState
android.app.INotificationManager	14	hasUserDemotedInvalidMsgApp
android.app.INotificationManager	15	setInvalidMsgAppDemoted
android.app.INotificationManager	16	hasSentValidBubble
android.app.INotificationManager	17	setNotificationsEnabledForPackage
android.app.INotificationManager	18	setNotificationsEnabledWithImportanceLockForPackage
android.app.INotificationManager	19	areNotificationsEnabledForPackage
android.app.INotificationManager	20	areNotificationsEnabled
android.app.INotificationManager	21	getPackageImportance
android.app.INotificationManager	22	isImportanceLocked
android.app.INotificationManager	23	getAllowedAssistantAdjustments
android.app.INotificationManager	24	allowAssistantAdjustment
android.app.INotificationManager	25	disallowAssistantAdjustment
android.app.INotificationManager	26	shouldHideSilentStatusIcons
android.app.INotificationManager	27	setHideSilentStatusIcons
android.app.INotificationManager	28	setBubblesAllowed
android.app.INotificationManager	29	areBubblesAllowed
android.app.INotificationManager	30	areBubblesEnabled
android.app.INotificationManager	31	getBubblePreferenceForPackage
android.app.INotificationManager	32	createNotificationChannelGroups
android.app.INotificationManager	33	createNotificationChannels
android.app.INotificationManager	34	createNotificationChannelsForPackage
android.app.INotificationManager	35	getConversations
android.app.INotificationManager	36	getConversationsForPackage
android.app.INotificationManager	37	getNotificationChannelGroupsForPackage
android.app.INotificationManager	38	getNotificationChannelGroupForPackage
android.app.INotificationManager	39	getPopulatedNotificationChannelGroupForPackage
android.app.INotificationManager	40	getRecentBlockedNotificationChannelGroupsForPackage
android.app.INotificationManager	41	updateNotificationChannelGroupForPackage
android.app.INotificationManager	42	updateNotificationChannelForPackage
android.app.INotificationManager	43	unlockNotificationChannel
android.app.INotificationManager	44	unlockAllNotificationChannels
android.app.INotificationManager	45	getNotificationChannel
android.app.INotificationManager	46	getConversationNotificationChannel
android.app.INotificationManager	47	createConversationNotificationChannelForPackage
android.app.INotificationManager	48	getNotificationChannelForPackage
android.app.INotificationManager	49	deleteNotificationChannel
android.app.INotificationManager	50	getNotificationChannels
android.app.INotificationManager	51	getNotificationChannelsForPackage
android.app.INotificationManager	52	getNumNotificationChannelsForPackage
android.app.INotificationManager	53	getDeletedChannelCount
android.app.INotificationManager	54	getBlockedChannelCount
android.app.INotificationManager	55	deleteNotificationChannelGroup
android.app.INotificationManager	56	getNotificationChannelGroup
android.app.INotificationManager	57	getNotificationChannelGroups
android.app.INotificationManager	58	onlyHasDefaultChannel
android.app.INotificationManager	59	areChannelsBypassingDnd
android.app.INotificationManager	60	getNotificationChannelsBypassingDnd
android.app.INotificationManager	61	getPackagesBypassingDnd
android.app.INotificationManager	62	isPackagePaused
android.app.INotificationManager	63	deleteNotificationHistoryItem
android.app.INotificationManager	64	isPermissionFixed
android.app.INotificationManager	65	silenceNotificationSound
android.app.INotificationManager	66	getActiveNotifications
android.app.INotificationManager	67	getActiveNotificationsWithAttribution
android.app.INotificationManager	68	getHistoricalNotifications
android.app.INotificationManager	69	getHistoricalNotificationsWithAttribution
android.app.INotificationManager	70	getNotificationHistory
android.app.INotificationManager	71	registerListener
android.app.INotificationManager	72	unregisterListener
android.app.INotificationManager	73	cancelNotificationFromListener
android.app.INotificationManager	74	cancelNotificationsFromListener
android.app.INotificationManager	75	snoozeNotificationUntilContextFromListener
android.app.INotificationManager	76	snoozeNotificationUntilFromListener
android.app.INotificationManager	77	requestBindListener
android.app.INotificationManager	78	requestUnbindListener
android.app.INotificationManager	79	requestUnbindListenerComponent
android.app.INotificationManager	80	requestBindProvider
android.app.INotificationManager	81	requestUnbindProvider
android.app.INotificationManager	82	setNotificationsShownFromListener
android.app.INotificationManager	83	getActiveNotificationsFromListener
android.app.INotificationManager	84	getSnoozedNotificationsFromListener
android.app.INotificationManager	85	clearRequestedListenerHints
android.app.INotificationManager	86	requestHintsFromListener
android.app.INotificationManager	87	getHintsFromListener
android.app.INotificationManager	88	getHintsFromListenerNoToken
android.app.INotificationManager	89	requestInterruptionFilterFromListener
android.app.INotificationManager	90	getInterruptionFilterFromListener
android.app.INotificationManager	91	setOnNotificationPostedTrimFromListener
android.app.INotificationManager	92	setInterruptionFilter
android.app.INotificationManager	93	createConversationNotificationChannelForPackageFromPrivilegedListener
android.app.INotificationManager	94	updateNotificationChannelGroupFromPrivilegedListener
android.app.INotificationManager	95	updateNotificationChannelFromPrivilegedListener
android.app.INotificationManager	96	getNotificationChannelsFromPrivilegedListener
android.app.INotificationManager	97	getNotificationChannelGroupsFromPrivilegedListener
android.app.INotificationManager	98	applyEnqueuedAdjustmentFromAssistant
android.app.INotificationManager	99	applyAdjustmentFromAssistant
android.app.INotificationManager	100	applyAdjustmentsFromAssistant
android.app.INotificationManager	101	unsnoozeNotificationFromAssistant
android.app.INotificationManager	102	unsnoozeNotificationFromSystemListener
android.app.INotificationManager	103	getEffectsSuppressor
android.app.INotificationManager	104	matchesCallFilter
android.app.INotificationManager	105	cleanUpCallersAfter
android.app.INotificationManager	106	isSystemConditionProviderEnabled
android.app.INotificationManager	107	isNotificationListenerAccessGranted
android.app.INotificationManager	108	isNotificationListenerAccessGrantedForUser
android.app.INotificationManager	109	isNotificationAssistantAccessGranted
android.app.INotificationManager	110	setNotificationListenerAccessGranted
android.app.INotificationManager	111	setNotificationAssistantAccessGranted
android.app.INotificationManager	112	setNotificationListenerAccessGrantedForUser
android.app.INotificationManager	113	setNotificationAssistantAccessGrantedForUser
android.app.INotificationManager	114	getEnabledNotificationListenerPackages
android.app.INotificationManager	115	getEnabledNotificationListeners
android.app.INotificationManager	116	getAllowedNotificationAssistantForUser
android.app.INotificationManager	117	getAllowedNotificationAssistant
android.app.INotificationManager	118	getDefaultNotificationAssistant
android.app.INotificationManager	119	setNASMigrationDoneAndResetDefault
android.app.INotificationManager	120	hasEnabledNotificationListener
android.app.INotificationManager	121	getZenMode
android.app.INotificationManager	122	getZenModeConfig
android.app.INotificationManager	123	getConsolidatedNotificationPolicy
android.app.INotificationManager	124	setZenMode
android.app.INotificationManager	125	notifyConditions
android.app.INotificationManager	126	isNotificationPolicyAccessGranted
android.app.INotificationManager	127	getNotificationPolicy
android.app.INotificationManager	128	setNotificationPolicy
android.app.INotificationManager	129	isNotificationPolicyAccessGrantedForPackage
android.app.INotificationManager	130	setNotificationPolicyAccessGranted
android.app.INotificationManager	131	setNotificationPolicyAccessGrantedForUser
android.app.INotificationManager	132	getDefaultZenPolicy
android.app.INotificationManager	133	getAutomaticZenRule
android.app.INotificationManager	134	getAutomaticZenRules
android.app.INotificationManager	135	getZenRules
android.app.INotificationManager	136	addAutomaticZenRule
android.app.INotificationManager	137	updateAutomaticZenRule
android.app.INotificationManager	138	removeAutomaticZenRule
android.app.INotificationManager	139	removeAutomaticZenRules
android.app.INotificationManager	140	getRuleInstanceCount
android.app.INotificationManager	141	getAutomaticZenRuleState
android.app.INotificationManager	142	setAutomaticZenRuleState
android.app.INotificationManager	143	setManualZenRuleDeviceEffects
android.app.INotificationManager	144	getBackupPayload
android.app.INotificationManager	145	applyRestore
android.app.INotificationManager	146	getAppActiveNotifications
android.app.INotificationManager	147	setNotificationDelegate
android.app.INotificationManager	148	getNotificationDelegate
android.app.INotificationManager	149	canNotifyAsPackage
android.app.INotificationManager	150	canUseFullScreenIntent
android.app.INotificationManager	151	setPrivateNotificationsAllowed
android.app.INotificationManager	152	getPrivateNotificationsAllowed
android.app.INotificationManager	153	pullStats
android.app.INotificationManager	154	getListenerFilter
android.app.INotificationManager	155	setListenerFilter
android.app.INotificationManager	156	migrateNotificationFilter
android.app.INotificationManager	157	setToastRateLimitingEnabled
android.app.INotificationManager	158	registerCallNotificationEventListener
android.app.INotificationManager	159	unregisterCallNotificationEventListener
android.app.INotificationManager	160	setCanBePromoted
android.app.INotificationManager	161	appCanBePromoted
android.app.INotificationManager	162	canBePromoted
android.app.INotificationManager	163	setAdjustmentTypeSupportedState
android.app.INotificationManager	164	getUnsupportedAdjustmentTypes
android.app.INotificationManager	165	getAllowedAdjustmentKeyTypes
android.app.INotificationManager	166	setAssistantAdjustmentKeyTypeState
android.app.INotificationManager	167	getTypeAdjustmentDeniedPackages
android.app.INotificationManager	168	setTypeAdjustmentForPackageState
android.app.IOnProjectionStateChangedListener	1	onProjectionStateChanged
android.app.IParcelFileDescriptorRetriever	1	getPfd
android.app.IProcessObserver	1	onProcessStarted
android.app.IProcessObserver	2	onForegroundActivitiesChanged
android.app.IProcessObserver	3	onForegroundServicesChanged
android.app.IProcessObserver	4	onProcessDied
android.app.IRequestFinishCallback	1	requestFinish
android.app.IScreenCaptureObserver	1	onScreenCaptured
android.app.ISearchManager	1	getSearchableInfo
android.app.ISearchManager	2	getSearchablesInGlobalSearch
android.app.ISearchManager	3	getGlobalSearchActivities
android.app.ISearchManager	4	getGlobalSearchActivity
android.app.ISearchManager	5	getWebSearchActivity
android.app.ISearchManager	6	launchAssist
android.app.ISearchManagerCallback	1	onDismiss
android.app.ISearchManagerCallback	2	onCancel
android.app.IServiceConnection	1	connected
android.app.IStopUserCallback	1	userStopped
android.app.IStopUserCallback	2	userStopAborted
android.app.ITaskStackListener	1	onTaskStackChanged
android.app.ITaskStackListener	2	onActivityPinned
android.app.ITaskStackListener	3	onActivityUnpinned
android.app.ITaskStackListener	4	onActivityRestartAttempt
android.app.ITaskStackListener	5	onActivityForcedResizable
android.app.ITaskStackListener	6	onActivityDismissingDockedTask
android.app.ITaskStackListener	7	onActivityLaunchOnSecondaryDisplayFailed
android.app.ITaskStackListener	8	onActivityLaunchOnSecondaryDisplayRerouted
android.app.ITaskStackListener	9	onTaskCreated
android.app.ITaskStackListener	10	onTaskRemoved
android.app.ITaskStackListener	11	onTaskMovedToFront
android.app.ITaskStackListener	12	onTaskDescriptionChanged
android.app.ITaskStackListener	13	onActivityRequestedOrientationChanged
android.app.ITaskStackListener	14	onTaskRemovalStarted
android.app.ITaskStackListener	15	onTaskProfileLocked
android.app.ITaskStackListener	16	onTaskSnapshotChanged
android.app.ITaskStackListener	17	onTaskSnapshotInvalidated
android.app.ITaskStackListener	18	onBackPressedOnTaskRoot
android.app.ITaskStackListener	19	onTaskDisplayChanged
android.app.ITaskStackListener	20	onRecentTaskListUpdated
android.app.ITaskStackListener	21	onRecentTaskListFrozenChanged
android.app.ITaskStackListener	22	onRecentTaskRemovedForAddTask
android.app.ITaskStackListener	23	onTaskFocusChanged
android.app.ITaskStackListener	24	onTaskRequestedOrientationChanged
android.app.ITaskStackListener	25	onActivityRotation
android.app.ITaskStackListener	26	onTaskMovedToBack
android.app.ITaskStackListener	27	onLockTaskModeChanged
android.app.ITransientNotification	1	show
android.app.ITransientNotification	2	hide
android.app.ITransientNotificationCallback	1	onToastShown
android.app.ITransientNotificationCallback	2	onToastHidden
android.app.IUiAutomationConnection	1	connect
android.app.IUiAutomationConnection	2	disconnect
android.app.IUiAutomationConnection	3	injectInputEvent
android.app.IUiAutomationConnection	4	injectInputEventToInputFilter
android.app.IUiAutomationConnection	5	syncInputTransactions
android.app.IUiAutomationConnection	6	setRotation
android.app.IUiAutomationConnection	7	takeScreenshot
android.app.IUiAutomationConnection	8	takeSurfaceControlScreenshot
android.app.IUiAutomationConnection	9	clearWindowContentFrameStats
android.app.IUiAutomationConnection	10	getWindowContentFrameStats
android.app.IUiAutomationConnection	11	clearWindowAnimationFrameStats
android.app.IUiAutomationConnection	12	getWindowAnimationFrameStats
android.app.IUiAutomationConnection	13	executeShellCommand
android.app.IUiAutomationConnection	14	grantRuntimePermission
android.app.IUiAutomationConnection	15	revokeRuntimePermission
android.app.IUiAutomationConnection	16	adoptShellPermissionIdentity
android.app.IUiAutomationConnection	17	dropShellPermissionIdentity
android.app.IUiAutomationConnection	18	shutdown
android.app.IUiAutomationConnection	19	executeShellCommandWithStderr
android.app.IUiAutomationConnection	20	executeShellCommandArrayWithStderr
android.app.IUiAutomationConnection	21	getAdoptedShellPermissions
android.app.IUiAutomationConnection	22	addOverridePermissionState
android.app.IUiAutomationConnection	23	removeOverridePermissionState
android.app.IUiAutomationConnection	24	clearOverridePermissionStates
android.app.IUiAutomationConnection	25	clearAllOverridePermissionStates
android.app.IUiModeManager	1	addCallback
android.app.IUiModeManager	2	enableCarMode
android.app.IUiModeManager	3	disableCarMode
android.app.IUiModeManager	4	disableCarModeByCallingPackage
android.app.IUiModeManager	5	getCurrentModeType
android.app.IUiModeManager	6	setNightMode
android.app.IUiModeManager	7	getNightMode
android.app.IUiModeManager	8	setNightModeCustomType
android.app.IUiModeManager	9	getNightModeCustomType
android.app.IUiModeManager	10	setAttentionModeThemeOverlay
android.app.IUiModeManager	11	getAttentionModeThemeOverlay
android.app.IUiModeManager	12	setApplicationNightMode
android.app.IUiModeManager	13	isUiModeLocked
android.app.IUiModeManager	14	isNightModeLocked
android.app.IUiModeManager	15	setNightModeActivatedForCustomMode
android.app.IUiModeManager	16	setNightModeActivated
android.app.IUiModeManager	17	getCustomNightModeStart
android.app.IUiModeManager	18	setCustomNightModeStart
android.app.IUiModeManager	19	getCustomNightModeEnd
android.app.IUiModeManager	20	setCustomNightModeEnd
android.app.IUiModeManager	21	requestProjection
android.app.IUiModeManager	22	releaseProjection
android.app.IUiModeManager	23	addOnProjectionStateChangedListener
android.app.IUiModeManager	24	removeOnProjectionStateChangedListener
android.app.IUiModeManager	25	getProjectingPackages
android.app.IUiModeManager	26	getActiveProjectionTypes
android.app.IUiModeManager	27	getContrast
android.app.IUiModeManagerCallback	1	notifyContrastChanged
android.app.IUidFrozenStateChangedCallback	1	onUidFrozenStateChanged
android.app.IUidObserver	1	onUidGone
android.app.IUidObserver	2	onUidActive
android.app.IUidObserver	3	onUidIdle
android.app.IUidObserver	4	onUidStateChanged
android.app.IUidObserver	5	onUidProcAdjChanged
android.app.IUidObserver	6	onUidCachedChanged
android.app.IUnsafeIntentStrictModeCallback	1	onUnsafeIntent
android.app.IUriGrantsManager	1	takePersistableUriPermission
android.app.IUriGrantsManager	2	releasePersistableUriPermission
android.app.IUriGrantsManager	3	grantUriPermissionFromOwner
android.app.IUriGrantsManager	4	getGrantedUriPermissions
android.app.IUriGrantsManager	5	clearGrantedUriPermissions
android.app.IUriGrantsManager	6	getUriPermissions
android.app.IUriGrantsManager	7	checkGrantUriPermission_ignoreNonSystem
android.app.IUserSwitchObserver	1	onBeforeUserSwitching
android.app.IUserSwitchObserver	2	onUserSwitching
android.app.IUserSwitchObserver	3	onUserSwitchComplete
android.app.IUserSwitchObserver	4	onForegroundProfileSwitch
android.app.IUserSwitchObserver	5	onLockedBootComplete
android.app.IWallpaperManager	1	setWallpaper
android.app.IWallpaperManager	2	setWallpaperComponentChecked
android.app.IWallpaperManager	3	setWallpaperComponent
android.app.IWallpaperManager	4	getWallpaper
android.app.IWallpaperManager	5	getWallpaperWithFeature
android.app.IWallpaperManager	6	getBitmapCrops
android.app.IWallpaperManager	7	getCurrentBitmapCrops
android.app.IWallpaperManager	8	getFutureBitmapCrops
android.app.IWallpaperManager	9	getBitmapCrop
android.app.IWallpaperManager	10	getWallpaperIdForUser
android.app.IWallpaperManager	11	getWallpaperInfo
android.app.IWallpaperManager	12	getWallpaperInfoWithFlags
android.app.IWallpaperManager	13	getWallpaperInstance
android.app.IWallpaperManager	14	getWallpaperInfoFile
android.app.IWallpaperManager	15	clearWallpaper
android.app.IWallpaperManager	16	hasNamedWallpaper
android.app.IWallpaperManager	17	setDimensionHints
android.app.IWallpaperManager	18	getWidthHint
android.app.IWallpaperManager	19	getHeightHint
android.app.IWallpaperManager	20	setDisplayPadding
android.app.IWallpaperManager	21	getName
android.app.IWallpaperManager	22	settingsRestored
android.app.IWallpaperManager	23	isWallpaperSupported
android.app.IWallpaperManager	24	isSetWallpaperAllowed
android.app.IWallpaperManager	25	isWallpaperBackupEligible
android.app.IWallpaperManager	26	getWallpaperColors
android.app.IWallpaperManager	27	removeOnLocalColorsChangedListener
android.app.IWallpaperManager	28	addOnLocalColorsChangedListener
android.app.IWallpaperManager	29	registerWallpaperColorsCallback
android.app.IWallpaperManager	30	unregisterWallpaperColorsCallback
android.app.IWallpaperManager	31	setInAmbientMode
android.app.IWallpaperManager	32	notifyWakingUp
android.app.IWallpaperManager	33	notifyGoingToSleep
android.app.IWallpaperManager	34	setWallpaperDimAmount
android.app.IWallpaperManager	35	getWallpaperDimAmount
android.app.IWallpaperManager	36	lockScreenWallpaperExists
android.app.IWallpaperManager	37	isStaticWallpaper
android.app.IWallpaperManagerCallback	1	onWallpaperChanged
android.app.IWallpaperManagerCallback	2	onWallpaperColorsChanged
android.app.admin.IAuditLogEventsCallback	1	onNewAuditLogEvents
android.app.admin.IDevicePolicyManager	1	setPasswordQuality
android.app.admin.IDevicePolicyManager	2	getPasswordQuality
android.app.admin.IDevicePolicyManager	3	setPasswordMinimumLength
android.app.admin.IDevicePolicyManager	4	getPasswordMinimumLength
android.app.admin.IDevicePolicyManager	5	setPasswordMinimumUpperCase
android.app.admin.IDevicePolicyManager	6	getPasswordMinimumUpperCase
android.app.admin.IDevicePolicyManager	7	setPasswordMinimumLowerCase
android.app.admin.IDevicePolicyManager	8	getPasswordMinimumLowerCase
android.app.admin.IDevicePolicyManager	9	setPasswordMinimumLetters
android.app.admin.IDevicePolicyManager	10	getPasswordMinimumLetters
android.app.admin.IDevicePolicyManager	11	setPasswordMinimumNumeric
android.app.admin.IDevicePolicyManager	12	getPasswordMinimumNumeric
android.app.admin.IDevicePolicyManager	13	setPasswordMinimumSymbols
android.app.admin.IDevicePolicyManager	14	getPasswordMinimumSymbols
android.app.admin.IDevicePolicyManager	15	setPasswordMinimumNonLetter
android.app.admin.IDevicePolicyManager	16	getPasswordMinimumNonLetter
android.app.admin.IDevicePolicyManager	17	getPasswordMinimumMetrics
android.app.admin.IDevicePolicyManager	18	setPasswordHistoryLength
android.app.admin.IDevicePolicyManager	19	getPasswordHistoryLength
android.app.admin.IDevicePolicyManager	20	setPasswordExpirationTimeout
android.app.admin.IDevicePolicyManager	21	getPasswordExpirationTimeout
android.app.admin.IDevicePolicyManager	22	getPasswordExpiration
android.app.admin.IDevicePolicyManager	23	isActivePasswordSufficient
android.app.admin.IDevicePolicyManager	24	isActivePasswordSufficientForDeviceRequirement
android.app.admin.IDevicePolicyManager	25	isPasswordSufficientAfterProfileUnification
android.app.admin.IDevicePolicyManager	26	getPasswordComplexity
android.app.admin.IDevicePolicyManager	27	setRequiredPasswordComplexity
android.app.admin.IDevicePolicyManager	28	getRequiredPasswordComplexity
android.app.admin.IDevicePolicyManager	29	getAggregatedPasswordComplexityForUser
android.app.admin.IDevicePolicyManager	30	isUsingUnifiedPassword
android.app.admin.IDevicePolicyManager	31	getCurrentFailedPasswordAttempts
android.app.admin.IDevicePolicyManager	32	getProfileWithMinimumFailedPasswordsForWipe
android.app.admin.IDevicePolicyManager	33	setMaximumFailedPasswordsForWipe
android.app.admin.IDevicePolicyManager	34	getMaximumFailedPasswordsForWipe
android.app.admin.IDevicePolicyManager	35	resetPassword
android.app.admin.IDevicePolicyManager	36	setMaximumTimeToLock
android.app.admin.IDevicePolicyManager	37	getMaximumTimeToLock
android.app.admin.IDevicePolicyManager	38	setRequiredStrongAuthTimeout
android.app.admin.IDevicePolicyManager	39	getRequiredStrongAuthTimeout
android.app.admin.IDevicePolicyManager	40	lockNow
android.app.admin.IDevicePolicyManager	41	wipeDataWithReason
android.app.admin.IDevicePolicyManager	42	setFactoryResetProtectionPolicy
android.app.admin.IDevicePolicyManager	43	getFactoryResetProtectionPolicy
android.app.admin.IDevicePolicyManager	44	isFactoryResetProtectionPolicySupported
android.app.admin.IDevicePolicyManager	45	sendLostModeLocationUpdate
android.app.admin.IDevicePolicyManager	46	setGlobalProxy
android.app.admin.IDevicePolicyManager	47	getGlobalProxyAdmin
android.app.admin.IDevicePolicyManager	48	setRecommendedGlobalProxy
android.app.admin.IDevicePolicyManager	49	setStorageEncryption
android.app.admin.IDevicePolicyManager	50	getStorageEncryption
android.app.admin.IDevicePolicyManager	51	getStorageEncryptionStatus
android.app.admin.IDevicePolicyManager	52	requestBugreport
android.app.admin.IDevicePolicyManager	53	setCameraDisabled
android.app.admin.IDevicePolicyManager	54	getCameraDisabled
android.app.admin.IDevicePolicyManager	55	setScreenCaptureDisabled
android.app.admin.IDevicePolicyManager	56	getScreenCaptureDisabled
android.app.admin.IDevicePolicyManager	57	setNearbyNotificationStreamingPolicy
android.app.admin.IDevicePolicyManager	58	getNearbyNotificationStreamingPolicy
android.app.admin.IDevicePolicyManager	59	setNearbyAppStreamingPolicy
android.app.admin.IDevicePolicyManager	60	getNearbyAppStreamingPolicy
android.app.admin.IDevicePolicyManager	61	setKeyguardDisabledFeatures
android.app.admin.IDevicePolicyManager	62	getKeyguardDisabledFeatures
android.app.admin.IDevicePolicyManager	63	setActiveAdmin
android.app.admin.IDevicePolicyManager	64	isAdminActive
android.app.admin.IDevicePolicyManager	65	getActiveAdmins
android.app.admin.IDevicePolicyManager	66	packageHasActiveAdmins
android.app.admin.IDevicePolicyManager	67	getRemoveWarning
android.app.admin.IDevicePolicyManager	68	removeActiveAdmin
android.app.admin.IDevicePolicyManager	69	forceRemoveActiveAdmin
android.app.admin.IDevicePolicyManager	70	hasGrantedPolicy
android.app.admin.IDevicePolicyManager	71	reportPasswordChanged
android.app.admin.IDevicePolicyManager	72	reportFailedPasswordAttempt
android.app.admin.IDevicePolicyManager	73	reportSuccessfulPasswordAttempt
android.app.admin.IDevicePolicyManager	74	reportFailedBiometricAttempt
android.app.admin.IDevicePolicyManager	75	reportSuccessfulBiometricAttempt
android.app.admin.IDevicePolicyManager	76	reportKeyguardDismissed
android.app.admin.IDevicePolicyManager	77	reportKeyguardSecured
android.app.admin.IDevicePolicyManager	78	setDeviceOwner
android.app.admin.IDevicePolicyManager	79	getDeviceOwnerComponent
android.app.admin.IDevicePolicyManager	80	getDeviceOwnerComponentOnUser
android.app.admin.IDevicePolicyManager	81	hasDeviceOwner
android.app.admin.IDevicePolicyManager	82	getDeviceOwnerName
android.app.admin.IDevicePolicyManager	83	clearDeviceOwner
android.app.admin.IDevicePolicyManager	84	getDeviceOwnerUserId
android.app.admin.IDevicePolicyManager	85	setProfileOwner
android.app.admin.IDevicePolicyManager	86	getProfileOwnerAsUser
android.app.admin.IDevicePolicyManager	87	getProfileOwnerOrDeviceOwnerSupervisionComponent
android.app.admin.IDevicePolicyManager	88	isSupervisionComponent
android.app.admin.IDevicePolicyManager	89	getProfileOwnerName
android.app.admin.IDevicePolicyManager	90	setProfileEnabled
android.app.admin.IDevicePolicyManager	91	setProfileName
android.app.admin.IDevicePolicyManager	92	clearProfileOwner
android.app.admin.IDevicePolicyManager	93	hasUserSetupCompleted
android.app.admin.IDevicePolicyManager	94	isOrganizationOwnedDeviceWithManagedProfile
android.app.admin.IDevicePolicyManager	95	checkDeviceIdentifierAccess
android.app.admin.IDevicePolicyManager	96	setDeviceOwnerLockScreenInfo
android.app.admin.IDevicePolicyManager	97	getDeviceOwnerLockScreenInfo
android.app.admin.IDevicePolicyManager	98	setPackagesSuspended
android.app.admin.IDevicePolicyManager	99	isPackageSuspended
android.app.admin.IDevicePolicyManager	100	listPolicyExemptApps
android.app.admin.IDevicePolicyManager	101	installCaCert
android.app.admin.IDevicePolicyManager	102	uninstallCaCerts
android.app.admin.IDevicePolicyManager	103	enforceCanManageCaCerts
android.app.admin.IDevicePolicyManager	104	approveCaCert
android.app.admin.IDevicePolicyManager	105	isCaCertApproved
android.app.admin.IDevicePolicyManager	106	installKeyPair
android.app.admin.IDevicePolicyManager	107	removeKeyPair
android.app.admin.IDevicePolicyManager	108	hasKeyPair
android.app.admin.IDevicePolicyManager	109	generateKeyPair
android.app.admin.IDevicePolicyManager	110	setKeyPairCertificate
android.app.admin.IDevicePolicyManager	111	choosePrivateKeyAlias
android.app.admin.IDevicePolicyManager	112	setDelegatedScopes
android.app.admin.IDevicePolicyManager	113	getDelegatedScopes
android.app.admin.IDevicePolicyManager	114	getDelegatePackages
android.app.admin.IDevicePolicyManager	115	setCertInstallerPackage
android.app.admin.IDevicePolicyManager	116	getCertInstallerPackage
android.app.admin.IDevicePolicyManager	117	setAlwaysOnVpnPackage
android.app.admin.IDevicePolicyManager	118	getAlwaysOnVpnPackage
android.app.admin.IDevicePolicyManager	119	getAlwaysOnVpnPackageForUser
android.app.admin.IDevicePolicyManager	120	isAlwaysOnVpnLockdownEnabled
android.app.admin.IDevicePolicyManager	121	isAlwaysOnVpnLockdownEnabledForUser
android.app.admin.IDevicePolicyManager	122	getAlwaysOnVpnLockdownAllowlist
android.app.admin.IDevicePolicyManager	123	addPersistentPreferredActivity
android.app.admin.IDevicePolicyManager	124	clearPackagePersistentPreferredActivities
android.app.admin.IDevicePolicyManager	125	setDefaultSmsApplication
android.app.admin.IDevicePolicyManager	126	setDefaultDialerApplication
android.app.admin.IDevicePolicyManager	127	setApplicationRestrictions
android.app.admin.IDevicePolicyManager	128	getApplicationRestrictions
android.app.admin.IDevicePolicyManager	129	setApplicationRestrictionsManagingPackage
android.app.admin.IDevicePolicyManager	130	getApplicationRestrictionsManagingPackage
android.app.admin.IDevicePolicyManager	131	isCallerApplicationRestrictionsManagingPackage
android.app.admin.IDevicePolicyManager	132	setRestrictionsProvider
android.app.admin.IDevicePolicyManager	133	getRestrictionsProvider
android.app.admin.IDevicePolicyManager	134	setUserRestriction
android.app.admin.IDevicePolicyManager	135	setUserRestrictionForUser
android.app.admin.IDevicePolicyManager	136	setUserRestrictionGlobally
android.app.admin.IDevicePolicyManager	137	setUserRestrictionGloballyFromSystem
android.app.admin.IDevicePolicyManager	138	getUserRestrictions
android.app.admin.IDevicePolicyManager	139	getUserRestrictionsGlobally
android.app.admin.IDevicePolicyManager	140	addCrossProfileIntentFilter
android.app.admin.IDevicePolicyManager	141	clearCrossProfileIntentFilters
android.app.admin.IDevicePolicyManager	142	setPermittedAccessibilityServices
android.app.admin.IDevicePolicyManager	143	getPermittedAccessibilityServices
android.app.admin.IDevicePolicyManager	144	getPermittedAccessibilityServicesForUser
android.app.admin.IDevicePolicyManager	145	isAccessibilityServicePermittedByAdmin
android.app.admin.IDevicePolicyManager	146	setPermittedInputMethods
android.app.admin.IDevicePolicyManager	147	getPermittedInputMethods
android.app.admin.IDevicePolicyManager	148	getPermittedInputMethodsAsUser
android.app.admin.IDevicePolicyManager	149	isInputMethodPermittedByAdmin
android.app.admin.IDevicePolicyManager	150	setPermittedCrossProfileNotificationListeners
android.app.admin.IDevicePolicyManager	151	getPermittedCrossProfileNotificationListeners
android.app.admin.IDevicePolicyManager	152	isNotificationListenerServicePermitted
android.app.admin.IDevicePolicyManager	153	createAdminSupportIntent
android.app.admin.IDevicePolicyManager	154	getEnforcingAdminAndUserDetails
android.app.admin.IDevicePolicyManager	155	getEnforcingAdmin
android.app.admin.IDevicePolicyManager	156	getEnforcingAdminsForRestriction
android.app.admin.IDevicePolicyManager	157	setApplicationHidden
android.app.admin.IDevicePolicyManager	158	isApplicationHidden
android.app.admin.IDevicePolicyManager	159	createAndManageUser
android.app.admin.IDevicePolicyManager	160	removeUser
android.app.admin.IDevicePolicyManager	161	switchUser
android.app.admin.IDevicePolicyManager	162	startUserInBackground
android.app.admin.IDevicePolicyManager	163	stopUser
android.app.admin.IDevicePolicyManager	164	logoutUser
android.app.admin.IDevicePolicyManager	165	logoutUserInternal
android.app.admin.IDevicePolicyManager	166	getLogoutUserId
android.app.admin.IDevicePolicyManager	167	getSecondaryUsers
android.app.admin.IDevicePolicyManager	168	acknowledgeNewUserDisclaimer
android.app.admin.IDevicePolicyManager	169	isNewUserDisclaimerAcknowledged
android.app.admin.IDevicePolicyManager	170	enableSystemApp
android.app.admin.IDevicePolicyManager	171	enableSystemAppWithIntent
android.app.admin.IDevicePolicyManager	172	installExistingPackage
android.app.admin.IDevicePolicyManager	173	setAccountManagementDisabled
android.app.admin.IDevicePolicyManager	174	getAccountTypesWithManagementDisabled
android.app.admin.IDevicePolicyManager	175	getAccountTypesWithManagementDisabledAsUser
android.app.admin.IDevicePolicyManager	176	setSecondaryLockscreenEnabled
android.app.admin.IDevicePolicyManager	177	isSecondaryLockscreenEnabled
android.app.admin.IDevicePolicyManager	178	setPreferentialNetworkServiceConfigs
android.app.admin.IDevicePolicyManager	179	getPreferentialNetworkServiceConfigs
android.app.admin.IDevicePolicyManager	180	setLockTaskPackages
android.app.admin.IDevicePolicyManager	181	getLockTaskPackages
android.app.admin.IDevicePolicyManager	182	isLockTaskPermitted
android.app.admin.IDevicePolicyManager	183	setLockTaskFeatures
android.app.admin.IDevicePolicyManager	184	getLockTaskFeatures
android.app.admin.IDevicePolicyManager	185	setGlobalSetting
android.app.admin.IDevicePolicyManager	186	setSystemSetting
android.app.admin.IDevicePolicyManager	187	setSecureSetting
android.app.admin.IDevicePolicyManager	188	setConfiguredNetworksLockdownState
android.app.admin.IDevicePolicyManager	189	hasLockdownAdminConfiguredNetworks
android.app.admin.IDevicePolicyManager	190	setLocationEnabled
android.app.admin.IDevicePolicyManager	191	setTime
android.app.admin.IDevicePolicyManager	192	setTimeZone
android.app.admin.IDevicePolicyManager	193	setMasterVolumeMuted
android.app.admin.IDevicePolicyManager	194	isMasterVolumeMuted
android.app.admin.IDevicePolicyManager	195	notifyLockTaskModeChanged
android.app.admin.IDevicePolicyManager	196	setUninstallBlocked
android.app.admin.IDevicePolicyManager	197	isUninstallBlocked
android.app.admin.IDevicePolicyManager	198	setCrossProfileCallerIdDisabled
android.app.admin.IDevicePolicyManager	199	getCrossProfileCallerIdDisabled
android.app.admin.IDevicePolicyManager	200	getCrossProfileCallerIdDisabledForUser
android.app.admin.IDevicePolicyManager	201	setCrossProfileContactsSearchDisabled
android.app.admin.IDevicePolicyManager	202	getCrossProfileContactsSearchDisabled
android.app.admin.IDevicePolicyManager	203	getCrossProfileContactsSearchDisabledForUser
android.app.admin.IDevicePolicyManager	204	startManagedQuickContact
android.app.admin.IDevicePolicyManager	205	setManagedProfileCallerIdAccessPolicy
android.app.admin.IDevicePolicyManager	206	getManagedProfileCallerIdAccessPolicy
android.app.admin.IDevicePolicyManager	207	hasManagedProfileCallerIdAccess
android.app.admin.IDevicePolicyManager	208	setCredentialManagerPolicy
android.app.admin.IDevicePolicyManager	209	getCredentialManagerPolicy
android.app.admin.IDevicePolicyManager	210	setManagedProfileContactsAccessPolicy
android.app.admin.IDevicePolicyManager	211	getManagedProfileContactsAccessPolicy
android.app.admin.IDevicePolicyManager	212	hasManagedProfileContactsAccess
android.app.admin.IDevicePolicyManager	213	setBluetoothContactSharingDisabled
android.app.admin.IDevicePolicyManager	214	getBluetoothContactSharingDisabled
android.app.admin.IDevicePolicyManager	215	getBluetoothContactSharingDisabledForUser
android.app.admin.IDevicePolicyManager	216	setTrustAgentConfiguration
android.app.admin.IDevicePolicyManager	217	getTrustAgentConfiguration
android.app.admin.IDevicePolicyManager	218	addCrossProfileWidgetProvider
android.app.admin.IDevicePolicyManager	219	removeCrossProfileWidgetProvider
android.app.admin.IDevicePolicyManager	220	getCrossProfileWidgetProviders
android.app.admin.IDevicePolicyManager	221	setAutoTimeRequired
android.app.admin.IDevicePolicyManager	222	getAutoTimeRequired
android.app.admin.IDevicePolicyManager	223	setAutoTimeEnabled
android.app.admin.IDevicePolicyManager	224	getAutoTimeEnabled
android.app.admin.IDevicePolicyManager	225	setAutoTimePolicy
android.app.admin.IDevicePolicyManager	226	getAutoTimePolicy
android.app.admin.IDevicePolicyManager	227	setAutoTimeZoneEnabled
android.app.admin.IDevicePolicyManager	228	getAutoTimeZoneEnabled
android.app.admin.IDevicePolicyManager	229	setAutoTimeZonePolicy
android.app.admin.IDevicePolicyManager	230	getAutoTimeZonePolicy
android.app.admin.IDevicePolicyManager	231	setForceEphemeralUsers
android.app.admin.IDevicePolicyManager	232	getForceEphemeralUsers
android.app.admin.IDevicePolicyManager	233	isRemovingAdmin
android.app.admin.IDevicePolicyManager	234	setUserIcon
android.app.admin.IDevicePolicyManager	235	setSystemUpdatePolicy
android.app.admin.IDevicePolicyManager	236	getSystemUpdatePolicy
android.app.admin.IDevicePolicyManager	237	clearSystemUpdatePolicyFreezePeriodRecord
android.app.admin.IDevicePolicyManager	238	setKeyguardDisabled
android.app.admin.IDevicePolicyManager	239	setStatusBarDisabled
android.app.admin.IDevicePolicyManager	240	isStatusBarDisabled
android.app.admin.IDevicePolicyManager	241	getDoNotAskCredentialsOnBoot
android.app.admin.IDevicePolicyManager	242	notifyPendingSystemUpdate
android.app.admin.IDevicePolicyManager	243	getPendingSystemUpdate
android.app.admin.IDevicePolicyManager	244	setPermissionPolicy
android.app.admin.IDevicePolicyManager	245	getPermissionPolicy
android.app.admin.IDevicePolicyManager	246	setPermissionGrantState
android.app.admin.IDevicePolicyManager	247	getPermissionGrantState
android.app.admin.IDevicePolicyManager	248	isProvisioningAllowed
android.app.admin.IDevicePolicyManager	249	checkProvisioningPrecondition
android.app.admin.IDevicePolicyManager	250	setKeepUninstalledPackages
android.app.admin.IDevicePolicyManager	251	getKeepUninstalledPackages
android.app.admin.IDevicePolicyManager	252	isManagedProfile
android.app.admin.IDevicePolicyManager	253	getWifiMacAddress
android.app.admin.IDevicePolicyManager	254	reboot
android.app.admin.IDevicePolicyManager	255	setShortSupportMessage
android.app.admin.IDevicePolicyManager	256	getShortSupportMessage
android.app.admin.IDevicePolicyManager	257	setLongSupportMessage
android.app.admin.IDevicePolicyManager	258	getLongSupportMessage
android.app.admin.IDevicePolicyManager	259	getShortSupportMessageForUser
android.app.admin.IDevicePolicyManager	260	getLongSupportMessageForUser
android.app.admin.IDevicePolicyManager	261	setOrganizationColor
android.app.admin.IDevicePolicyManager	262	setOrganizationColorForUser
android.app.admin.IDevicePolicyManager	263	clearOrganizationIdForUser
android.app.admin.IDevicePolicyManager	264	getOrganizationColor
android.app.admin.IDevicePolicyManager	265	getOrganizationColorForUser
android.app.admin.IDevicePolicyManager	266	setOrganizationName
android.app.admin.IDevicePolicyManager	267	getOrganizationName
android.app.admin.IDevicePolicyManager	268	getDeviceOwnerOrganizationName
android.app.admin.IDevicePolicyManager	269	getOrganizationNameForUser
android.app.admin.IDevicePolicyManager	270	getUserProvisioningState
android.app.admin.IDevicePolicyManager	271	setUserProvisioningState
android.app.admin.IDevicePolicyManager	272	setAffiliationIds
android.app.admin.IDevicePolicyManager	273	getAffiliationIds
android.app.admin.IDevicePolicyManager	274	isCallingUserAffiliated
android.app.admin.IDevicePolicyManager	275	isAffiliatedUser
android.app.admin.IDevicePolicyManager	276	setSecurityLoggingEnabled
android.app.admin.IDevicePolicyManager	277	isSecurityLoggingEnabled
android.app.admin.IDevicePolicyManager	278	retrieveSecurityLogs
android.app.admin.IDevicePolicyManager	279	retrievePreRebootSecurityLogs
android.app.admin.IDevicePolicyManager	280	forceNetworkLogs
android.app.admin.IDevicePolicyManager	281	forceSecurityLogs
android.app.admin.IDevicePolicyManager	282	setAuditLogEnabled
android.app.admin.IDevicePolicyManager	283	isAuditLogEnabled
android.app.admin.IDevicePolicyManager	284	setAuditLogEventsCallback
android.app.admin.IDevicePolicyManager	285	isUninstallInQueue
android.app.admin.IDevicePolicyManager	286	uninstallPackageWithActiveAdmins
android.app.admin.IDevicePolicyManager	287	isDeviceProvisioned
android.app.admin.IDevicePolicyManager	288	isDeviceProvisioningConfigApplied
android.app.admin.IDevicePolicyManager	289	setDeviceProvisioningConfigApplied
android.app.admin.IDevicePolicyManager	290	forceUpdateUserSetupComplete
android.app.admin.IDevicePolicyManager	291	setBackupServiceEnabled
android.app.admin.IDevicePolicyManager	292	isBackupServiceEnabled
android.app.admin.IDevicePolicyManager	293	setNetworkLoggingEnabled
android.app.admin.IDevicePolicyManager	294	isNetworkLoggingEnabled
android.app.admin.IDevicePolicyManager	295	retrieveNetworkLogs
android.app.admin.IDevicePolicyManager	296	bindDeviceAdminServiceAsUser
android.app.admin.IDevicePolicyManager	297	getBindDeviceAdminTargetUsers
android.app.admin.IDevicePolicyManager	298	isEphemeralUser
android.app.admin.IDevicePolicyManager	299	getLastSecurityLogRetrievalTime
android.app.admin.IDevicePolicyManager	300	getLastBugReportRequestTime
android.app.admin.IDevicePolicyManager	301	getLastNetworkLogRetrievalTime
android.app.admin.IDevicePolicyManager	302	setResetPasswordToken
android.app.admin.IDevicePolicyManager	303	clearResetPasswordToken
android.app.admin.IDevicePolicyManager	304	isResetPasswordTokenActive
android.app.admin.IDevicePolicyManager	305	resetPasswordWithToken
android.app.admin.IDevicePolicyManager	306	isCurrentInputMethodSetByOwner
android.app.admin.IDevicePolicyManager	307	getOwnerInstalledCaCerts
android.app.admin.IDevicePolicyManager	308	clearApplicationUserData
android.app.admin.IDevicePolicyManager	309	setLogoutEnabled
android.app.admin.IDevicePolicyManager	310	isLogoutEnabled
android.app.admin.IDevicePolicyManager	311	getDisallowedSystemApps
android.app.admin.IDevicePolicyManager	312	transferOwnership
android.app.admin.IDevicePolicyManager	313	getTransferOwnershipBundle
android.app.admin.IDevicePolicyManager	314	setStartUserSessionMessage
android.app.admin.IDevicePolicyManager	315	setEndUserSessionMessage
android.app.admin.IDevicePolicyManager	316	getStartUserSessionMessage
android.app.admin.IDevicePolicyManager	317	getEndUserSessionMessage
android.app.admin.IDevicePolicyManager	318	setMeteredDataDisabledPackages
android.app.admin.IDevicePolicyManager	319	getMeteredDataDisabledPackages
android.app.admin.IDevicePolicyManager	320	addOverrideApn
android.app.admin.IDevicePolicyManager	321	updateOverrideApn
android.app.admin.IDevicePolicyManager	322	removeOverrideApn
android.app.admin.IDevicePolicyManager	323	getOverrideApns
android.app.admin.IDevicePolicyManager	324	setOverrideApnsEnabled
android.app.admin.IDevicePolicyManager	325	isOverrideApnEnabled
android.app.admin.IDevicePolicyManager	326	isMeteredDataDisabledPackageForUser
android.app.admin.IDevicePolicyManager	327	setGlobalPrivateDns
android.app.admin.IDevicePolicyManager	328	getGlobalPrivateDnsMode
android.app.admin.IDevicePolicyManager	329	getGlobalPrivateDnsHost
android.app.admin.IDevicePolicyManager	330	setProfileOwnerOnOrganizationOwnedDevice
android.app.admin.IDevicePolicyManager	331	installUpdateFromFile
android.app.admin.IDevicePolicyManager	332	setCrossProfileCalendarPackages
android.app.admin.IDevicePolicyManager	333	getCrossProfileCalendarPackages
android.app.admin.IDevicePolicyManager	334	isPackageAllowedToAccessCalendarForUser
android.app.admin.IDevicePolicyManager	335	getCrossProfileCalendarPackagesForUser
android.app.admin.IDevicePolicyManager	336	setCrossProfilePackages
android.app.admin.IDevicePolicyManager	337	getCrossProfilePackages
android.app.admin.IDevicePolicyManager	338	getAllCrossProfilePackages
android.app.admin.IDevicePolicyManager	339	getDefaultCrossProfilePackages
android.app.admin.IDevicePolicyManager	340	isManagedKiosk
android.app.admin.IDevicePolicyManager	341	isUnattendedManagedKiosk
android.app.admin.IDevicePolicyManager	342	startViewCalendarEventInManagedProfile
android.app.admin.IDevicePolicyManager	343	setKeyGrantForApp
android.app.admin.IDevicePolicyManager	344	getKeyPairGrants
android.app.admin.IDevicePolicyManager	345	setKeyGrantToWifiAuth
android.app.admin.IDevicePolicyManager	346	isKeyPairGrantedToWifiAuth
android.app.admin.IDevicePolicyManager	347	setUserControlDisabledPackages
android.app.admin.IDevicePolicyManager	348	getUserControlDisabledPackages
android.app.admin.IDevicePolicyManager	349	setCommonCriteriaModeEnabled
android.app.admin.IDevicePolicyManager	350	isCommonCriteriaModeEnabled
android.app.admin.IDevicePolicyManager	351	getPersonalAppsSuspendedReasons
android.app.admin.IDevicePolicyManager	352	setPersonalAppsSuspended
android.app.admin.IDevicePolicyManager	353	getManagedProfileMaximumTimeOff
android.app.admin.IDevicePolicyManager	354	setManagedProfileMaximumTimeOff
android.app.admin.IDevicePolicyManager	355	acknowledgeDeviceCompliant
android.app.admin.IDevicePolicyManager	356	isComplianceAcknowledgementRequired
android.app.admin.IDevicePolicyManager	357	canProfileOwnerResetPasswordWhenLocked
android.app.admin.IDevicePolicyManager	358	setNextOperationSafety
android.app.admin.IDevicePolicyManager	359	isSafeOperation
android.app.admin.IDevicePolicyManager	360	getEnrollmentSpecificId
android.app.admin.IDevicePolicyManager	361	setOrganizationIdForUser
android.app.admin.IDevicePolicyManager	362	createAndProvisionManagedProfile
android.app.admin.IDevicePolicyManager	363	createManagedProfile
android.app.admin.IDevicePolicyManager	364	finalizeCreateManagedProfile
android.app.admin.IDevicePolicyManager	365	provisionFullyManagedDevice
android.app.admin.IDevicePolicyManager	366	finalizeWorkProfileProvisioning
android.app.admin.IDevicePolicyManager	367	removeManagedProfile
android.app.admin.IDevicePolicyManager	368	setDeviceOwnerType
android.app.admin.IDevicePolicyManager	369	getDeviceOwnerType
android.app.admin.IDevicePolicyManager	370	resetDefaultCrossProfileIntentFilters
android.app.admin.IDevicePolicyManager	371	canAdminGrantSensorsPermissions
android.app.admin.IDevicePolicyManager	372	setUsbDataSignalingEnabled
android.app.admin.IDevicePolicyManager	373	isUsbDataSignalingEnabled
android.app.admin.IDevicePolicyManager	374	canUsbDataSignalingBeDisabled
android.app.admin.IDevicePolicyManager	375	setMinimumRequiredWifiSecurityLevel
android.app.admin.IDevicePolicyManager	376	getMinimumRequiredWifiSecurityLevel
android.app.admin.IDevicePolicyManager	377	setWifiSsidPolicy
android.app.admin.IDevicePolicyManager	378	getWifiSsidPolicy
android.app.admin.IDevicePolicyManager	379	isDevicePotentiallyStolen
android.app.admin.IDevicePolicyManager	380	listForegroundAffiliatedUsers
android.app.admin.IDevicePolicyManager	381	setDrawables
android.app.admin.IDevicePolicyManager	382	resetDrawables
android.app.admin.IDevicePolicyManager	383	getDrawable
android.app.admin.IDevicePolicyManager	384	isDpcDownloaded
android.app.admin.IDevicePolicyManager	385	setDpcDownloaded
android.app.admin.IDevicePolicyManager	386	setStrings
android.app.admin.IDevicePolicyManager	387	resetStrings
android.app.admin.IDevicePolicyManager	388	getString
android.app.admin.IDevicePolicyManager	389	resetShouldAllowBypassingDevicePolicyManagementRoleQualificationState
android.app.admin.IDevicePolicyManager	390	shouldAllowBypassingDevicePolicyManagementRoleQualification
android.app.admin.IDevicePolicyManager	391	getPolicyManagedProfiles
android.app.admin.IDevicePolicyManager	392	setApplicationExemptions
android.app.admin.IDevicePolicyManager	393	getApplicationExemptions
android.app.admin.IDevicePolicyManager	394	setMtePolicy
android.app.admin.IDevicePolicyManager	395	setMtePolicyBySystem
android.app.admin.IDevicePolicyManager	396	getMtePolicy
android.app.admin.IDevicePolicyManager	397	setManagedSubscriptionsPolicy
android.app.admin.IDevicePolicyManager	398	getManagedSubscriptionsPolicy
android.app.admin.IDevicePolicyManager	399	getDevicePolicyState
android.app.admin.IDevicePolicyManager	400	triggerDevicePolicyEngineMigration
android.app.admin.IDevicePolicyManager	401	isDeviceFinanced
android.app.admin.IDevicePolicyManager	402	getFinancedDeviceKioskRoleHolder
android.app.admin.IDevicePolicyManager	403	calculateHasIncompatibleAccounts
android.app.admin.IDevicePolicyManager	404	setContentProtectionPolicy
android.app.admin.IDevicePolicyManager	405	getContentProtectionPolicy
android.app.admin.IDevicePolicyManager	406	getSubscriptionIds
android.app.admin.IDevicePolicyManager	407	setMaxPolicyStorageLimit
android.app.admin.IDevicePolicyManager	408	forceSetMaxPolicyStorageLimit
android.app.admin.IDevicePolicyManager	409	getMaxPolicyStorageLimit
android.app.admin.IDevicePolicyManager	410	getPolicySizeForAdmin
android.app.admin.IDevicePolicyManager	411	getHeadlessDeviceOwnerMode
android.app.admin.IDevicePolicyManager	412	setAppFunctionsPolicy
android.app.admin.IDevicePolicyManager	413	getAppFunctionsPolicy
android.app.admin.IKeyguardCallback	1	onRemoteContentReady
android.app.admin.IKeyguardCallback	2	onDismiss
android.app.admin.IKeyguardClient	1	onCreateKeyguardSurface
android.app.admin.StartInstallingUpdateCallback	1	onStartInstallingUpdateError
android.app.ambientcontext.IAmbientContextManager	1	registerObserver
android.app.ambientcontext.IAmbientContextManager	2	registerObserverWithCallback
android.app.ambientcontext.IAmbientContextManager	3	unregisterObserver
android.app.ambientcontext.IAmbientContextManager	4	queryServiceStatus
android.app.ambientcontext.IAmbientContextManager	5	startConsentActivity
android.app.ambientcontext.IAmbientContextObserver	1	onEvents
android.app.ambientcontext.IAmbientContextObserver	2	onRegistrationComplete
android.app.appfunctions.IAppFunctionEnabledCallback	1	onSuccess
android.app.appfunctions.IAppFunctionEnabledCallback	2	onError
android.app.appfunctions.IAppFunctionManager	1	executeAppFunction
android.app.appfunctions.IAppFunctionManager	2	setAppFunctionEnabled
android.app.appfunctions.IAppFunctionService	1	executeAppFunction
android.app.appfunctions.ICancellationCallback	1	sendCancellationTransport
android.app.appfunctions.IExecuteAppFunctionCallback	1	onSuccess
android.app.appfunctions.IExecuteAppFunctionCallback	2	onError
android.app.backup.IBackupCallback	1	operationComplete
android.app.backup.IBackupManager	1	dataChangedForUser
android.app.backup.IBackupManager	2	dataChanged
android.app.backup.IBackupManager	3	clearBackupDataForUser
android.app.backup.IBackupManager	4	clearBackupData
android.app.backup.IBackupManager	5	initializeTransportsForUser
android.app.backup.IBackupManager	6	agentConnectedForUser
android.app.backup.IBackupManager	7	agentConnected
android.app.backup.IBackupManager	8	agentDisconnectedForUser
android.app.backup.IBackupManager	9	agentDisconnected
android.app.backup.IBackupManager	10	restoreAtInstallForUser
android.app.backup.IBackupManager	11	restoreAtInstall
android.app.backup.IBackupManager	12	setBackupEnabledForUser
android.app.backup.IBackupManager	13	setFrameworkSchedulingEnabledForUser
android.app.backup.IBackupManager	14	setBackupEnabled
android.app.backup.IBackupManager	15	setAutoRestoreForUser
android.app.backup.IBackupManager	16	setAutoRestore
android.app.backup.IBackupManager	17	isBackupEnabledForUser
android.app.backup.IBackupManager	18	isBackupEnabled
android.app.backup.IBackupManager	19	setBackupPassword
android.app.backup.IBackupManager	20	hasBackupPassword
android.app.backup.IBackupManager	21	backupNowForUser
android.app.backup.IBackupManager	22	backupNow
android.app.backup.IBackupManager	23	adbBackup
android.app.backup.IBackupManager	24	fullTransportBackupForUser
android.app.backup.IBackupManager	25	adbRestore
android.app.backup.IBackupManager	26	acknowledgeFullBackupOrRestoreForUser
android.app.backup.IBackupManager	27	acknowledgeFullBackupOrRestore
android.app.backup.IBackupManager	28	updateTransportAttributesForUser
android.app.backup.IBackupManager	29	getCurrentTransportForUser
android.app.backup.IBackupManager	30	getCurrentTransport
android.app.backup.IBackupManager	31	getCurrentTransportComponentForUser
android.app.backup.IBackupManager	32	listAllTransportsForUser
android.app.backup.IBackupManager	33	listAllTransports
android.app.backup.IBackupManager	34	listAllTransportComponentsForUser
android.app.backup.IBackupManager	35	getTransportWhitelist
android.app.backup.IBackupManager	36	selectBackupTransportForUser
android.app.backup.IBackupManager	37	selectBackupTransport
android.app.backup.IBackupManager	38	selectBackupTransportAsyncForUser
android.app.backup.IBackupManager	39	getConfigurationIntentForUser
android.app.backup.IBackupManager	40	getConfigurationIntent
android.app.backup.IBackupManager	41	getDestinationStringForUser
android.app.backup.IBackupManager	42	getDestinationString
android.app.backup.IBackupManager	43	getDataManagementIntentForUser
android.app.backup.IBackupManager	44	getDataManagementIntent
android.app.backup.IBackupManager	45	getDataManagementLabelForUser
android.app.backup.IBackupManager	46	beginRestoreSessionForUser
android.app.backup.IBackupManager	47	opCompleteForUser
android.app.backup.IBackupManager	48	opComplete
android.app.backup.IBackupManager	49	setBackupServiceActive
android.app.backup.IBackupManager	50	isBackupServiceActive
android.app.backup.IBackupManager	51	isUserReadyForBackup
android.app.backup.IBackupManager	52	getAvailableRestoreTokenForUser
android.app.backup.IBackupManager	53	isAppEligibleForBackupForUser
android.app.backup.IBackupManager	54	filterAppsEligibleForBackupForUser
android.app.backup.IBackupManager	55	requestBackupForUser
android.app.backup.IBackupManager	56	requestBackup
android.app.backup.IBackupManager	57	cancelBackupsForUser
android.app.backup.IBackupManager	58	cancelBackups
android.app.backup.IBackupManager	59	getUserForAncestralSerialNumber
android.app.backup.IBackupManager	60	setAncestralSerialNumber
android.app.backup.IBackupManager	61	excludeKeysFromRestore
android.app.backup.IBackupManager	62	reportDelayedRestoreResult
android.app.backup.IBackupManagerMonitor	1	onEvent
android.app.backup.IBackupObserver	1	onUpdate
android.app.backup.IBackupObserver	2	onResult
android.app.backup.IBackupObserver	3	backupFinished
android.app.backup.IFullBackupRestoreObserver	1	onStartBackup
android.app.backup.IFullBackupRestoreObserver	2	onBackupPackage
android.app.backup.IFullBackupRestoreObserver	3	onEndBackup
android.app.backup.IFullBackupRestoreObserver	4	onStartRestore
android.app.backup.IFullBackupRestoreObserver	5	onRestorePackage
android.app.backup.IFullBackupRestoreObserver	6	onEndRestore
android.app.backup.IFullBackupRestoreObserver	7	onTimeout
android.app.backup.IRestoreObserver	1	restoreSetsAvailable
android.app.backup.IRestoreObserver	2	restoreStarting
android.app.backup.IRestoreObserver	3	onUpdate
android.app.backup.IRestoreObserver	4	restoreFinished
android.app.backup.IRestoreSession	1	getAvailableRestoreSets
android.app.backup.IRestoreSession	2	restoreAll
android.app.backup.IRestoreSession	3	restorePackages
android.app.backup.IRestoreSession	4	restorePackage
android.app.backup.IRestoreSession	5	endRestoreSession
android.app.backup.ISelectBackupTransportCallback	1	onSuccess
android.app.backup.ISelectBackupTransportCallback	2	onFailure
android.app.blob.IBlobCommitCallback	1	onResult
android.app.blob.IBlobStoreManager	1	createSession
android.app.blob.IBlobStoreManager	2	openSession
android.app.blob.IBlobStoreManager	3	openBlob
android.app.blob.IBlobStoreManager	4	abandonSession
android.app.blob.IBlobStoreManager	5	acquireLease
android.app.blob.IBlobStoreManager	6	releaseLease
android.app.blob.IBlobStoreManager	7	releaseAllLeases
android.app.blob.IBlobStoreManager	8	getRemainingLeaseQuotaBytes
android.app.blob.IBlobStoreManager	9	waitForIdle
android.app.blob.IBlobStoreManager	10	queryBlobsForUser
android.app.blob.IBlobStoreManager	11	deleteBlob
android.app.blob.IBlobStoreManager	12	getLeasedBlobs
android.app.blob.IBlobStoreManager	13	getLeaseInfo
android.app.blob.IBlobStoreSession	1	openWrite
android.app.blob.IBlobStoreSession	2	openRead
android.app.blob.IBlobStoreSession	3	allowPackageAccess
android.app.blob.IBlobStoreSession	4	allowSameSignatureAccess
android.app.blob.IBlobStoreSession	5	allowPublicAccess
android.app.blob.IBlobStoreSession	6	isPackageAccessAllowed
android.app.blob.IBlobStoreSession	7	isSameSignatureAccessAllowed
android.app.blob.IBlobStoreSession	8	isPublicAccessAllowed
android.app.blob.IBlobStoreSession	9	getSize
android.app.blob.IBlobStoreSession	10	close
android.app.blob.IBlobStoreSession	11	abandon
android.app.blob.IBlobStoreSession	12	commit
android.app.contentsuggestions.IClassificationsCallback	1	onContentClassificationsAvailable
android.app.contentsuggestions.IContentSuggestionsManager	1	provideContextImage
android.app.contentsuggestions.IContentSuggestionsManager	2	provideContextBitmap
android.app.contentsuggestions.IContentSuggestionsManager	3	suggestContentSelections
android.app.contentsuggestions.IContentSuggestionsManager	4	classifyContentSelections
android.app.contentsuggestions.IContentSuggestionsManager	5	notifyInteraction
android.app.contentsuggestions.IContentSuggestionsManager	6	isEnabled
android.app.contentsuggestions.IContentSuggestionsManager	7	resetTemporaryService
android.app.contentsuggestions.IContentSuggestionsManager	8	setTemporaryService
android.app.contentsuggestions.IContentSuggestionsManager	9	setDefaultServiceEnabled
android.app.contentsuggestions.ISelectionsCallback	1	onContentSelectionsAvailable
android.app.contextualsearch.IContextualSearchCallback	1	onResult
android.app.contextualsearch.IContextualSearchCallback	2	onError
android.app.contextualsearch.IContextualSearchManager	1	startContextualSearch
android.app.contextualsearch.IContextualSearchManager	2	getContextualSearchState
android.app.job.IJobCallback	1	acknowledgeGetTransferredDownloadBytesMessage
android.app.job.IJobCallback	2	acknowledgeGetTransferredUploadBytesMessage
android.app.job.IJobCallback	3	acknowledgeStartMessage
android.app.job.IJobCallback	4	acknowledgeStopMessage
android.app.job.IJobCallback	5	dequeueWork
android.app.job.IJobCallback	6	completeWork
android.app.job.IJobCallback	7	jobFinished
android.app.job.IJobCallback	8	handleAbandonedJob
android.app.job.IJobCallback	9	updateEstimatedNetworkBytes
android.app.job.IJobCallback	10	updateTransferredNetworkBytes
android.app.job.IJobCallback	11	setNotification
android.app.job.IJobScheduler	1	schedule
android.app.job.IJobScheduler	2	enqueue
android.app.job.IJobScheduler	3	scheduleAsPackage
android.app.job.IJobScheduler	4	cancel
android.app.job.IJobScheduler	5	cancelAll
android.app.job.IJobScheduler	6	cancelAllInNamespace
android.app.job.IJobScheduler	7	getAllPendingJobs
android.app.job.IJobScheduler	8	getAllPendingJobsInNamespace
android.app.job.IJobScheduler	9	getPendingJob
android.app.job.IJobScheduler	10	getPendingJobReason
android.app.job.IJobScheduler	11	getPendingJobReasons
android.app.job.IJobScheduler	12	getPendingJobReasonsHistory
android.app.job.IJobScheduler	13	canRunUserInitiatedJobs
android.app.job.IJobScheduler	14	hasRunUserInitiatedJobsPermission
android.app.job.IJobScheduler	15	getStartedJobs
android.app.job.IJobScheduler	16	getAllJobSnapshots
android.app.job.IJobScheduler	17	registerUserVisibleJobObserver
android.app.job.IJobScheduler	18	unregisterUserVisibleJobObserver
android.app.job.IJobScheduler	19	notePendingUserRequestedAppStop
android.app.job.IJobService	1	startJob
android.app.job.IJobService	2	stopJob
android.app.job.IJobService	3	onNetworkChanged
android.app.job.IJobService	4	getTransferredDownloadBytes
android.app.job.IJobService	5	getTransferredUploadBytes
android.app.job.IUserVisibleJobObserver	1	onUserVisibleJobStateChanged
android.app.ondeviceintelligence.ICancellationSignal	1	cancel
android.app.ondeviceintelligence.IDownloadCallback	2	onDownloadStarted
android.app.ondeviceintelligence.IDownloadCallback	3	onDownloadProgress
android.app.ondeviceintelligence.IDownloadCallback	4	onDownloadFailed
android.app.ondeviceintelligence.IDownloadCallback	5	onDownloadCompleted
android.app.ondeviceintelligence.IFeatureCallback	2	onSuccess
android.app.ondeviceintelligence.IFeatureCallback	3	onFailure
android.app.ondeviceintelligence.IFeatureDetailsCallback	2	onSuccess
android.app.ondeviceintelligence.IFeatureDetailsCallback	3	onFailure
android.app.ondeviceintelligence.IListFeaturesCallback	2	onSuccess
android.app.ondeviceintelligence.IListFeaturesCallback	3	onFailure
android.app.ondeviceintelligence.IOnDeviceIntelligenceManager	2	getVersion
android.app.ondeviceintelligence.IOnDeviceIntelligenceManager	3	getFeature
android.app.ondeviceintelligence.IOnDeviceIntelligenceManager	4	listFeatures
android.app.ondeviceintelligence.IOnDeviceIntelligenceManager	5	getFeatureDetails
android.app.ondeviceintelligence.IOnDeviceIntelligenceManager	6	requestFeatureDownload
android.app.ondeviceintelligence.IOnDeviceIntelligenceManager	7	requestTokenInfo
android.app.ondeviceintelligence.IOnDeviceIntelligenceManager	8	processRequest
android.app.ondeviceintelligence.IOnDeviceIntelligenceManager	9	processRequestStreaming
android.app.ondeviceintelligence.IOnDeviceIntelligenceManager	10	getRemoteServicePackageName
android.app.ondeviceintelligence.IOnDeviceIntelligenceManager	11	getLatestInferenceInfo
android.app.ondeviceintelligence.IProcessingSignal	3	sendSignal
android.app.ondeviceintelligence.IRemoteCallback	1	sendResult
android.app.ondeviceintelligence.IResponseCallback	2	onSuccess
android.app.ondeviceintelligence.IResponseCallback	3	onFailure
android.app.ondeviceintelligence.IResponseCallback	4	onDataAugmentRequest
android.app.ondeviceintelligence.IStreamingResponseCallback	2	onNewContent
android.app.ondeviceintelligence.IStreamingResponseCallback	3	onSuccess
android.app.ondeviceintelligence.IStreamingResponseCallback	4	onFailure
android.app.ondeviceintelligence.IStreamingResponseCallback	5	onDataAugmentRequest
android.app.ondeviceintelligence.ITokenInfoCallback	2	onSuccess
android.app.ondeviceintelligence.ITokenInfoCallback	3	onFailure
android.app.people.IConversationListener	1	onConversationUpdate
android.app.people.IPeopleManager	1	getConversation
android.app.people.IPeopleManager	2	getRecentConversations
android.app.people.IPeopleManager	3	removeRecentConversation
android.app.people.IPeopleManager	4	removeAllRecentConversations
android.app.people.IPeopleManager	5	isConversation
android.app.people.IPeopleManager	6	getLastInteraction
android.app.people.IPeopleManager	7	addOrUpdateStatus
android.app.people.IPeopleManager	8	clearStatus
android.app.people.IPeopleManager	9	clearStatuses
android.app.people.IPeopleManager	10	getStatuses
android.app.people.IPeopleManager	11	registerConversationListener
android.app.people.IPeopleManager	12	unregisterConversationListener
android.app.pinner.IPinnerService	1	getPinnerStats
android.app.prediction.IPredictionCallback	1	onResult
android.app.prediction.IPredictionManager	1	createPredictionSession
android.app.prediction.IPredictionManager	2	notifyAppTargetEvent
android.app.prediction.IPredictionManager	3	notifyLaunchLocationShown
android.app.prediction.IPredictionManager	4	sortAppTargets
android.app.prediction.IPredictionManager	5	registerPredictionUpdates
android.app.prediction.IPredictionManager	6	unregisterPredictionUpdates
android.app.prediction.IPredictionManager	7	requestPredictionUpdate
android.app.prediction.IPredictionManager	8	onDestroyPredictionSession
android.app.prediction.IPredictionManager	9	requestServiceFeatures
android.app.search.ISearchCallback	1	onResult
android.app.search.ISearchUiManager	1	createSearchSession
android.app.search.ISearchUiManager	2	query
android.app.search.ISearchUiManager	3	notifyEvent
android.app.search.ISearchUiManager	4	registerEmptyQueryResultUpdateCallback
android.app.search.ISearchUiManager	5	unregisterEmptyQueryResultUpdateCallback
android.app.search.ISearchUiManager	6	destroySearchSession
android.app.slice.ISliceListener	1	onSliceUpdated
android.app.slice.ISliceManager	1	pinSlice
android.app.slice.ISliceManager	2	unpinSlice
android.app.slice.ISliceManager	3	hasSliceAccess
android.app.slice.ISliceManager	4	getPinnedSpecs
android.app.slice.ISliceManager	5	getPinnedSlices
android.app.slice.ISliceManager	6	getBackupPayload
android.app.slice.ISliceManager	7	applyRestore
android.app.slice.ISliceManager	8	grantSlicePermission
android.app.slice.ISliceManager	9	revokeSlicePermission
android.app.slice.ISliceManager	10	checkSlicePermission
android.app.slice.ISliceManager	11	grantPermissionFromUser
android.app.smartspace.ISmartspaceCallback	1	onResult
android.app.smartspace.ISmartspaceManager	1	createSmartspaceSession
android.app.smartspace.ISmartspaceManager	2	notifySmartspaceEvent
android.app.smartspace.ISmartspaceManager	3	requestSmartspaceUpdate
android.app.smartspace.ISmartspaceManager	4	registerSmartspaceUpdates
android.app.smartspace.ISmartspaceManager	5	unregisterSmartspaceUpdates
android.app.smartspace.ISmartspaceManager	6	destroySmartspaceSession
android.app.supervision.ISupervisionManager	1	isSupervisionEnabledForUser
android.app.time.ITimeDetectorListener	1	onChange
android.app.time.ITimeZoneDetectorListener	1	onChange
android.app.timedetector.ITimeDetectorService	1	getCapabilitiesAndConfig
android.app.timedetector.ITimeDetectorService	2	addListener
android.app.timedetector.ITimeDetectorService	3	removeListener
android.app.timedetector.ITimeDetectorService	4	updateConfiguration
android.app.timedetector.ITimeDetectorService	5	getTimeState
android.app.timedetector.ITimeDetectorService	6	confirmTime
android.app.timedetector.ITimeDetectorService	7	setManualTime
android.app.timedetector.ITimeDetectorService	8	suggestExternalTime
android.app.timedetector.ITimeDetectorService	9	suggestManualTime
android.app.timedetector.ITimeDetectorService	10	suggestTelephonyTime
android.app.timedetector.ITimeDetectorService	11	latestNetworkTime
android.app.timezonedetector.ITimeZoneDetectorService	1	getCapabilitiesAndConfig
android.app.timezonedetector.ITimeZoneDetectorService	2	addListener
android.app.timezonedetector.ITimeZoneDetectorService	3	removeListener
android.app.timezonedetector.ITimeZoneDetectorService	4	updateConfiguration
android.app.timezonedetector.ITimeZoneDetectorService	5	getTimeZoneState
android.app.timezonedetector.ITimeZoneDetectorService	6	confirmTimeZone
android.app.timezonedetector.ITimeZoneDetectorService	7	setManualTimeZone
android.app.timezonedetector.ITimeZoneDetectorService	8	suggestManualTimeZone
android.app.timezonedetector.ITimeZoneDetectorService	9	suggestTelephonyTimeZone
android.app.trust.IStrongAuthTracker	1	onStrongAuthRequiredChanged
android.app.trust.IStrongAuthTracker	2	onIsNonStrongBiometricAllowedChanged
android.app.trust.ITrustListener	1	onEnabledTrustAgentsChanged
android.app.trust.ITrustListener	2	onTrustChanged
android.app.trust.ITrustListener	3	onTrustManagedChanged
android.app.trust.ITrustListener	4	onTrustError
android.app.trust.ITrustListener	5	onIsActiveUnlockRunningChanged
android.app.trust.ITrustManager	1	reportUnlockAttempt
android.app.trust.ITrustManager	2	reportUserRequestedUnlock
android.app.trust.ITrustManager	3	reportUserMayRequestUnlock
android.app.trust.ITrustManager	4	reportUnlockLockout
android.app.trust.ITrustManager	5	reportEnabledTrustAgentsChanged
android.app.trust.ITrustManager	6	registerTrustListener
android.app.trust.ITrustManager	7	unregisterTrustListener
android.app.trust.ITrustManager	8	reportKeyguardShowingChanged
android.app.trust.ITrustManager	9	setDeviceLockedForUser
android.app.trust.ITrustManager	10	isDeviceLocked
android.app.trust.ITrustManager	11	isDeviceSecure
android.app.trust.ITrustManager	12	isTrustUsuallyManaged
android.app.trust.ITrustManager	13	unlockedByBiometricForUser
android.app.trust.ITrustManager	14	clearAllBiometricRecognized
android.app.trust.ITrustManager	15	isActiveUnlockRunning
android.app.trust.ITrustManager	16	isInSignificantPlace
android.app.trust.ITrustManager	17	registerDeviceLockedStateListener
android.app.trust.ITrustManager	18	unregisterDeviceLockedStateListener
android.app.usage.ICacheQuotaService	1	computeCacheQuotaHints
android.app.usage.IStorageStatsManager	1	isQuotaSupported
android.app.usage.IStorageStatsManager	2	isReservedSupported
android.app.usage.IStorageStatsManager	3	getTotalBytes
android.app.usage.IStorageStatsManager	4	getFreeBytes
android.app.usage.IStorageStatsManager	5	getCacheBytes
android.app.usage.IStorageStatsManager	6	getCacheQuotaBytes
android.app.usage.IStorageStatsManager	7	queryStatsForPackage
android.app.usage.IStorageStatsManager	8	queryStatsForUid
android.app.usage.IStorageStatsManager	9	queryStatsForUser
android.app.usage.IStorageStatsManager	10	queryExternalStatsForUser
android.app.usage.IStorageStatsManager	11	queryCratesForPackage
android.app.usage.IStorageStatsManager	12	queryCratesForUid
android.app.usage.IStorageStatsManager	13	queryCratesForUser
android.app.usage.IUsageStatsManager	1	queryUsageStats
android.app.usage.IUsageStatsManager	2	queryConfigurationStats
android.app.usage.IUsageStatsManager	3	queryEventStats
android.app.usage.IUsageStatsManager	4	queryEvents
android.app.usage.IUsageStatsManager	5	queryEventsForPackage
android.app.usage.IUsageStatsManager	6	queryEventsForUser
android.app.usage.IUsageStatsManager	7	queryEventsForPackageForUser
android.app.usage.IUsageStatsManager	8	queryEventsWithFilter
android.app.usage.IUsageStatsManager	9	setAppInactive
android.app.usage.IUsageStatsManager	10	isAppStandbyEnabled
android.app.usage.IUsageStatsManager	11	isAppInactive
android.app.usage.IUsageStatsManager	12	onCarrierPrivilegedAppsChanged
android.app.usage.IUsageStatsManager	13	reportChooserSelection
android.app.usage.IUsageStatsManager	14	getAppStandbyBucket
android.app.usage.IUsageStatsManager	15	setAppStandbyBucket
android.app.usage.IUsageStatsManager	16	getAppStandbyBuckets
android.app.usage.IUsageStatsManager	17	setAppStandbyBuckets
android.app.usage.IUsageStatsManager	18	getAppMinStandbyBucket
android.app.usage.IUsageStatsManager	19	setEstimatedLaunchTime
android.app.usage.IUsageStatsManager	20	setEstimatedLaunchTimes
android.app.usage.IUsageStatsManager	21	registerAppUsageObserver
android.app.usage.IUsageStatsManager	22	unregisterAppUsageObserver
android.app.usage.IUsageStatsManager	23	registerUsageSessionObserver
android.app.usage.IUsageStatsManager	24	unregisterUsageSessionObserver
android.app.usage.IUsageStatsManager	25	registerAppUsageLimitObserver
android.app.usage.IUsageStatsManager	26	unregisterAppUsageLimitObserver
android.app.usage.IUsageStatsManager	27	reportUsageStart
android.app.usage.IUsageStatsManager	28	reportPastUsageStart
android.app.usage.IUsageStatsManager	29	reportUsageStop
android.app.usage.IUsageStatsManager	30	reportUserInteraction
android.app.usage.IUsageStatsManager	31	reportUserInteractionWithBundle
android.app.usage.IUsageStatsManager	32	getUsageSource
android.app.usage.IUsageStatsManager	33	forceUsageSourceSettingRead
android.app.usage.IUsageStatsManager	34	getLastTimeAnyComponentUsed
android.app.usage.IUsageStatsManager	35	queryBroadcastResponseStats
android.app.usage.IUsageStatsManager	36	clearBroadcastResponseStats
android.app.usage.IUsageStatsManager	37	clearBroadcastEvents
android.app.usage.IUsageStatsManager	38	isPackageExemptedFromBroadcastResponseStats
android.app.usage.IUsageStatsManager	39	getAppStandbyConstant
android.app.wallpapereffectsgeneration.ICinematicEffectListener	1	onCinematicEffectGenerated
android.app.wallpapereffectsgeneration.IWallpaperEffectsGenerationManager	1	generateCinematicEffect
android.app.wallpapereffectsgeneration.IWallpaperEffectsGenerationManager	2	returnCinematicEffectResponse
android.app.wearable.IWearableSensingCallback	1	openFile
android.app.wearable.IWearableSensingManager	1	getAvailableConnectionCount
android.app.wearable.IWearableSensingManager	2	provideConnection
android.app.wearable.IWearableSensingManager	3	provideConcurrentConnection
android.app.wearable.IWearableSensingManager	4	removeConnection
android.app.wearable.IWearableSensingManager	5	removeAllConnections
android.app.wearable.IWearableSensingManager	6	provideReadOnlyParcelFileDescriptor
android.app.wearable.IWearableSensingManager	7	provideDataStream
android.app.wearable.IWearableSensingManager	8	provideData
android.app.wearable.IWearableSensingManager	9	registerDataRequestObserver
android.app.wearable.IWearableSensingManager	10	unregisterDataRequestObserver
android.app.wearable.IWearableSensingManager	11	startHotwordRecognition
android.app.wearable.IWearableSensingManager	12	stopHotwordRecognition
android.apphibernation.IAppHibernationService	1	isHibernatingForUser
android.apphibernation.IAppHibernationService	2	setHibernatingForUser
android.apphibernation.IAppHibernationService	3	isHibernatingGlobally
android.apphibernation.IAppHibernationService	4	setHibernatingGlobally
android.apphibernation.IAppHibernationService	5	getHibernatingPackagesForUser
android.apphibernation.IAppHibernationService	6	getHibernationStatsForUser
android.apphibernation.IAppHibernationService	7	isOatArtifactDeletionEnabled
android.companion.IAssociationRequestCallback	1	onAssociationPending
android.companion.IAssociationRequestCallback	2	onAssociationCreated
android.companion.IAssociationRequestCallback	3	onFailure
android.companion.ICompanionDeviceDiscoveryService	1	startDiscovery
android.companion.ICompanionDeviceDiscoveryService	2	onAssociationCreated
android.companion.ICompanionDeviceManager	1	associate
android.companion.ICompanionDeviceManager	2	getAssociations
android.companion.ICompanionDeviceManager	3	getAllAssociationsForUser
android.companion.ICompanionDeviceManager	4	legacyDisassociate
android.companion.ICompanionDeviceManager	5	disassociate
android.companion.ICompanionDeviceManager	6	hasNotificationAccess
android.companion.ICompanionDeviceManager	7	requestNotificationAccess
android.companion.ICompanionDeviceManager	8	isDeviceAssociatedForWifiConnection
android.companion.ICompanionDeviceManager	9	legacyStartObservingDevicePresence
android.companion.ICompanionDeviceManager	10	legacyStopObservingDevicePresence
android.companion.ICompanionDeviceManager	11	startObservingDevicePresence
android.companion.ICompanionDeviceManager	12	stopObservingDevicePresence
android.companion.ICompanionDeviceManager	13	canPairWithoutPrompt
android.companion.ICompanionDeviceManager	14	createAssociation
android.companion.ICompanionDeviceManager	15	addOnAssociationsChangedListener
android.companion.ICompanionDeviceManager	16	removeOnAssociationsChangedListener
android.companion.ICompanionDeviceManager	17	addOnTransportsChangedListener
android.companion.ICompanionDeviceManager	18	removeOnTransportsChangedListener
android.companion.ICompanionDeviceManager	19	sendMessage
android.companion.ICompanionDeviceManager	20	addOnMessageReceivedListener
android.companion.ICompanionDeviceManager	21	removeOnMessageReceivedListener
android.companion.ICompanionDeviceManager	22	notifySelfManagedDeviceAppeared
android.companion.ICompanionDeviceManager	23	notifySelfManagedDeviceDisappeared
android.companion.ICompanionDeviceManager	24	buildPermissionTransferUserConsentIntent
android.companion.ICompanionDeviceManager	25	isPermissionTransferUserConsented
android.companion.ICompanionDeviceManager	26	startSystemDataTransfer
android.companion.ICompanionDeviceManager	27	attachSystemDataTransport
android.companion.ICompanionDeviceManager	28	detachSystemDataTransport
android.companion.ICompanionDeviceManager	29	isCompanionApplicationBound
android.companion.ICompanionDeviceManager	30	buildAssociationCancellationIntent
android.companion.ICompanionDeviceManager	31	enableSystemDataSync
android.companion.ICompanionDeviceManager	32	disableSystemDataSync
android.companion.ICompanionDeviceManager	33	enablePermissionsSync
android.companion.ICompanionDeviceManager	34	disablePermissionsSync
android.companion.ICompanionDeviceManager	35	getPermissionSyncRequest
android.companion.ICompanionDeviceManager	36	enableSecureTransport
android.companion.ICompanionDeviceManager	37	setDeviceId
android.companion.ICompanionDeviceManager	38	getBackupPayload
android.companion.ICompanionDeviceManager	39	applyRestoredPayload
android.companion.ICompanionDeviceManager	40	removeBond
android.companion.ICompanionDeviceService	1	onDeviceAppeared
android.companion.ICompanionDeviceService	2	onDeviceDisappeared
android.companion.ICompanionDeviceService	3	onDevicePresenceEvent
android.companion.IOnAssociationsChangedListener	1	onAssociationsChanged
android.companion.IOnMessageReceivedListener	1	onMessageReceived
android.companion.IOnTransportsChangedListener	1	onTransportsChanged
android.companion.ISystemDataTransferCallback	1	onResult
android.companion.ISystemDataTransferCallback	2	onError
android.companion.virtual.IVirtualDevice	1	getAssociationId
android.companion.virtual.IVirtualDevice	2	getDeviceId
android.companion.virtual.IVirtualDevice	3	getPersistentDeviceId
android.companion.virtual.IVirtualDevice	4	getDisplayIds
android.companion.virtual.IVirtualDevice	5	getDevicePolicy
android.companion.virtual.IVirtualDevice	6	hasCustomAudioInputSupport
android.companion.virtual.IVirtualDevice	7	canCreateMirrorDisplays
android.companion.virtual.IVirtualDevice	8	goToSleep
android.companion.virtual.IVirtualDevice	9	wakeUp
android.companion.virtual.IVirtualDevice	10	close
android.companion.virtual.IVirtualDevice	11	setDevicePolicy
android.companion.virtual.IVirtualDevice	12	addActivityPolicyExemption
android.companion.virtual.IVirtualDevice	13	removeActivityPolicyExemption
android.companion.virtual.IVirtualDevice	14	setDevicePolicyForDisplay
android.companion.virtual.IVirtualDevice	15	onAudioSessionStarting
android.companion.virtual.IVirtualDevice	16	onAudioSessionEnded
android.companion.virtual.IVirtualDevice	17	createVirtualDisplay
android.companion.virtual.IVirtualDevice	18	createVirtualDpad
android.companion.virtual.IVirtualDevice	19	createVirtualKeyboard
android.companion.virtual.IVirtualDevice	20	createVirtualMouse
android.companion.virtual.IVirtualDevice	21	createVirtualTouchscreen
android.companion.virtual.IVirtualDevice	22	createVirtualNavigationTouchpad
android.companion.virtual.IVirtualDevice	23	createVirtualStylus
android.companion.virtual.IVirtualDevice	24	createVirtualRotaryEncoder
android.companion.virtual.IVirtualDevice	25	unregisterInputDevice
android.companion.virtual.IVirtualDevice	26	getInputDeviceId
android.companion.virtual.IVirtualDevice	27	sendDpadKeyEvent
android.companion.virtual.IVirtualDevice	28	sendKeyEvent
android.companion.virtual.IVirtualDevice	29	sendButtonEvent
android.companion.virtual.IVirtualDevice	30	sendRelativeEvent
android.companion.virtual.IVirtualDevice	31	sendScrollEvent
android.companion.virtual.IVirtualDevice	32	sendTouchEvent
android.companion.virtual.IVirtualDevice	33	sendStylusMotionEvent
android.companion.virtual.IVirtualDevice	34	sendStylusButtonEvent
android.companion.virtual.IVirtualDevice	35	sendRotaryEncoderScrollEvent
android.companion.virtual.IVirtualDevice	36	getVirtualSensorList
android.companion.virtual.IVirtualDevice	37	sendSensorEvent
android.companion.virtual.IVirtualDevice	38	launchPendingIntent
android.companion.virtual.IVirtualDevice	39	getCursorPosition
android.companion.virtual.IVirtualDevice	40	setShowPointerIcon
android.companion.virtual.IVirtualDevice	41	setDisplayImePolicy
android.companion.virtual.IVirtualDevice	42	registerIntentInterceptor
android.companion.virtual.IVirtualDevice	43	unregisterIntentInterceptor
android.companion.virtual.IVirtualDevice	44	registerVirtualCamera
android.companion.virtual.IVirtualDevice	45	unregisterVirtualCamera
android.companion.virtual.IVirtualDevice	46	getVirtualCameraId
android.companion.virtual.IVirtualDevice	47	setListeners
android.companion.virtual.IVirtualDeviceActivityListener	1	onTopActivityChanged
android.companion.virtual.IVirtualDeviceActivityListener	2	onDisplayEmpty
android.companion.virtual.IVirtualDeviceActivityListener	3	onActivityLaunchBlocked
android.companion.virtual.IVirtualDeviceActivityListener	4	onSecureWindowShown
android.companion.virtual.IVirtualDeviceActivityListener	5	onSecureWindowHidden
android.companion.virtual.IVirtualDeviceIntentInterceptor	1	onIntentIntercepted
android.companion.virtual.IVirtualDeviceListener	1	onVirtualDeviceCreated
android.companion.virtual.IVirtualDeviceListener	2	onVirtualDeviceClosed
android.companion.virtual.IVirtualDeviceManager	1	createVirtualDevice
android.companion.virtual.IVirtualDeviceManager	2	getVirtualDevices
android.companion.virtual.IVirtualDeviceManager	3	getVirtualDevice
android.companion.virtual.IVirtualDeviceManager	4	registerVirtualDeviceListener
android.companion.virtual.IVirtualDeviceManager	5	unregisterVirtualDeviceListener
android.companion.virtual.IVirtualDeviceManager	6	getDeviceIdForDisplayId
android.companion.virtual.IVirtualDeviceManager	7	getDisplayNameForPersistentDeviceId
android.companion.virtual.IVirtualDeviceManager	8	isValidVirtualDeviceId
android.companion.virtual.IVirtualDeviceManager	9	getDevicePolicy
android.companion.virtual.IVirtualDeviceManager	10	getAudioPlaybackSessionId
android.companion.virtual.IVirtualDeviceManager	11	getAudioRecordingSessionId
android.companion.virtual.IVirtualDeviceManager	12	playSoundEffect
android.companion.virtual.IVirtualDeviceManager	13	isVirtualDeviceOwnedMirrorDisplay
android.companion.virtual.IVirtualDeviceManager	14	getAllPersistentDeviceIds
android.companion.virtual.IVirtualDeviceSoundEffectListener	1	onPlaySoundEffect
android.companion.virtual.audio.IAudioConfigChangedCallback	1	onPlaybackConfigChanged
android.companion.virtual.audio.IAudioConfigChangedCallback	2	onRecordingConfigChanged
android.companion.virtual.audio.IAudioRoutingCallback	1	onAppsNeedingAudioRoutingChanged
android.companion.virtual.camera.IVirtualCameraCallback	1	onStreamConfigured
android.companion.virtual.camera.IVirtualCameraCallback	2	onProcessCaptureRequest
android.companion.virtual.camera.IVirtualCameraCallback	3	onStreamClosed
android.companion.virtual.sensor.IVirtualSensorCallback	1	onConfigurationChanged
android.companion.virtual.sensor.IVirtualSensorCallback	2	onDirectChannelCreated
android.companion.virtual.sensor.IVirtualSensorCallback	3	onDirectChannelDestroyed
android.companion.virtual.sensor.IVirtualSensorCallback	4	onDirectChannelConfigured
android.companion.virtualnative.IVirtualDeviceManagerNative	1	getDeviceIdsForUid
android.companion.virtualnative.IVirtualDeviceManagerNative	2	getDevicePolicy
android.content.IClipboard	1	setPrimaryClip
android.content.IClipboard	2	setPrimaryClipAsPackage
android.content.IClipboard	3	clearPrimaryClip
android.content.IClipboard	4	getPrimaryClip
android.content.IClipboard	5	getPrimaryClipDescription
android.content.IClipboard	6	hasPrimaryClip
android.content.IClipboard	7	addPrimaryClipChangedListener
android.content.IClipboard	8	removePrimaryClipChangedListener
android.content.IClipboard	9	hasClipboardText
android.content.IClipboard	10	getPrimaryClipSource
android.content.IClipboard	11	areClipboardAccessNotificationsEnabledForUser
android.content.IClipboard	12	setClipboardAccessNotificationsEnabledForUser
android.content.IContentProvider	1	query
android.content.IContentProvider	2	getType
android.content.IContentProvider	3	insert
android.content.IContentProvider	4	delete
android.content.IContentProvider	10	update
android.content.IContentProvider	13	bulkInsert
android.content.IContentProvider	14	openFile
android.content.IContentProvider	15	openAssetFile
android.content.IContentProvider	20	applyBatch
android.content.IContentProvider	21	call
android.content.IContentProvider	22	getStreamTypes
android.content.IContentProvider	23	openTypedAssetFile
android.content.IContentProvider	24	createCancelationSignal
android.content.IContentProvider	25	canonicalize
android.content.IContentProvider	26	uncanonicalize
android.content.IContentProvider	27	refresh
android.content.IContentProvider	28	checkUriPermission
android.content.IContentProvider	29	getTypeAsync
android.content.IContentProvider	30	canonicalizeAsync
android.content.IContentProvider	31	uncanonicalizeAsync
android.content.IContentProvider	32	getTypeAnonymousAsync
android.content.IContentService	1	unregisterContentObserver
android.content.IContentService	2	registerContentObserver
android.content.IContentService	3	notifyChange
android.content.IContentService	4	requestSync
android.content.IContentService	5	sync
android.content.IContentService	6	syncAsUser
android.content.IContentService	7	cancelSync
android.content.IContentService	8	cancelSyncAsUser
android.content.IContentService	9	cancelRequest
android.content.IContentService	10	getSyncAutomatically
android.content.IContentService	11	getSyncAutomaticallyAsUser
android.content.IContentService	12	setSyncAutomatically
android.content.IContentService	13	setSyncAutomaticallyAsUser
android.content.IContentService	14	getPeriodicSyncs
android.content.IContentService	15	addPeriodicSync
android.content.IContentService	16	removePeriodicSync
android.content.IContentService	17	getIsSyncable
android.content.IContentService	18	getIsSyncableAsUser
android.content.IContentService	19	setIsSyncable
android.content.IContentService	20	setIsSyncableAsUser
android.content.IContentService	21	setMasterSyncAutomatically
android.content.IContentService	22	setMasterSyncAutomaticallyAsUser
android.content.IContentService	23	getMasterSyncAutomatically
android.content.IContentService	24	getMasterSyncAutomaticallyAsUser
android.content.IContentService	25	getCurrentSyncs
android.content.IContentService	26	getCurrentSyncsAsUser
android.content.IContentService	27	getSyncAdapterTypes
android.content.IContentService	28	getSyncAdapterTypesAsUser
android.content.IContentService	29	getSyncAdapterPackagesForAuthorityAsUser
android.content.IContentService	30	getSyncAdapterPackageAsUser
android.content.IContentService	31	isSyncActive
android.content.IContentService	32	getSyncStatus
android.content.IContentService	33	getSyncStatusAsUser
android.content.IContentService	34	isSyncPending
android.content.IContentService	35	isSyncPendingAsUser
android.content.IContentService	36	addStatusChangeListener
android.content.IContentService	37	removeStatusChangeListener
android.content.IContentService	38	putCache
android.content.IContentService	39	getCache
android.content.IContentService	40	resetTodayStats
android.content.IContentService	41	onDbCorruption
android.content.IIntentReceiver	1	performReceive
android.content.IIntentSender	1	send
android.content.IOnPrimaryClipChangedListener	1	dispatchPrimaryClipChanged
android.content.IRestrictionsManager	1	getApplicationRestrictions
android.content.IRestrictionsManager	2	getApplicationRestrictionsPerAdminForUser
android.content.IRestrictionsManager	3	hasRestrictionsProvider
android.content.IRestrictionsManager	4	requestPermission
android.content.IRestrictionsManager	5	notifyPermissionResponse
android.content.IRestrictionsManager	6	createLocalApprovalIntent
android.content.ISyncAdapter	1	onUnsyncableAccount
android.content.ISyncAdapter	2	startSync
android.content.ISyncAdapter	3	cancelSync
android.content.ISyncAdapterUnsyncableAccountCallback	1	onUnsyncableAccountDone
android.content.ISyncContext	1	sendHeartbeat
android.content.ISyncContext	2	onFinished
android.content.ISyncServiceAdapter	1	startSync
android.content.ISyncServiceAdapter	2	cancelSync
android.content.ISyncStatusObserver	1	onStatusChanged
android.content.integrity.IAppIntegrityManager	1	updateRuleSet
android.content.integrity.IAppIntegrityManager	2	getCurrentRuleSetVersion
android.content.integrity.IAppIntegrityManager	3	getCurrentRuleSetProvider
android.content.integrity.IAppIntegrityManager	4	getCurrentRules
android.content.integrity.IAppIntegrityManager	5	getWhitelistedRuleProviders
android.content.om.IOverlayManager	1	getAllOverlays
android.content.om.IOverlayManager	2	getOverlayInfosForTarget
android.content.om.IOverlayManager	3	getOverlayInfo
android.content.om.IOverlayManager	4	getOverlayInfoByIdentifier
android.content.om.IOverlayManager	5	setEnabled
android.content.om.IOverlayManager	6	setEnabledExclusive
android.content.om.IOverlayManager	7	setEnabledExclusiveInCategory
android.content.om.IOverlayManager	8	setPriority
android.content.om.IOverlayManager	9	setHighestPriority
android.content.om.IOverlayManager	10	setLowestPriority
android.content.om.IOverlayManager	11	getDefaultOverlayPackages
android.content.om.IOverlayManager	12	invalidateCachesForOverlay
android.content.om.IOverlayManager	13	commit
android.content.om.IOverlayManager	14	getPartitionOrder
android.content.om.IOverlayManager	15	isDefaultPartitionOrder
android.content.pm.IBackgroundInstallControlService	1	getBackgroundInstalledPackages
android.content.pm.IBackgroundInstallControlService	2	registerBackgroundInstallCallback
android.content.pm.IBackgroundInstallControlService	3	unregisterBackgroundInstallCallback
android.content.pm.ICrossProfileApps	1	startActivityAsUser
android.content.pm.ICrossProfileApps	2	startActivityAsUserByIntent
android.content.pm.ICrossProfileApps	3	getTargetUserProfiles
android.content.pm.ICrossProfileApps	4	canInteractAcrossProfiles
android.content.pm.ICrossProfileApps	5	canRequestInteractAcrossProfiles
android.content.pm.ICrossProfileApps	6	setInteractAcrossProfilesAppOp
android.content.pm.ICrossProfileApps	7	canConfigureInteractAcrossProfiles
android.content.pm.ICrossProfileApps	8	canUserAttemptToConfigureInteractAcrossProfiles
android.content.pm.ICrossProfileApps	9	resetInteractAcrossProfilesAppOps
android.content.pm.ICrossProfileApps	10	clearInteractAcrossProfilesAppOps
android.content.pm.IDataLoader	1	create
android.content.pm.IDataLoader	2	start
android.content.pm.IDataLoader	3	stop
android.content.pm.IDataLoader	4	destroy
android.content.pm.IDataLoader	5	prepareImage
android.content.pm.IDataLoaderManager	1	bindToDataLoader
android.content.pm.IDataLoaderManager	2	getDataLoader
android.content.pm.IDataLoaderManager	3	unbindFromDataLoader
android.content.pm.IDataLoaderStatusListener	1	onStatusChanged
android.content.pm.IDexModuleRegisterCallback	1	onDexModuleRegistered
android.content.pm.ILauncherApps	1	addOnAppsChangedListener
android.content.pm.ILauncherApps	2	removeOnAppsChangedListener
android.content.pm.ILauncherApps	3	getLauncherActivities
android.content.pm.ILauncherApps	4	resolveLauncherActivityInternal
android.content.pm.ILauncherApps	5	startSessionDetailsActivityAsUser
android.content.pm.ILauncherApps	6	startActivityAsUser
android.content.pm.ILauncherApps	7	getActivityLaunchIntent
android.content.pm.ILauncherApps	8	getLauncherUserInfo
android.content.pm.ILauncherApps	9	getPreInstalledSystemPackages
android.content.pm.ILauncherApps	10	getAppMarketActivityIntent
android.content.pm.ILauncherApps	11	getPrivateSpaceSettingsIntent
android.content.pm.ILauncherApps	12	showAppDetailsAsUser
android.content.pm.ILauncherApps	13	isPackageEnabled
android.content.pm.ILauncherApps	14	getSuspendedPackageLauncherExtras
android.content.pm.ILauncherApps	15	isActivityEnabled
android.content.pm.ILauncherApps	16	getApplicationInfo
android.content.pm.ILauncherApps	17	getAppUsageLimit
android.content.pm.ILauncherApps	18	getShortcuts
android.content.pm.ILauncherApps	19	getShortcutsAsync
android.content.pm.ILauncherApps	20	pinShortcuts
android.content.pm.ILauncherApps	21	startShortcut
android.content.pm.ILauncherApps	22	getShortcutIconResId
android.content.pm.ILauncherApps	23	getShortcutIconFd
android.content.pm.ILauncherApps	24	hasShortcutHostPermission
android.content.pm.ILauncherApps	25	shouldHideFromSuggestions
android.content.pm.ILauncherApps	26	getShortcutConfigActivities
android.content.pm.ILauncherApps	27	getShortcutConfigActivityIntent
android.content.pm.ILauncherApps	28	getShortcutIntent
android.content.pm.ILauncherApps	29	registerPackageInstallerCallback
android.content.pm.ILauncherApps	30	getAllSessions
android.content.pm.ILauncherApps	31	registerShortcutChangeCallback
android.content.pm.ILauncherApps	32	unregisterShortcutChangeCallback
android.content.pm.ILauncherApps	33	cacheShortcuts
android.content.pm.ILauncherApps	34	uncacheShortcuts
android.content.pm.ILauncherApps	35	getShortcutIconUri
android.content.pm.ILauncherApps	36	getActivityOverrides
android.content.pm.ILauncherApps	37	registerDumpCallback
android.content.pm.ILauncherApps	38	unRegisterDumpCallback
android.content.pm.ILauncherApps	39	setArchiveCompatibilityOptions
android.content.pm.ILauncherApps	40	getUserProfiles
android.content.pm.ILauncherApps	41	saveViewCaptureData
android.content.pm.IOnAppsChangedListener	1	onPackageRemoved
android.content.pm.IOnAppsChangedListener	2	onPackageAdded
android.content.pm.IOnAppsChangedListener	3	onPackageChanged
android.content.pm.IOnAppsChangedListener	4	onPackagesAvailable
android.content.pm.IOnAppsChangedListener	5	onPackagesUnavailable
android.content.pm.IOnAppsChangedListener	6	onPackagesSuspended
android.content.pm.IOnAppsChangedListener	7	onPackagesUnsuspended
android.content.pm.IOnAppsChangedListener	8	onShortcutChanged
android.content.pm.IOnAppsChangedListener	9	onPackageLoadingProgressChanged
android.content.pm.IOnAppsChangedListener	10	onUserConfigChanged
android.content.pm.IOnChecksumsReadyListener	1	onChecksumsReady
android.content.pm.IOtaDexopt	1	prepare
android.content.pm.IOtaDexopt	2	cleanup
android.content.pm.IOtaDexopt	3	isDone
android.content.pm.IOtaDexopt	4	getProgress
android.content.pm.IOtaDexopt	5	dexoptNextPackage
android.content.pm.IOtaDexopt	6	nextDexoptCommand
android.content.pm.IPackageDataObserver	1	onRemoveCompleted
android.content.pm.IPackageDeleteObserver	1	packageDeleted
android.content.pm.IPackageDeleteObserver2	1	onUserActionRequired
android.content.pm.IPackageDeleteObserver2	2	onPackageDeleted
android.content.pm.IPackageInstallObserver2	1	onUserActionRequired
android.content.pm.IPackageInstallObserver2	2	onPackageInstalled
android.content.pm.IPackageInstaller	1	createSession
android.content.pm.IPackageInstaller	2	updateSessionAppIcon
android.content.pm.IPackageInstaller	3	updateSessionAppLabel
android.content.pm.IPackageInstaller	4	abandonSession
android.content.pm.IPackageInstaller	5	openSession
android.content.pm.IPackageInstaller	6	getSessionInfo
android.content.pm.IPackageInstaller	7	getAllSessions
android.content.pm.IPackageInstaller	8	getMySessions
android.content.pm.IPackageInstaller	9	getStagedSessions
android.content.pm.IPackageInstaller	10	registerCallback
android.content.pm.IPackageInstaller	11	unregisterCallback
android.content.pm.IPackageInstaller	12	uninstall
android.content.pm.IPackageInstaller	13	uninstallExistingPackage
android.content.pm.IPackageInstaller	14	installExistingPackage
android.content.pm.IPackageInstaller	15	setPermissionsResult
android.content.pm.IPackageInstaller	16	bypassNextStagedInstallerCheck
android.content.pm.IPackageInstaller	17	bypassNextAllowedApexUpdateCheck
android.content.pm.IPackageInstaller	18	disableVerificationForUid
android.content.pm.IPackageInstaller	19	setAllowUnlimitedSilentUpdates
android.content.pm.IPackageInstaller	20	setSilentUpdatesThrottleTime
android.content.pm.IPackageInstaller	21	checkInstallConstraints
android.content.pm.IPackageInstaller	22	waitForInstallConstraints
android.content.pm.IPackageInstaller	23	requestArchive
android.content.pm.IPackageInstaller	24	requestUnarchive
android.content.pm.IPackageInstaller	25	installPackageArchived
android.content.pm.IPackageInstaller	26	reportUnarchivalStatus
android.content.pm.IPackageInstallerCallback	1	onSessionCreated
android.content.pm.IPackageInstallerCallback	2	onSessionBadgingChanged
android.content.pm.IPackageInstallerCallback	3	onSessionActiveChanged
android.content.pm.IPackageInstallerCallback	4	onSessionProgressChanged
android.content.pm.IPackageInstallerCallback	5	onSessionFinished
android.content.pm.IPackageInstallerSession	1	setClientProgress
android.content.pm.IPackageInstallerSession	2	addClientProgress
android.content.pm.IPackageInstallerSession	3	getNames
android.content.pm.IPackageInstallerSession	4	openWrite
android.content.pm.IPackageInstallerSession	5	openRead
android.content.pm.IPackageInstallerSession	6	write
android.content.pm.IPackageInstallerSession	7	stageViaHardLink
android.content.pm.IPackageInstallerSession	8	setChecksums
android.content.pm.IPackageInstallerSession	9	requestChecksums
android.content.pm.IPackageInstallerSession	10	removeSplit
android.content.pm.IPackageInstallerSession	11	close
android.content.pm.IPackageInstallerSession	12	commit
android.content.pm.IPackageInstallerSession	13	transfer
android.content.pm.IPackageInstallerSession	14	abandon
android.content.pm.IPackageInstallerSession	15	seal
android.content.pm.IPackageInstallerSession	16	fetchPackageNames
android.content.pm.IPackageInstallerSession	17	getDataLoaderParams
android.content.pm.IPackageInstallerSession	18	addFile
android.content.pm.IPackageInstallerSession	19	removeFile
android.content.pm.IPackageInstallerSession	20	isMultiPackage
android.content.pm.IPackageInstallerSession	21	getChildSessionIds
android.content.pm.IPackageInstallerSession	22	addChildSessionId
android.content.pm.IPackageInstallerSession	23	removeChildSessionId
android.content.pm.IPackageInstallerSession	24	getParentSessionId
android.content.pm.IPackageInstallerSession	25	isStaged
android.content.pm.IPackageInstallerSession	26	getInstallFlags
android.content.pm.IPackageInstallerSession	27	requestUserPreapproval
android.content.pm.IPackageInstallerSession	28	isApplicationEnabledSettingPersistent
android.content.pm.IPackageInstallerSession	29	isRequestUpdateOwnership
android.content.pm.IPackageInstallerSession	30	getAppMetadataFd
android.content.pm.IPackageInstallerSession	31	openWriteAppMetadata
android.content.pm.IPackageInstallerSession	32	removeAppMetadata
android.content.pm.IPackageInstallerSession	33	setPreVerifiedDomains
android.content.pm.IPackageInstallerSession	34	getPreVerifiedDomains
android.content.pm.IPackageInstallerSessionFileSystemConnector	1	writeData
android.content.pm.IPackageLoadingProgressCallback	1	onPackageLoadingProgressChanged
android.content.pm.IPackageManager	1	checkPackageStartable
android.content.pm.IPackageManager	2	isPackageAvailable
android.content.pm.IPackageManager	3	getPackageInfo
android.content.pm.IPackageManager	4	getPackageInfoVersioned
android.content.pm.IPackageManager	5	getPackageUid
android.content.pm.IPackageManager	6	getPackageGids
android.content.pm.IPackageManager	7	currentToCanonicalPackageNames
android.content.pm.IPackageManager	8	canonicalToCurrentPackageNames
android.content.pm.IPackageManager	9	getApplicationInfo
android.content.pm.IPackageManager	10	getTargetSdkVersion
android.content.pm.IPackageManager	11	getActivityInfo
android.content.pm.IPackageManager	12	activitySupportsIntentAsUser
android.content.pm.IPackageManager	13	getReceiverInfo
android.content.pm.IPackageManager	14	getServiceInfo
android.content.pm.IPackageManager	15	getProviderInfo
android.content.pm.IPackageManager	16	isProtectedBroadcast
android.content.pm.IPackageManager	17	checkSignatures
android.content.pm.IPackageManager	18	checkUidSignatures
android.content.pm.IPackageManager	19	getAllPackages
android.content.pm.IPackageManager	20	getPackagesForUid
android.content.pm.IPackageManager	21	getNameForUid
android.content.pm.IPackageManager	22	getNamesForUids
android.content.pm.IPackageManager	23	getUidForSharedUser
android.content.pm.IPackageManager	24	getFlagsForUid
android.content.pm.IPackageManager	25	getPrivateFlagsForUid
android.content.pm.IPackageManager	26	isUidPrivileged
android.content.pm.IPackageManager	27	resolveIntent
android.content.pm.IPackageManager	28	findPersistentPreferredActivity
android.content.pm.IPackageManager	29	canForwardTo
android.content.pm.IPackageManager	30	queryIntentActivities
android.content.pm.IPackageManager	31	queryIntentActivityOptions
android.content.pm.IPackageManager	32	queryIntentReceivers
android.content.pm.IPackageManager	33	resolveService
android.content.pm.IPackageManager	34	queryIntentServices
android.content.pm.IPackageManager	35	queryIntentContentProviders
android.content.pm.IPackageManager	36	getInstalledPackages
android.content.pm.IPackageManager	37	getAppMetadataFd
android.content.pm.IPackageManager	38	getPackagesHoldingPermissions
android.content.pm.IPackageManager	39	getInstalledApplications
android.content.pm.IPackageManager	40	getPersistentApplications
android.content.pm.IPackageManager	41	resolveContentProvider
android.content.pm.IPackageManager	42	querySyncProviders
android.content.pm.IPackageManager	43	queryContentProviders
android.content.pm.IPackageManager	44	getInstrumentationInfoAsUser
android.content.pm.IPackageManager	45	queryInstrumentationAsUser
android.content.pm.IPackageManager	46	finishPackageInstall
android.content.pm.IPackageManager	47	setInstallerPackageName
android.content.pm.IPackageManager	48	relinquishUpdateOwnership
android.content.pm.IPackageManager	49	setApplicationCategoryHint
android.content.pm.IPackageManager	50	deletePackageAsUser
android.content.pm.IPackageManager	51	deletePackageVersioned
android.content.pm.IPackageManager	52	deleteExistingPackageAsUser
android.content.pm.IPackageManager	53	getInstallerPackageName
android.content.pm.IPackageManager	54	getInstallSourceInfo
android.content.pm.IPackageManager	55	resetApplicationPreferences
android.content.pm.IPackageManager	56	getLastChosenActivity
android.content.pm.IPackageManager	57	setLastChosenActivity
android.content.pm.IPackageManager	58	addPreferredActivity
android.content.pm.IPackageManager	59	replacePreferredActivity
android.content.pm.IPackageManager	60	clearPackagePreferredActivities
android.content.pm.IPackageManager	61	getPreferredActivities
android.content.pm.IPackageManager	62	addPersistentPreferredActivity
android.content.pm.IPackageManager	63	clearPackagePersistentPreferredActivities
android.content.pm.IPackageManager	64	clearPersistentPreferredActivity
android.content.pm.IPackageManager	65	addCrossProfileIntentFilter
android.content.pm.IPackageManager	66	removeCrossProfileIntentFilter
android.content.pm.IPackageManager	67	clearCrossProfileIntentFilters
android.content.pm.IPackageManager	68	setDistractingPackageRestrictionsAsUser
android.content.pm.IPackageManager	69	setPackagesSuspendedAsUser
android.content.pm.IPackageManager	70	getUnsuspendablePackagesForUser
android.content.pm.IPackageManager	71	isPackageSuspendedForUser
android.content.pm.IPackageManager	72	isPackageQuarantinedForUser
android.content.pm.IPackageManager	73	isPackageStoppedForUser
android.content.pm.IPackageManager	74	getSuspendedPackageAppExtras
android.content.pm.IPackageManager	75	getSuspendingPackage
android.content.pm.IPackageManager	76	getPreferredActivityBackup
android.content.pm.IPackageManager	77	restorePreferredActivities
android.content.pm.IPackageManager	78	getDefaultAppsBackup
android.content.pm.IPackageManager	79	restoreDefaultApps
android.content.pm.IPackageManager	80	getDomainVerificationBackup
android.content.pm.IPackageManager	81	restoreDomainVerification
android.content.pm.IPackageManager	82	getHomeActivities
android.content.pm.IPackageManager	83	setHomeActivity
android.content.pm.IPackageManager	84	overrideLabelAndIcon
android.content.pm.IPackageManager	85	restoreLabelAndIcon
android.content.pm.IPackageManager	86	setComponentEnabledSetting
android.content.pm.IPackageManager	87	setComponentEnabledSettings
android.content.pm.IPackageManager	88	getComponentEnabledSetting
android.content.pm.IPackageManager	89	setApplicationEnabledSetting
android.content.pm.IPackageManager	90	getApplicationEnabledSetting
android.content.pm.IPackageManager	91	logAppProcessStartIfNeeded
android.content.pm.IPackageManager	92	flushPackageRestrictionsAsUser
android.content.pm.IPackageManager	93	setPackageStoppedState
android.content.pm.IPackageManager	94	freeStorageAndNotify
android.content.pm.IPackageManager	95	freeStorage
android.content.pm.IPackageManager	96	deleteApplicationCacheFiles
android.content.pm.IPackageManager	97	deleteApplicationCacheFilesAsUser
android.content.pm.IPackageManager	98	clearApplicationUserData
android.content.pm.IPackageManager	99	clearApplicationProfileData
android.content.pm.IPackageManager	100	getPackageSizeInfo
android.content.pm.IPackageManager	101	getSystemSharedLibraryNames
android.content.pm.IPackageManager	102	getSystemSharedLibraryNamesAndPaths
android.content.pm.IPackageManager	103	getSystemAvailableFeatures
android.content.pm.IPackageManager	104	hasSystemFeature
android.content.pm.IPackageManager	105	getInitialNonStoppedSystemPackages
android.content.pm.IPackageManager	106	enterSafeMode
android.content.pm.IPackageManager	107	isSafeMode
android.content.pm.IPackageManager	108	hasSystemUidErrors
android.content.pm.IPackageManager	109	notifyPackageUse
android.content.pm.IPackageManager	110	notifyDexLoad
android.content.pm.IPackageManager	111	registerDexModule
android.content.pm.IPackageManager	112	performDexOptMode
android.content.pm.IPackageManager	113	performDexOptSecondary
android.content.pm.IPackageManager	114	getMoveStatus
android.content.pm.IPackageManager	115	registerMoveCallback
android.content.pm.IPackageManager	116	unregisterMoveCallback
android.content.pm.IPackageManager	117	movePackage
android.content.pm.IPackageManager	118	movePrimaryStorage
android.content.pm.IPackageManager	119	setInstallLocation
android.content.pm.IPackageManager	120	getInstallLocation
android.content.pm.IPackageManager	121	installExistingPackageAsUser
android.content.pm.IPackageManager	122	verifyPendingInstall
android.content.pm.IPackageManager	123	extendVerificationTimeout
android.content.pm.IPackageManager	124	verifyIntentFilter
android.content.pm.IPackageManager	125	getIntentVerificationStatus
android.content.pm.IPackageManager	126	updateIntentVerificationStatus
android.content.pm.IPackageManager	127	getIntentFilterVerifications
android.content.pm.IPackageManager	128	getAllIntentFilters
android.content.pm.IPackageManager	129	getVerifierDeviceIdentity
android.content.pm.IPackageManager	130	isFirstBoot
android.content.pm.IPackageManager	131	isDeviceUpgrading
android.content.pm.IPackageManager	132	isStorageLow
android.content.pm.IPackageManager	133	setApplicationHiddenSettingAsUser
android.content.pm.IPackageManager	134	getApplicationHiddenSettingAsUser
android.content.pm.IPackageManager	135	setSystemAppHiddenUntilInstalled
android.content.pm.IPackageManager	136	setSystemAppInstallState
android.content.pm.IPackageManager	137	getPackageInstaller
android.content.pm.IPackageManager	138	setBlockUninstallForUser
android.content.pm.IPackageManager	139	getBlockUninstallForUser
android.content.pm.IPackageManager	140	getKeySetByAlias
android.content.pm.IPackageManager	141	getSigningKeySet
android.content.pm.IPackageManager	142	isPackageSignedByKeySet
android.content.pm.IPackageManager	143	isPackageSignedByKeySetExactly
android.content.pm.IPackageManager	144	getPermissionControllerPackageName
android.content.pm.IPackageManager	145	getSdkSandboxPackageName
android.content.pm.IPackageManager	146	getInstantApps
android.content.pm.IPackageManager	147	getInstantAppCookie
android.content.pm.IPackageManager	148	setInstantAppCookie
android.content.pm.IPackageManager	149	getInstantAppIcon
android.content.pm.IPackageManager	150	isInstantApp
android.content.pm.IPackageManager	151	setRequiredForSystemUser
android.content.pm.IPackageManager	152	setUpdateAvailable
android.content.pm.IPackageManager	153	getServicesSystemSharedLibraryPackageName
android.content.pm.IPackageManager	154	getSharedSystemSharedLibraryPackageName
android.content.pm.IPackageManager	155	getChangedPackages
android.content.pm.IPackageManager	156	isPackageDeviceAdminOnAnyUser
android.content.pm.IPackageManager	157	getInstallReason
android.content.pm.IPackageManager	158	getSharedLibraries
android.content.pm.IPackageManager	159	getDeclaredSharedLibraries
android.content.pm.IPackageManager	160	canRequestPackageInstalls
android.content.pm.IPackageManager	161	deletePreloadsFileCache
android.content.pm.IPackageManager	162	getInstantAppResolverComponent
android.content.pm.IPackageManager	163	getInstantAppResolverSettingsComponent
android.content.pm.IPackageManager	164	getInstantAppInstallerComponent
android.content.pm.IPackageManager	165	getInstantAppAndroidId
android.content.pm.IPackageManager	166	getArtManager
android.content.pm.IPackageManager	167	setHarmfulAppWarning
android.content.pm.IPackageManager	168	getHarmfulAppWarning
android.content.pm.IPackageManager	169	hasSigningCertificate
android.content.pm.IPackageManager	170	hasUidSigningCertificate
android.content.pm.IPackageManager	171	getDefaultTextClassifierPackageName
android.content.pm.IPackageManager	172	getSystemTextClassifierPackageName
android.content.pm.IPackageManager	173	getAttentionServicePackageName
android.content.pm.IPackageManager	174	getRotationResolverPackageName
android.content.pm.IPackageManager	175	getWellbeingPackageName
android.content.pm.IPackageManager	176	getAppPredictionServicePackageName
android.content.pm.IPackageManager	177	getSystemCaptionsServicePackageName
android.content.pm.IPackageManager	178	getSetupWizardPackageName
android.content.pm.IPackageManager	179	getIncidentReportApproverPackageName
android.content.pm.IPackageManager	180	isPackageStateProtected
android.content.pm.IPackageManager	181	sendDeviceCustomizationReadyBroadcast
android.content.pm.IPackageManager	182	getInstalledModules
android.content.pm.IPackageManager	183	getModuleInfo
android.content.pm.IPackageManager	184	getRuntimePermissionsVersion
android.content.pm.IPackageManager	185	setRuntimePermissionsVersion
android.content.pm.IPackageManager	186	notifyPackagesReplacedReceived
android.content.pm.IPackageManager	187	requestPackageChecksums
android.content.pm.IPackageManager	188	getLaunchIntentSenderForPackage
android.content.pm.IPackageManager	189	getAppOpPermissionPackages
android.content.pm.IPackageManager	190	getPermissionGroupInfo
android.content.pm.IPackageManager	191	addPermission
android.content.pm.IPackageManager	192	addPermissionAsync
android.content.pm.IPackageManager	193	removePermission
android.content.pm.IPackageManager	194	checkPermission
android.content.pm.IPackageManager	195	grantRuntimePermission
android.content.pm.IPackageManager	196	checkUidPermission
android.content.pm.IPackageManager	197	setMimeGroup
android.content.pm.IPackageManager	198	getSplashScreenTheme
android.content.pm.IPackageManager	199	setSplashScreenTheme
android.content.pm.IPackageManager	200	getUserMinAspectRatio
android.content.pm.IPackageManager	201	setUserMinAspectRatio
android.content.pm.IPackageManager	202	getMimeGroup
android.content.pm.IPackageManager	203	isAutoRevokeWhitelisted
android.content.pm.IPackageManager	204	makeProviderVisible
android.content.pm.IPackageManager	205	makeUidVisible
android.content.pm.IPackageManager	206	getHoldLockToken
android.content.pm.IPackageManager	207	holdLock
android.content.pm.IPackageManager	208	getPropertyAsUser
android.content.pm.IPackageManager	209	queryProperty
android.content.pm.IPackageManager	210	setKeepUninstalledPackages
android.content.pm.IPackageManager	211	canPackageQuery
android.content.pm.IPackageManager	212	waitForHandler
android.content.pm.IPackageManager	213	registerPackageMonitorCallback
android.content.pm.IPackageManager	214	unregisterPackageMonitorCallback
android.content.pm.IPackageManager	215	getArchivedPackage
android.content.pm.IPackageManager	216	getArchivedAppIcon
android.content.pm.IPackageManager	217	isAppArchivable
android.content.pm.IPackageManager	218	getAppMetadataSource
android.content.pm.IPackageManager	219	getDomainVerificationAgent
android.content.pm.IPackageManager	220	setPageSizeAppCompatFlagsSettingsOverride
android.content.pm.IPackageManager	221	isPageSizeCompatEnabled
android.content.pm.IPackageManager	222	getPageSizeCompatWarningMessage
android.content.pm.IPackageManager	223	getAllApexDirectories
android.content.pm.IPackageManagerNative	1	getNamesForUids
android.content.pm.IPackageManagerNative	2	getPackageUid
android.content.pm.IPackageManagerNative	3	getInstallerForPackage
android.content.pm.IPackageManagerNative	4	getVersionCodeForPackage
android.content.pm.IPackageManagerNative	5	isAudioPlaybackCaptureAllowed
android.content.pm.IPackageManagerNative	6	getLocationFlags
android.content.pm.IPackageManagerNative	7	getTargetSdkVersionForPackage
android.content.pm.IPackageManagerNative	8	getModuleMetadataPackageName
android.content.pm.IPackageManagerNative	9	hasSha256SigningCertificate
android.content.pm.IPackageManagerNative	10	isPackageDebuggable
android.content.pm.IPackageManagerNative	11	hasSystemFeature
android.content.pm.IPackageManagerNative	12	registerStagedApexObserver
android.content.pm.IPackageManagerNative	13	unregisterStagedApexObserver
android.content.pm.IPackageManagerNative	14	getStagedApexInfos
android.content.pm.IPackageMoveObserver	1	onCreated
android.content.pm.IPackageMoveObserver	2	onStatusChanged
android.content.pm.IPackageStatsObserver	1	onGetStatsCompleted
android.content.pm.IPinItemRequest	1	isValid
android.content.pm.IPinItemRequest	2	accept
android.content.pm.IPinItemRequest	3	getShortcutInfo
android.content.pm.IPinItemRequest	4	getAppWidgetProviderInfo
android.content.pm.IPinItemRequest	5	getExtras
android.content.pm.IShortcutChangeCallback	1	onShortcutsAddedOrUpdated
android.content.pm.IShortcutChangeCallback	2	onShortcutsRemoved
android.content.pm.IShortcutService	1	setDynamicShortcuts
android.content.pm.IShortcutService	2	addDynamicShortcuts
android.content.pm.IShortcutService	3	removeDynamicShortcuts
android.content.pm.IShortcutService	4	removeAllDynamicShortcuts
android.content.pm.IShortcutService	5	updateShortcuts
android.content.pm.IShortcutService	6	requestPinShortcut
android.content.pm.IShortcutService	7	createShortcutResultIntent
android.content.pm.IShortcutService	8	disableShortcuts
android.content.pm.IShortcutService	9	enableShortcuts
android.content.pm.IShortcutService	10	getMaxShortcutCountPerActivity
android.content.pm.IShortcutService	11	getRemainingCallCount
android.content.pm.IShortcutService	12	getRateLimitResetTime
android.content.pm.IShortcutService	13	getIconMaxDimensions
android.content.pm.IShortcutService	14	reportShortcutUsed
android.content.pm.IShortcutService	15	resetThrottling
android.content.pm.IShortcutService	16	onApplicationActive
android.content.pm.IShortcutService	17	getBackupPayload
android.content.pm.IShortcutService	18	applyRestore
android.content.pm.IShortcutService	19	isRequestPinItemSupported
android.content.pm.IShortcutService	20	getShareTargets
android.content.pm.IShortcutService	21	hasShareTargets
android.content.pm.IShortcutService	22	removeLongLivedShortcuts
android.content.pm.IShortcutService	23	getShortcuts
android.content.pm.IShortcutService	24	pushDynamicShortcut
android.content.pm.IStagedApexObserver	1	onApexStaged
android.content.pm.dependencyinstaller.IDependencyInstallerCallback	1	onAllDependenciesResolved
android.content.pm.dependencyinstaller.IDependencyInstallerCallback	2	onFailureToResolveAllDependencies
android.content.pm.dependencyinstaller.IDependencyInstallerService	1	onDependenciesRequired
android.content.pm.dex.IArtManager	1	snapshotRuntimeProfile
android.content.pm.dex.IArtManager	2	isRuntimeProfilingEnabled
android.content.pm.dex.ISnapshotRuntimeProfileCallback	1	onSuccess
android.content.pm.dex.ISnapshotRuntimeProfileCallback	2	onError
android.content.pm.permission.IRuntimePermissionPresenter	1	getAppPermissions
android.content.pm.verify.domain.IDomainVerificationManager	1	queryValidVerificationPackageNames
android.content.pm.verify.domain.IDomainVerificationManager	2	getDomainVerificationInfo
android.content.pm.verify.domain.IDomainVerificationManager	3	getDomainVerificationUserState
android.content.pm.verify.domain.IDomainVerificationManager	4	getOwnersForDomain
android.content.pm.verify.domain.IDomainVerificationManager	5	setDomainVerificationStatus
android.content.pm.verify.domain.IDomainVerificationManager	6	setDomainVerificationLinkHandlingAllowed
android.content.pm.verify.domain.IDomainVerificationManager	7	setDomainVerificationUserSelection
android.content.pm.verify.domain.IDomainVerificationManager	8	setUriRelativeFilterGroups
android.content.pm.verify.domain.IDomainVerificationManager	9	getUriRelativeFilterGroups
android.content.res.IResourcesManager	1	dumpResources
android.content.rollback.IRollbackManager	1	getAvailableRollbacks
android.content.rollback.IRollbackManager	2	getRecentlyCommittedRollbacks
android.content.rollback.IRollbackManager	3	commitRollback
android.content.rollback.IRollbackManager	4	snapshotAndRestoreUserData
android.content.rollback.IRollbackManager	5	reloadPersistedData
android.content.rollback.IRollbackManager	6	expireRollbackForPackage
android.content.rollback.IRollbackManager	7	notifyStagedSession
android.content.rollback.IRollbackManager	8	blockRollbackManager
android.credentials.IClearCredentialStateCallback	1	onSuccess
android.credentials.IClearCredentialStateCallback	2	onError
android.credentials.ICreateCredentialCallback	1	onPendingIntent
android.credentials.ICreateCredentialCallback	2	onResponse
android.credentials.ICreateCredentialCallback	3	onError
android.credentials.ICredentialManager	1	executeGetCredential
android.credentials.ICredentialManager	2	executePrepareGetCredential
android.credentials.ICredentialManager	3	executeCreateCredential
android.credentials.ICredentialManager	4	getCandidateCredentials
android.credentials.ICredentialManager	5	clearCredentialState
android.credentials.ICredentialManager	6	setEnabledProviders
android.credentials.ICredentialManager	7	registerCredentialDescription
android.credentials.ICredentialManager	8	unregisterCredentialDescription
android.credentials.ICredentialManager	9	isEnabledCredentialProviderService
android.credentials.ICredentialManager	10	getCredentialProviderServices
android.credentials.ICredentialManager	11	getCredentialProviderServicesForTesting
android.credentials.ICredentialManager	12	isServiceEnabled
android.credentials.IGetCandidateCredentialsCallback	1	onResponse
android.credentials.IGetCandidateCredentialsCallback	2	onError
android.credentials.IGetCredentialCallback	1	onPendingIntent
android.credentials.IGetCredentialCallback	2	onResponse
android.credentials.IGetCredentialCallback	3	onError
android.credentials.IPrepareGetCredentialCallback	1	onResponse
android.credentials.IPrepareGetCredentialCallback	2	onError
android.credentials.ISetEnabledProvidersCallback	1	onResponse
android.credentials.ISetEnabledProvidersCallback	2	onError
android.database.IContentObserver	1	onChange
android.database.IContentObserver	2	onChangeEtc
android.debug.IAdbCallback	1	onDebuggingChanged
android.debug.IAdbManager	1	allowDebugging
android.debug.IAdbManager	2	denyDebugging
android.debug.IAdbManager	3	clearDebuggingKeys
android.debug.IAdbManager	4	allowWirelessDebugging
android.debug.IAdbManager	5	denyWirelessDebugging
android.debug.IAdbManager	6	getPairedDevices
android.debug.IAdbManager	7	unpairDevice
android.debug.IAdbManager	8	enablePairingByPairingCode
android.debug.IAdbManager	9	enablePairingByQrCode
android.debug.IAdbManager	10	getAdbWirelessPort
android.debug.IAdbManager	11	disablePairing
android.debug.IAdbManager	12	isAdbWifiSupported
android.debug.IAdbManager	13	isAdbWifiQrSupported
android.debug.IAdbManager	14	registerCallback
android.debug.IAdbManager	15	unregisterCallback
android.debug.IAdbTransport	1	onAdbEnabled
android.flags.IFeatureFlags	1	syncFlags
android.flags.IFeatureFlags	2	registerCallback
android.flags.IFeatureFlags	3	unregisterCallback
android.flags.IFeatureFlags	4	queryFlags
android.flags.IFeatureFlags	5	overrideFlag
android.flags.IFeatureFlags	6	resetFlag
android.flags.IFeatureFlagsCallback	1	onFlagChange
android.frameworks.location.altitude.IAltitudeService	1	addMslAltitudeToLocation
android.frameworks.location.altitude.IAltitudeService	2	getGeoidHeight
android.frameworks.location.altitude.IAltitudeService	16777214	getInterfaceHash
android.frameworks.location.altitude.IAltitudeService	16777215	getInterfaceVersion
android.gsi.IGsiService	1	commitGsiChunkFromStream
android.gsi.IGsiService	2	getInstallProgress
android.gsi.IGsiService	3	setGsiAshmem
android.gsi.IGsiService	4	commitGsiChunkFromAshmem
android.gsi.IGsiService	5	enableGsi
android.gsi.IGsiService	6	enableGsiAsync
android.gsi.IGsiService	7	isGsiEnabled
android.gsi.IGsiService	8	cancelGsiInstall
android.gsi.IGsiService	9	isGsiInstallInProgress
android.gsi.IGsiService	10	removeGsi
android.gsi.IGsiService	11	removeGsiAsync
android.gsi.IGsiService	12	disableGsi
android.gsi.IGsiService	13	isGsiInstalled
android.gsi.IGsiService	14	isGsiRunning
android.gsi.IGsiService	15	getActiveDsuSlot
android.gsi.IGsiService	16	getInstalledGsiImageDir
android.gsi.IGsiService	17	getInstalledDsuSlots
android.gsi.IGsiService	18	openInstall
android.gsi.IGsiService	19	closeInstall
android.gsi.IGsiService	20	createPartition
android.gsi.IGsiService	21	closePartition
android.gsi.IGsiService	22	zeroPartition
android.gsi.IGsiService	23	openImageService
android.gsi.IGsiService	24	dumpDeviceMapperDevices
android.gsi.IGsiService	25	getAvbPublicKey
android.gsi.IGsiService	26	suggestScratchSize
android.gsi.IGsiServiceCallback	1	onResult
android.gsi.IImageService	1	createBackingImage
android.gsi.IImageService	2	deleteBackingImage
android.gsi.IImageService	3	mapImageDevice
android.gsi.IImageService	4	unmapImageDevice
android.gsi.IImageService	5	backingImageExists
android.gsi.IImageService	6	isImageMapped
android.gsi.IImageService	7	getAvbPublicKey
android.gsi.IImageService	8	getAllBackingImages
android.gsi.IImageService	9	zeroFillNewImage
android.gsi.IImageService	10	removeAllImages
android.gsi.IImageService	11	disableImage
android.gsi.IImageService	12	removeDisabledImages
android.gsi.IImageService	13	isImageDisabled
android.gsi.IImageService	14	getMappedImageDevice
android.gsi.IProgressCallback	1	onProgress
android.hardware.ICamera	1	disconnect
android.hardware.ICameraService	1	getNumberOfCameras
android.hardware.ICameraService	2	getCameraInfo
android.hardware.ICameraService	3	connect
android.hardware.ICameraService	4	connectDevice
android.hardware.ICameraService	5	addListener
android.hardware.ICameraService	6	getConcurrentCameraIds
android.hardware.ICameraService	7	isConcurrentSessionConfigurationSupported
android.hardware.ICameraService	8	injectSessionParams
android.hardware.ICameraService	9	removeListener
android.hardware.ICameraService	10	getCameraCharacteristics
android.hardware.ICameraService	11	getCameraVendorTagDescriptor
android.hardware.ICameraService	12	getCameraVendorTagCache
android.hardware.ICameraService	13	getLegacyParameters
android.hardware.ICameraService	14	supportsCameraApi
android.hardware.ICameraService	15	isHiddenPhysicalCamera
android.hardware.ICameraService	16	injectCamera
android.hardware.ICameraService	17	setTorchMode
android.hardware.ICameraService	18	turnOnTorchWithStrengthLevel
android.hardware.ICameraService	19	getTorchStrengthLevel
android.hardware.ICameraService	20	notifySystemEvent
android.hardware.ICameraService	21	notifyDisplayConfigurationChange
android.hardware.ICameraService	22	notifyDeviceStateChange
android.hardware.ICameraService	23	reportExtensionSessionStats
android.hardware.ICameraService	24	createDefaultRequest
android.hardware.ICameraService	25	isSessionConfigurationWithParametersSupported
android.hardware.ICameraService	26	getSessionCharacteristics
android.hardware.ICameraServiceListener	1	onStatusChanged
android.hardware.ICameraServiceListener	2	onPhysicalCameraStatusChanged
android.hardware.ICameraServiceListener	3	onTorchStatusChanged
android.hardware.ICameraServiceListener	4	onTorchStrengthLevelChanged
android.hardware.ICameraServiceListener	5	onCameraAccessPrioritiesChanged
android.hardware.ICameraServiceListener	6	onCameraOpened
android.hardware.ICameraServiceListener	7	onCameraOpenedInSharedMode
android.hardware.ICameraServiceListener	8	onCameraClosed
android.hardware.ICameraServiceProxy	1	pingForUserUpdate
android.hardware.ICameraServiceProxy	2	notifyCameraState
android.hardware.ICameraServiceProxy	3	notifyFeatureCombinationStats
android.hardware.ICameraServiceProxy	4	getRotateAndCropOverride
android.hardware.ICameraServiceProxy	5	getAutoframingOverride
android.hardware.ICameraServiceProxy	6	isCameraDisabled
android.hardware.IConsumerIrService	1	hasIrEmitter
android.hardware.IConsumerIrService	2	transmit
android.hardware.IConsumerIrService	3	getCarrierFrequencies
android.hardware.ISensorPrivacyListener	1	onSensorPrivacyChanged
android.hardware.ISensorPrivacyListener	2	onSensorPrivacyStateChanged
android.hardware.ISensorPrivacyManager	1	supportsSensorToggle
android.hardware.ISensorPrivacyManager	2	addSensorPrivacyListener
android.hardware.ISensorPrivacyManager	3	addToggleSensorPrivacyListener
android.hardware.ISensorPrivacyManager	4	removeSensorPrivacyListener
android.hardware.ISensorPrivacyManager	5	removeToggleSensorPrivacyListener
android.hardware.ISensorPrivacyManager	6	isSensorPrivacyEnabled
android.hardware.ISensorPrivacyManager	7	isCombinedToggleSensorPrivacyEnabled
android.hardware.ISensorPrivacyManager	8	isToggleSensorPrivacyEnabled
android.hardware.ISensorPrivacyManager	9	setSensorPrivacy
android.hardware.ISensorPrivacyManager	10	setToggleSensorPrivacy
android.hardware.ISensorPrivacyManager	11	setToggleSensorPrivacyForProfileGroup
android.hardware.ISensorPrivacyManager	12	getCameraPrivacyAllowlist
android.hardware.ISensorPrivacyManager	13	getToggleSensorPrivacyState
android.hardware.ISensorPrivacyManager	14	setToggleSensorPrivacyState
android.hardware.ISensorPrivacyManager	15	setToggleSensorPrivacyStateForProfileGroup
android.hardware.ISensorPrivacyManager	16	isCameraPrivacyEnabled
android.hardware.ISensorPrivacyManager	17	setCameraPrivacyAllowlist
android.hardware.ISensorPrivacyManager	18	suppressToggleSensorPrivacyReminders
android.hardware.ISensorPrivacyManager	19	requiresAuthentication
android.hardware.ISensorPrivacyManager	20	showSensorUseDialog
android.hardware.ISerialManager	1	getSerialPorts
android.hardware.ISerialManager	2	openSerialPort
android.hardware.biometrics.AuthenticationStateListener	1	onAuthenticationAcquired
android.hardware.biometrics.AuthenticationStateListener	2	onAuthenticationError
android.hardware.biometrics.AuthenticationStateListener	3	onAuthenticationFailed
android.hardware.biometrics.AuthenticationStateListener	4	onAuthenticationHelp
android.hardware.biometrics.AuthenticationStateListener	5	onAuthenticationStarted
android.hardware.biometrics.AuthenticationStateListener	6	onAuthenticationStopped
android.hardware.biometrics.AuthenticationStateListener	7	onAuthenticationSucceeded
android.hardware.biometrics.IAuthService	1	createTestSession
android.hardware.biometrics.IAuthService	2	getSensorProperties
android.hardware.biometrics.IAuthService	3	getUiPackage
android.hardware.biometrics.IAuthService	4	authenticate
android.hardware.biometrics.IAuthService	5	cancelAuthentication
android.hardware.biometrics.IAuthService	6	canAuthenticate
android.hardware.biometrics.IAuthService	7	getLastAuthenticationTime
android.hardware.biometrics.IAuthService	8	hasEnrolledBiometrics
android.hardware.biometrics.IAuthService	9	registerEnabledOnKeyguardCallback
android.hardware.biometrics.IAuthService	10	registerAuthenticationStateListener
android.hardware.biometrics.IAuthService	11	unregisterAuthenticationStateListener
android.hardware.biometrics.IAuthService	12	invalidateAuthenticatorIds
android.hardware.biometrics.IAuthService	13	getAuthenticatorIds
android.hardware.biometrics.IAuthService	14	resetLockoutTimeBound
android.hardware.biometrics.IAuthService	15	resetLockout
android.hardware.biometrics.IAuthService	16	getButtonLabel
android.hardware.biometrics.IAuthService	17	getPromptMessage
android.hardware.biometrics.IAuthService	18	getSettingName
android.hardware.biometrics.IBiometricAuthenticator	1	createTestSession
android.hardware.biometrics.IBiometricAuthenticator	2	getSensorProperties
android.hardware.biometrics.IBiometricAuthenticator	3	dumpSensorServiceStateProto
android.hardware.biometrics.IBiometricAuthenticator	4	prepareForAuthentication
android.hardware.biometrics.IBiometricAuthenticator	5	startPreparedClient
android.hardware.biometrics.IBiometricAuthenticator	6	cancelAuthenticationFromService
android.hardware.biometrics.IBiometricAuthenticator	7	isHardwareDetected
android.hardware.biometrics.IBiometricAuthenticator	8	hasEnrolledTemplates
android.hardware.biometrics.IBiometricAuthenticator	9	getLockoutModeForUser
android.hardware.biometrics.IBiometricAuthenticator	10	invalidateAuthenticatorId
android.hardware.biometrics.IBiometricAuthenticator	11	getAuthenticatorId
android.hardware.biometrics.IBiometricAuthenticator	12	resetLockout
android.hardware.biometrics.IBiometricContextListener	1	onFoldChanged
android.hardware.biometrics.IBiometricContextListener	2	onDisplayStateChanged
android.hardware.biometrics.IBiometricContextListener	3	onHardwareIgnoreTouchesChanged
android.hardware.biometrics.IBiometricEnabledOnKeyguardCallback	1	onChanged
android.hardware.biometrics.IBiometricSensorReceiver	1	onAuthenticationSucceeded
android.hardware.biometrics.IBiometricSensorReceiver	2	onAuthenticationFailed
android.hardware.biometrics.IBiometricSensorReceiver	3	onError
android.hardware.biometrics.IBiometricSensorReceiver	4	onAcquired
android.hardware.biometrics.IBiometricService	1	createTestSession
android.hardware.biometrics.IBiometricService	2	getSensorProperties
android.hardware.biometrics.IBiometricService	3	authenticate
android.hardware.biometrics.IBiometricService	4	cancelAuthentication
android.hardware.biometrics.IBiometricService	5	canAuthenticate
android.hardware.biometrics.IBiometricService	6	getLastAuthenticationTime
android.hardware.biometrics.IBiometricService	7	hasEnrolledBiometrics
android.hardware.biometrics.IBiometricService	8	registerAuthenticator
android.hardware.biometrics.IBiometricService	9	registerEnabledOnKeyguardCallback
android.hardware.biometrics.IBiometricService	10	onReadyForAuthentication
android.hardware.biometrics.IBiometricService	11	invalidateAuthenticatorIds
android.hardware.biometrics.IBiometricService	12	getAuthenticatorIds
android.hardware.biometrics.IBiometricService	13	resetLockoutTimeBound
android.hardware.biometrics.IBiometricService	14	resetLockout
android.hardware.biometrics.IBiometricService	15	getCurrentStrength
android.hardware.biometrics.IBiometricService	16	getCurrentModality
android.hardware.biometrics.IBiometricService	17	getSupportedModalities
android.hardware.biometrics.IBiometricServiceLockoutResetCallback	1	onLockoutReset
android.hardware.biometrics.IBiometricServiceReceiver	1	onAuthenticationSucceeded
android.hardware.biometrics.IBiometricServiceReceiver	2	onAuthenticationFailed
android.hardware.biometrics.IBiometricServiceReceiver	3	onError
android.hardware.biometrics.IBiometricServiceReceiver	4	onAcquired
android.hardware.biometrics.IBiometricServiceReceiver	5	onDialogDismissed
android.hardware.biometrics.IBiometricServiceReceiver	6	onSystemEvent
android.hardware.biometrics.IBiometricStateListener	1	onStateChanged
android.hardware.biometrics.IBiometricStateListener	2	onBiometricAction
android.hardware.biometrics.IBiometricStateListener	3	onEnrollmentsChanged
android.hardware.biometrics.IBiometricSysuiReceiver	1	onDialogDismissed
android.hardware.biometrics.IBiometricSysuiReceiver	2	onTryAgainPressed
android.hardware.biometrics.IBiometricSysuiReceiver	3	onDeviceCredentialPressed
android.hardware.biometrics.IBiometricSysuiReceiver	4	onSystemEvent
android.hardware.biometrics.IBiometricSysuiReceiver	5	onDialogAnimatedIn
android.hardware.biometrics.IBiometricSysuiReceiver	6	onStartFingerprintNow
android.hardware.biometrics.IInvalidationCallback	1	onCompleted
android.hardware.biometrics.ITestSession	1	setTestHalEnabled
android.hardware.biometrics.ITestSession	2	startEnroll
android.hardware.biometrics.ITestSession	3	finishEnroll
android.hardware.biometrics.ITestSession	4	acceptAuthentication
android.hardware.biometrics.ITestSession	5	rejectAuthentication
android.hardware.biometrics.ITestSession	6	notifyAcquired
android.hardware.biometrics.ITestSession	7	notifyError
android.hardware.biometrics.ITestSession	8	cleanupInternalState
android.hardware.biometrics.ITestSession	9	getSensorId
android.hardware.biometrics.ITestSessionCallback	1	onCleanupStarted
android.hardware.biometrics.ITestSessionCallback	2	onCleanupFinished
android.hardware.biometrics.common.ICancellationSignal	1	cancel
android.hardware.biometrics.common.ICancellationSignal	16777214	getInterfaceHash
android.hardware.biometrics.common.ICancellationSignal	16777215	getInterfaceVersion
android.hardware.biometrics.face.IFace	1	getSensorProps
android.hardware.biometrics.face.IFace	2	createSession
android.hardware.biometrics.face.IFace	16777214	getInterfaceHash
android.hardware.biometrics.face.IFace	16777215	getInterfaceVersion
android.hardware.biometrics.face.ISession	1	generateChallenge
android.hardware.biometrics.face.ISession	2	revokeChallenge
android.hardware.biometrics.face.ISession	3	getEnrollmentConfig
android.hardware.biometrics.face.ISession	4	enroll
android.hardware.biometrics.face.ISession	5	authenticate
android.hardware.biometrics.face.ISession	6	detectInteraction
android.hardware.biometrics.face.ISession	7	enumerateEnrollments
android.hardware.biometrics.face.ISession	8	removeEnrollments
android.hardware.biometrics.face.ISession	9	getFeatures
android.hardware.biometrics.face.ISession	10	setFeature
android.hardware.biometrics.face.ISession	11	getAuthenticatorId
android.hardware.biometrics.face.ISession	12	invalidateAuthenticatorId
android.hardware.biometrics.face.ISession	13	resetLockout
android.hardware.biometrics.face.ISession	14	close
android.hardware.biometrics.face.ISession	15	authenticateWithContext
android.hardware.biometrics.face.ISession	16	enrollWithContext
android.hardware.biometrics.face.ISession	17	detectInteractionWithContext
android.hardware.biometrics.face.ISession	18	onContextChanged
android.hardware.biometrics.face.ISession	19	enrollWithOptions
android.hardware.biometrics.face.ISession	16777214	getInterfaceHash
android.hardware.biometrics.face.ISession	16777215	getInterfaceVersion
android.hardware.biometrics.face.ISessionCallback	1	onChallengeGenerated
android.hardware.biometrics.face.ISessionCallback	2	onChallengeRevoked
android.hardware.biometrics.face.ISessionCallback	3	onAuthenticationFrame
android.hardware.biometrics.face.ISessionCallback	4	onEnrollmentFrame
android.hardware.biometrics.face.ISessionCallback	5	onError
android.hardware.biometrics.face.ISessionCallback	6	onEnrollmentProgress
android.hardware.biometrics.face.ISessionCallback	7	onAuthenticationSucceeded
android.hardware.biometrics.face.ISessionCallback	8	onAuthenticationFailed
android.hardware.biometrics.face.ISessionCallback	9	onLockoutTimed
android.hardware.biometrics.face.ISessionCallback	10	onLockoutPermanent
android.hardware.biometrics.face.ISessionCallback	11	onLockoutCleared
android.hardware.biometrics.face.ISessionCallback	12	onInteractionDetected
android.hardware.biometrics.face.ISessionCallback	13	onEnrollmentsEnumerated
android.hardware.biometrics.face.ISessionCallback	14	onFeaturesRetrieved
android.hardware.biometrics.face.ISessionCallback	15	onFeatureSet
android.hardware.biometrics.face.ISessionCallback	16	onEnrollmentsRemoved
android.hardware.biometrics.face.ISessionCallback	17	onAuthenticatorIdRetrieved
android.hardware.biometrics.face.ISessionCallback	18	onAuthenticatorIdInvalidated
android.hardware.biometrics.face.ISessionCallback	19	onSessionClosed
android.hardware.biometrics.face.ISessionCallback	16777214	getInterfaceHash
android.hardware.biometrics.face.ISessionCallback	16777215	getInterfaceVersion
android.hardware.biometrics.face.virtualhal.IVirtualHal	1	setEnrollments
android.hardware.biometrics.face.virtualhal.IVirtualHal	2	setEnrollmentHit
android.hardware.biometrics.face.virtualhal.IVirtualHal	3	setNextEnrollment
android.hardware.biometrics.face.virtualhal.IVirtualHal	4	setAuthenticatorId
android.hardware.biometrics.face.virtualhal.IVirtualHal	5	setChallenge
android.hardware.biometrics.face.virtualhal.IVirtualHal	6	setOperationAuthenticateFails
android.hardware.biometrics.face.virtualhal.IVirtualHal	7	setOperationAuthenticateLatency
android.hardware.biometrics.face.virtualhal.IVirtualHal	8	setOperationAuthenticateDuration
android.hardware.biometrics.face.virtualhal.IVirtualHal	9	setOperationAuthenticateError
android.hardware.biometrics.face.virtualhal.IVirtualHal	10	setOperationAuthenticateAcquired
android.hardware.biometrics.face.virtualhal.IVirtualHal	11	setOperationEnrollLatency
android.hardware.biometrics.face.virtualhal.IVirtualHal	12	setOperationDetectInteractionLatency
android.hardware.biometrics.face.virtualhal.IVirtualHal	13	setOperationDetectInteractionFails
android.hardware.biometrics.face.virtualhal.IVirtualHal	14	setLockout
android.hardware.biometrics.face.virtualhal.IVirtualHal	15	setLockoutEnable
android.hardware.biometrics.face.virtualhal.IVirtualHal	16	setLockoutTimedEnable
android.hardware.biometrics.face.virtualhal.IVirtualHal	17	setLockoutTimedThreshold
android.hardware.biometrics.face.virtualhal.IVirtualHal	18	setLockoutTimedDuration
android.hardware.biometrics.face.virtualhal.IVirtualHal	19	setLockoutPermanentThreshold
android.hardware.biometrics.face.virtualhal.IVirtualHal	20	resetConfigurations
android.hardware.biometrics.face.virtualhal.IVirtualHal	21	setType
android.hardware.biometrics.face.virtualhal.IVirtualHal	22	setSensorStrength
android.hardware.biometrics.face.virtualhal.IVirtualHal	23	getFaceHal
android.hardware.biometrics.fingerprint.IFingerprint	1	getSensorProps
android.hardware.biometrics.fingerprint.IFingerprint	2	createSession
android.hardware.biometrics.fingerprint.IFingerprint	16777214	getInterfaceHash
android.hardware.biometrics.fingerprint.IFingerprint	16777215	getInterfaceVersion
android.hardware.biometrics.fingerprint.ISession	1	generateChallenge
android.hardware.biometrics.fingerprint.ISession	2	revokeChallenge
android.hardware.biometrics.fingerprint.ISession	3	enroll
android.hardware.biometrics.fingerprint.ISession	4	authenticate
android.hardware.biometrics.fingerprint.ISession	5	detectInteraction
android.hardware.biometrics.fingerprint.ISession	6	enumerateEnrollments
android.hardware.biometrics.fingerprint.ISession	7	removeEnrollments
android.hardware.biometrics.fingerprint.ISession	8	getAuthenticatorId
android.hardware.biometrics.fingerprint.ISession	9	invalidateAuthenticatorId
android.hardware.biometrics.fingerprint.ISession	10	resetLockout
android.hardware.biometrics.fingerprint.ISession	11	close
android.hardware.biometrics.fingerprint.ISession	12	onPointerDown
android.hardware.biometrics.fingerprint.ISession	13	onPointerUp
android.hardware.biometrics.fingerprint.ISession	14	onUiReady
android.hardware.biometrics.fingerprint.ISession	15	authenticateWithContext
android.hardware.biometrics.fingerprint.ISession	16	enrollWithContext
android.hardware.biometrics.fingerprint.ISession	17	detectInteractionWithContext
android.hardware.biometrics.fingerprint.ISession	18	onPointerDownWithContext
android.hardware.biometrics.fingerprint.ISession	19	onPointerUpWithContext
android.hardware.biometrics.fingerprint.ISession	20	onContextChanged
android.hardware.biometrics.fingerprint.ISession	21	onPointerCancelWithContext
android.hardware.biometrics.fingerprint.ISession	22	setIgnoreDisplayTouches
android.hardware.biometrics.fingerprint.ISession	16777214	getInterfaceHash
android.hardware.biometrics.fingerprint.ISession	16777215	getInterfaceVersion
android.hardware.biometrics.fingerprint.ISessionCallback	1	onChallengeGenerated
android.hardware.biometrics.fingerprint.ISessionCallback	2	onChallengeRevoked
android.hardware.biometrics.fingerprint.ISessionCallback	3	onAcquired
android.hardware.biometrics.fingerprint.ISessionCallback	4	onError
android.hardware.biometrics.fingerprint.ISessionCallback	5	onEnrollmentProgress
android.hardware.biometrics.fingerprint.ISessionCallback	6	onAuthenticationSucceeded
android.hardware.biometrics.fingerprint.ISessionCallback	7	onAuthenticationFailed
android.hardware.biometrics.fingerprint.ISessionCallback	8	onLockoutTimed
android.hardware.biometrics.fingerprint.ISessionCallback	9	onLockoutPermanent
android.hardware.biometrics.fingerprint.ISessionCallback	10	onLockoutCleared
android.hardware.biometrics.fingerprint.ISessionCallback	11	onInteractionDetected
android.hardware.biometrics.fingerprint.ISessionCallback	12	onEnrollmentsEnumerated
android.hardware.biometrics.fingerprint.ISessionCallback	13	onEnrollmentsRemoved
android.hardware.biometrics.fingerprint.ISessionCallback	14	onAuthenticatorIdRetrieved
android.hardware.biometrics.fingerprint.ISessionCallback	15	onAuthenticatorIdInvalidated
android.hardware.biometrics.fingerprint.ISessionCallback	16	onSessionClosed
android.hardware.biometrics.fingerprint.ISessionCallback	16777214	getInterfaceHash
android.hardware.biometrics.fingerprint.ISessionCallback	16777215	getInterfaceVersion
android.hardware.biometrics.fingerprint.virtualhal.IVirtualHal	1	setEnrollments
android.hardware.biometrics.fingerprint.virtualhal.IVirtualHal	2	setEnrollmentHit
android.hardware.biometrics.fingerprint.virtualhal.IVirtualHal	3	setNextEnrollment
android.hardware.biometrics.fingerprint.virtualhal.IVirtualHal	4	setAuthenticatorId
android.hardware.biometrics.fingerprint.virtualhal.IVirtualHal	5	setChallenge
android.hardware.biometrics.fingerprint.virtualhal.IVirtualHal	6	setOperationAuthenticateFails
android.hardware.biometrics.fingerprint.virtualhal.IVirtualHal	7	setOperationAuthenticateLatency
android.hardware.biometrics.fingerprint.virtualhal.IVirtualHal	8	setOperationAuthenticateDuration
android.hardware.biometrics.fingerprint.virtualhal.IVirtualHal	9	setOperationAuthenticateError
android.hardware.biometrics.fingerprint.virtualhal.IVirtualHal	10	setOperationAuthenticateAcquired
android.hardware.biometrics.fingerprint.virtualhal.IVirtualHal	11	setOperationEnrollError
android.hardware.biometrics.fingerprint.virtualhal.IVirtualHal	12	setOperationEnrollLatency
android.hardware.biometrics.fingerprint.virtualhal.IVirtualHal	13	setOperationDetectInteractionLatency
android.hardware.biometrics.fingerprint.virtualhal.IVirtualHal	14	setOperationDetectInteractionError
android.hardware.biometrics.fingerprint.virtualhal.IVirtualHal	15	setOperationDetectInteractionDuration
android.hardware.biometrics.fingerprint.virtualhal.IVirtualHal	16	setOperationDetectInteractionAcquired
android.hardware.biometrics.fingerprint.virtualhal.IVirtualHal	17	setLockout
android.hardware.biometrics.fingerprint.virtualhal.IVirtualHal	18	setLockoutEnable
android.hardware.biometrics.fingerprint.virtualhal.IVirtualHal	19	setLockoutTimedThreshold
android.hardware.biometrics.fingerprint.virtualhal.IVirtualHal	20	setLockoutTimedDuration
android.hardware.biometrics.fingerprint.virtualhal.IVirtualHal	21	setLockoutPermanentThreshold
android.hardware.biometrics.fingerprint.virtualhal.IVirtualHal	22	resetConfigurations
android.hardware.biometrics.fingerprint.virtualhal.IVirtualHal	23	setType
android.hardware.biometrics.fingerprint.virtualhal.IVirtualHal	24	setSensorId
android.hardware.biometrics.fingerprint.virtualhal.IVirtualHal	25	setSensorStrength
android.hardware.biometrics.fingerprint.virtualhal.IVirtualHal	26	setMaxEnrollmentPerUser
android.hardware.biometrics.fingerprint.virtualhal.IVirtualHal	27	setSensorLocation
android.hardware.biometrics.fingerprint.virtualhal.IVirtualHal	28	setNavigationGuesture
android.hardware.biometrics.fingerprint.virtualhal.IVirtualHal	29	setDetectInteraction
android.hardware.biometrics.fingerprint.virtualhal.IVirtualHal	30	setDisplayTouch
android.hardware.biometrics.fingerprint.virtualhal.IVirtualHal	31	setControlIllumination
android.hardware.biometrics.fingerprint.virtualhal.IVirtualHal	32	getFingerprintHal
android.hardware.camera2.ICameraDeviceCallbacks	1	onDeviceError
android.hardware.camera2.ICameraDeviceCallbacks	2	onDeviceIdle
android.hardware.camera2.ICameraDeviceCallbacks	3	onCaptureStarted
android.hardware.camera2.ICameraDeviceCallbacks	4	onResultReceived
android.hardware.camera2.ICameraDeviceCallbacks	5	onPrepared
android.hardware.camera2.ICameraDeviceCallbacks	6	onRepeatingRequestError
android.hardware.camera2.ICameraDeviceCallbacks	7	onRequestQueueEmpty
android.hardware.camera2.ICameraDeviceCallbacks	8	onClientSharedAccessPriorityChanged
android.hardware.camera2.ICameraDeviceUser	1	disconnect
android.hardware.camera2.ICameraDeviceUser	2	submitRequest
android.hardware.camera2.ICameraDeviceUser	3	submitRequestList
android.hardware.camera2.ICameraDeviceUser	4	cancelRequest
android.hardware.camera2.ICameraDeviceUser	5	beginConfigure
android.hardware.camera2.ICameraDeviceUser	6	endConfigure
android.hardware.camera2.ICameraDeviceUser	7	isSessionConfigurationSupported
android.hardware.camera2.ICameraDeviceUser	8	deleteStream
android.hardware.camera2.ICameraDeviceUser	9	createStream
android.hardware.camera2.ICameraDeviceUser	10	createInputStream
android.hardware.camera2.ICameraDeviceUser	11	getInputSurface
android.hardware.camera2.ICameraDeviceUser	12	createDefaultRequest
android.hardware.camera2.ICameraDeviceUser	13	getCameraInfo
android.hardware.camera2.ICameraDeviceUser	14	waitUntilIdle
android.hardware.camera2.ICameraDeviceUser	15	flush
android.hardware.camera2.ICameraDeviceUser	16	prepare
android.hardware.camera2.ICameraDeviceUser	17	tearDown
android.hardware.camera2.ICameraDeviceUser	18	prepare2
android.hardware.camera2.ICameraDeviceUser	19	updateOutputConfiguration
android.hardware.camera2.ICameraDeviceUser	20	finalizeOutputConfigurations
android.hardware.camera2.ICameraDeviceUser	21	getCaptureResultMetadataQueue
android.hardware.camera2.ICameraDeviceUser	22	setCameraAudioRestriction
android.hardware.camera2.ICameraDeviceUser	23	getGlobalAudioRestriction
android.hardware.camera2.ICameraDeviceUser	24	switchToOffline
android.hardware.camera2.ICameraDeviceUser	25	isPrimaryClient
android.hardware.camera2.ICameraInjectionCallback	1	onInjectionError
android.hardware.camera2.ICameraInjectionSession	1	stopInjection
android.hardware.camera2.ICameraOfflineSession	1	disconnect
android.hardware.camera2.extension.IAdvancedExtenderImpl	1	isExtensionAvailable
android.hardware.camera2.extension.IAdvancedExtenderImpl	2	init
android.hardware.camera2.extension.IAdvancedExtenderImpl	3	getEstimatedCaptureLatencyRange
android.hardware.camera2.extension.IAdvancedExtenderImpl	4	getSupportedPreviewOutputResolutions
android.hardware.camera2.extension.IAdvancedExtenderImpl	5	getSupportedCaptureOutputResolutions
android.hardware.camera2.extension.IAdvancedExtenderImpl	6	getSupportedPostviewResolutions
android.hardware.camera2.extension.IAdvancedExtenderImpl	7	getSessionProcessor
android.hardware.camera2.extension.IAdvancedExtenderImpl	8	getAvailableCaptureRequestKeys
android.hardware.camera2.extension.IAdvancedExtenderImpl	9	getAvailableCaptureResultKeys
android.hardware.camera2.extension.IAdvancedExtenderImpl	10	isCaptureProcessProgressAvailable
android.hardware.camera2.extension.IAdvancedExtenderImpl	11	isPostviewAvailable
android.hardware.camera2.extension.IAdvancedExtenderImpl	12	getAvailableCharacteristicsKeyValues
android.hardware.camera2.extension.ICameraExtensionsProxyService	1	registerClient
android.hardware.camera2.extension.ICameraExtensionsProxyService	2	unregisterClient
android.hardware.camera2.extension.ICameraExtensionsProxyService	3	advancedExtensionsSupported
android.hardware.camera2.extension.ICameraExtensionsProxyService	4	initializeSession
android.hardware.camera2.extension.ICameraExtensionsProxyService	5	releaseSession
android.hardware.camera2.extension.ICameraExtensionsProxyService	6	initializePreviewExtension
android.hardware.camera2.extension.ICameraExtensionsProxyService	7	initializeImageExtension
android.hardware.camera2.extension.ICameraExtensionsProxyService	8	initializeAdvancedExtension
android.hardware.camera2.extension.ICaptureCallback	1	onCaptureStarted
android.hardware.camera2.extension.ICaptureCallback	2	onCaptureProcessStarted
android.hardware.camera2.extension.ICaptureCallback	3	onCaptureFailed
android.hardware.camera2.extension.ICaptureCallback	4	onCaptureSequenceCompleted
android.hardware.camera2.extension.ICaptureCallback	5	onCaptureSequenceAborted
android.hardware.camera2.extension.ICaptureCallback	6	onCaptureCompleted
android.hardware.camera2.extension.ICaptureCallback	7	onCaptureProcessProgressed
android.hardware.camera2.extension.ICaptureCallback	8	onCaptureProcessFailed
android.hardware.camera2.extension.ICaptureProcessorImpl	1	onOutputSurface
android.hardware.camera2.extension.ICaptureProcessorImpl	2	onPostviewOutputSurface
android.hardware.camera2.extension.ICaptureProcessorImpl	3	onResolutionUpdate
android.hardware.camera2.extension.ICaptureProcessorImpl	4	onImageFormatUpdate
android.hardware.camera2.extension.ICaptureProcessorImpl	5	process
android.hardware.camera2.extension.IImageCaptureExtenderImpl	1	onInit
android.hardware.camera2.extension.IImageCaptureExtenderImpl	2	onDeInit
android.hardware.camera2.extension.IImageCaptureExtenderImpl	3	onPresetSession
android.hardware.camera2.extension.IImageCaptureExtenderImpl	4	onEnableSession
android.hardware.camera2.extension.IImageCaptureExtenderImpl	5	onDisableSession
android.hardware.camera2.extension.IImageCaptureExtenderImpl	6	getSessionType
android.hardware.camera2.extension.IImageCaptureExtenderImpl	7	isExtensionAvailable
android.hardware.camera2.extension.IImageCaptureExtenderImpl	8	init
android.hardware.camera2.extension.IImageCaptureExtenderImpl	9	getCaptureProcessor
android.hardware.camera2.extension.IImageCaptureExtenderImpl	10	getCaptureStages
android.hardware.camera2.extension.IImageCaptureExtenderImpl	11	getMaxCaptureStage
android.hardware.camera2.extension.IImageCaptureExtenderImpl	12	getSupportedResolutions
android.hardware.camera2.extension.IImageCaptureExtenderImpl	13	getSupportedPostviewResolutions
android.hardware.camera2.extension.IImageCaptureExtenderImpl	14	getEstimatedCaptureLatencyRange
android.hardware.camera2.extension.IImageCaptureExtenderImpl	15	getAvailableCaptureRequestKeys
android.hardware.camera2.extension.IImageCaptureExtenderImpl	16	getAvailableCaptureResultKeys
android.hardware.camera2.extension.IImageCaptureExtenderImpl	17	isCaptureProcessProgressAvailable
android.hardware.camera2.extension.IImageCaptureExtenderImpl	18	getRealtimeCaptureLatency
android.hardware.camera2.extension.IImageCaptureExtenderImpl	19	isPostviewAvailable
android.hardware.camera2.extension.IImageProcessorImpl	1	onNextImageAvailable
android.hardware.camera2.extension.IInitializeSessionCallback	1	onSuccess
android.hardware.camera2.extension.IInitializeSessionCallback	2	onFailure
android.hardware.camera2.extension.IOutputSurfaceConfiguration	1	getPreviewOutputSurface
android.hardware.camera2.extension.IOutputSurfaceConfiguration	2	getImageCaptureOutputSurface
android.hardware.camera2.extension.IOutputSurfaceConfiguration	3	getImageAnalysisOutputSurface
android.hardware.camera2.extension.IOutputSurfaceConfiguration	4	getPostviewOutputSurface
android.hardware.camera2.extension.IPreviewExtenderImpl	1	onInit
android.hardware.camera2.extension.IPreviewExtenderImpl	2	onDeInit
android.hardware.camera2.extension.IPreviewExtenderImpl	3	onPresetSession
android.hardware.camera2.extension.IPreviewExtenderImpl	4	onEnableSession
android.hardware.camera2.extension.IPreviewExtenderImpl	5	onDisableSession
android.hardware.camera2.extension.IPreviewExtenderImpl	6	init
android.hardware.camera2.extension.IPreviewExtenderImpl	7	isExtensionAvailable
android.hardware.camera2.extension.IPreviewExtenderImpl	8	getCaptureStage
android.hardware.camera2.extension.IPreviewExtenderImpl	9	getSessionType
android.hardware.camera2.extension.IPreviewExtenderImpl	10	getProcessorType
android.hardware.camera2.extension.IPreviewExtenderImpl	11	getPreviewImageProcessor
android.hardware.camera2.extension.IPreviewExtenderImpl	12	getRequestUpdateProcessor
android.hardware.camera2.extension.IPreviewExtenderImpl	13	getSupportedResolutions
android.hardware.camera2.extension.IPreviewImageProcessorImpl	1	onOutputSurface
android.hardware.camera2.extension.IPreviewImageProcessorImpl	2	onResolutionUpdate
android.hardware.camera2.extension.IPreviewImageProcessorImpl	3	onImageFormatUpdate
android.hardware.camera2.extension.IPreviewImageProcessorImpl	4	process
android.hardware.camera2.extension.IProcessResultImpl	1	onCaptureCompleted
android.hardware.camera2.extension.IProcessResultImpl	2	onCaptureProcessProgressed
android.hardware.camera2.extension.IRequestCallback	1	onCaptureStarted
android.hardware.camera2.extension.IRequestCallback	2	onCaptureProgressed
android.hardware.camera2.extension.IRequestCallback	3	onCaptureCompleted
android.hardware.camera2.extension.IRequestCallback	4	onCaptureFailed
android.hardware.camera2.extension.IRequestCallback	5	onCaptureBufferLost
android.hardware.camera2.extension.IRequestCallback	6	onCaptureSequenceCompleted
android.hardware.camera2.extension.IRequestCallback	7	onCaptureSequenceAborted
android.hardware.camera2.extension.IRequestProcessorImpl	1	setImageProcessor
android.hardware.camera2.extension.IRequestProcessorImpl	2	submit
android.hardware.camera2.extension.IRequestProcessorImpl	3	submitBurst
android.hardware.camera2.extension.IRequestProcessorImpl	4	setRepeating
android.hardware.camera2.extension.IRequestProcessorImpl	5	abortCaptures
android.hardware.camera2.extension.IRequestProcessorImpl	6	stopRepeating
android.hardware.camera2.extension.IRequestUpdateProcessorImpl	1	onOutputSurface
android.hardware.camera2.extension.IRequestUpdateProcessorImpl	2	onResolutionUpdate
android.hardware.camera2.extension.IRequestUpdateProcessorImpl	3	onImageFormatUpdate
android.hardware.camera2.extension.IRequestUpdateProcessorImpl	4	process
android.hardware.camera2.extension.ISessionProcessorImpl	1	initSession
android.hardware.camera2.extension.ISessionProcessorImpl	2	deInitSession
android.hardware.camera2.extension.ISessionProcessorImpl	3	onCaptureSessionStart
android.hardware.camera2.extension.ISessionProcessorImpl	4	onCaptureSessionEnd
android.hardware.camera2.extension.ISessionProcessorImpl	5	startRepeating
android.hardware.camera2.extension.ISessionProcessorImpl	6	stopRepeating
android.hardware.camera2.extension.ISessionProcessorImpl	7	startCapture
android.hardware.camera2.extension.ISessionProcessorImpl	8	setParameters
android.hardware.camera2.extension.ISessionProcessorImpl	9	startTrigger
android.hardware.camera2.extension.ISessionProcessorImpl	10	getRealtimeCaptureLatency
android.hardware.cas.ICas	1	closeSession
android.hardware.cas.ICas	2	openSessionDefault
android.hardware.cas.ICas	3	openSession
android.hardware.cas.ICas	4	processEcm
android.hardware.cas.ICas	5	processEmm
android.hardware.cas.ICas	6	provision
android.hardware.cas.ICas	7	refreshEntitlements
android.hardware.cas.ICas	8	release
android.hardware.cas.ICas	9	sendEvent
android.hardware.cas.ICas	10	sendSessionEvent
android.hardware.cas.ICas	11	setPrivateData
android.hardware.cas.ICas	12	setSessionPrivateData
android.hardware.cas.ICas	16777214	getInterfaceHash
android.hardware.cas.ICas	16777215	getInterfaceVersion
android.hardware.cas.ICasListener	1	onEvent
android.hardware.cas.ICasListener	2	onSessionEvent
android.hardware.cas.ICasListener	3	onStatusUpdate
android.hardware.cas.ICasListener	16777214	getInterfaceHash
android.hardware.cas.ICasListener	16777215	getInterfaceVersion
android.hardware.cas.IDescrambler	1	descramble
android.hardware.cas.IDescrambler	2	release
android.hardware.cas.IDescrambler	3	requiresSecureDecoderComponent
android.hardware.cas.IDescrambler	4	setMediaCasSession
android.hardware.cas.IDescrambler	16777214	getInterfaceHash
android.hardware.cas.IDescrambler	16777215	getInterfaceVersion
android.hardware.cas.IMediaCasService	1	createDescrambler
android.hardware.cas.IMediaCasService	2	createPlugin
android.hardware.cas.IMediaCasService	3	enumeratePlugins
android.hardware.cas.IMediaCasService	4	isDescramblerSupported
android.hardware.cas.IMediaCasService	5	isSystemIdSupported
android.hardware.cas.IMediaCasService	16777214	getInterfaceHash
android.hardware.cas.IMediaCasService	16777215	getInterfaceVersion
android.hardware.contexthub.IContextHub	1	getContextHubs
android.hardware.contexthub.IContextHub	2	loadNanoapp
android.hardware.contexthub.IContextHub	3	unloadNanoapp
android.hardware.contexthub.IContextHub	4	disableNanoapp
android.hardware.contexthub.IContextHub	5	enableNanoapp
android.hardware.contexthub.IContextHub	6	onSettingChanged
android.hardware.contexthub.IContextHub	7	queryNanoapps
android.hardware.contexthub.IContextHub	8	registerCallback
android.hardware.contexthub.IContextHub	9	sendMessageToHub
android.hardware.contexthub.IContextHub	10	onHostEndpointConnected
android.hardware.contexthub.IContextHub	11	onHostEndpointDisconnected
android.hardware.contexthub.IContextHub	12	getPreloadedNanoappIds
android.hardware.contexthub.IContextHub	13	onNanSessionStateChanged
android.hardware.contexthub.IContextHub	14	setTestMode
android.hardware.contexthub.IContextHub	15	sendMessageDeliveryStatusToHub
android.hardware.contexthub.IContextHub	16	getHubs
android.hardware.contexthub.IContextHub	17	getEndpoints
android.hardware.contexthub.IContextHub	18	registerEndpoint
android.hardware.contexthub.IContextHub	19	unregisterEndpoint
android.hardware.contexthub.IContextHub	20	registerEndpointCallback
android.hardware.contexthub.IContextHub	21	requestSessionIdRange
android.hardware.contexthub.IContextHub	22	openEndpointSession
android.hardware.contexthub.IContextHub	23	sendMessageToEndpoint
android.hardware.contexthub.IContextHub	24	sendMessageDeliveryStatusToEndpoint
android.hardware.contexthub.IContextHub	25	closeEndpointSession
android.hardware.contexthub.IContextHub	26	endpointSessionOpenComplete
android.hardware.contexthub.IContextHub	16777214	getInterfaceHash
android.hardware.contexthub.IContextHub	16777215	getInterfaceVersion
android.hardware.contexthub.IContextHubCallback	1	handleNanoappInfo
android.hardware.contexthub.IContextHubCallback	2	handleContextHubMessage
android.hardware.contexthub.IContextHubCallback	3	handleContextHubAsyncEvent
android.hardware.contexthub.IContextHubCallback	4	handleTransactionResult
android.hardware.contexthub.IContextHubCallback	5	handleNanSessionRequest
android.hardware.contexthub.IContextHubCallback	6	handleMessageDeliveryStatus
android.hardware.contexthub.IContextHubCallback	7	getUuid
android.hardware.contexthub.IContextHubCallback	8	getName
android.hardware.contexthub.IContextHubCallback	16777214	getInterfaceHash
android.hardware.contexthub.IContextHubCallback	16777215	getInterfaceVersion
android.hardware.contexthub.IContextHubEndpoint	1	getAssignedHubEndpointInfo
android.hardware.contexthub.IContextHubEndpoint	2	openSession
android.hardware.contexthub.IContextHubEndpoint	3	closeSession
android.hardware.contexthub.IContextHubEndpoint	4	openSessionRequestComplete
android.hardware.contexthub.IContextHubEndpoint	5	unregister
android.hardware.contexthub.IContextHubEndpoint	6	sendMessage
android.hardware.contexthub.IContextHubEndpoint	7	sendMessageDeliveryStatus
android.hardware.contexthub.IContextHubEndpointCallback	1	onSessionOpenRequest
android.hardware.contexthub.IContextHubEndpointCallback	2	onSessionClosed
android.hardware.contexthub.IContextHubEndpointCallback	3	onSessionOpenComplete
android.hardware.contexthub.IContextHubEndpointCallback	4	onMessageReceived
android.hardware.contexthub.IContextHubEndpointDiscoveryCallback	1	onEndpointsStarted
android.hardware.contexthub.IContextHubEndpointDiscoveryCallback	2	onEndpointsStopped
android.hardware.contexthub.IEndpointCallback	1	onEndpointStarted
android.hardware.contexthub.IEndpointCallback	2	onEndpointStopped
android.hardware.contexthub.IEndpointCallback	3	onMessageReceived
android.hardware.contexthub.IEndpointCallback	4	onMessageDeliveryStatusReceived
android.hardware.contexthub.IEndpointCallback	5	onEndpointSessionOpenRequest
android.hardware.contexthub.IEndpointCallback	6	onCloseEndpointSession
android.hardware.contexthub.IEndpointCallback	7	onEndpointSessionOpenComplete
android.hardware.contexthub.IEndpointCallback	16777214	getInterfaceHash
android.hardware.contexthub.IEndpointCallback	16777215	getInterfaceVersion
android.hardware.devicestate.IDeviceStateManager	1	getDeviceStateInfo
android.hardware.devicestate.IDeviceStateManager	2	registerCallback
android.hardware.devicestate.IDeviceStateManager	3	requestState
android.hardware.devicestate.IDeviceStateManager	4	cancelStateRequest
android.hardware.devicestate.IDeviceStateManager	5	requestBaseStateOverride
android.hardware.devicestate.IDeviceStateManager	6	cancelBaseStateOverride
android.hardware.devicestate.IDeviceStateManager	7	onStateRequestOverlayDismissed
android.hardware.devicestate.IDeviceStateManagerCallback	1	onDeviceStateInfoChanged
android.hardware.devicestate.IDeviceStateManagerCallback	2	onRequestActive
android.hardware.devicestate.IDeviceStateManagerCallback	3	onRequestCanceled
android.hardware.display.IBrightnessListener	1	onBrightnessChanged
android.hardware.display.IColorDisplayManager	1	isDeviceColorManaged
android.hardware.display.IColorDisplayManager	2	setSaturationLevel
android.hardware.display.IColorDisplayManager	3	setAppSaturationLevel
android.hardware.display.IColorDisplayManager	4	isSaturationActivated
android.hardware.display.IColorDisplayManager	5	getTransformCapabilities
android.hardware.display.IColorDisplayManager	6	isNightDisplayActivated
android.hardware.display.IColorDisplayManager	7	setNightDisplayActivated
android.hardware.display.IColorDisplayManager	8	getNightDisplayColorTemperature
android.hardware.display.IColorDisplayManager	9	setNightDisplayColorTemperature
android.hardware.display.IColorDisplayManager	10	getNightDisplayAutoMode
android.hardware.display.IColorDisplayManager	11	getNightDisplayAutoModeRaw
android.hardware.display.IColorDisplayManager	12	setNightDisplayAutoMode
android.hardware.display.IColorDisplayManager	13	getNightDisplayCustomStartTime
android.hardware.display.IColorDisplayManager	14	setNightDisplayCustomStartTime
android.hardware.display.IColorDisplayManager	15	getNightDisplayCustomEndTime
android.hardware.display.IColorDisplayManager	16	setNightDisplayCustomEndTime
android.hardware.display.IColorDisplayManager	17	getColorMode
android.hardware.display.IColorDisplayManager	18	setColorMode
android.hardware.display.IColorDisplayManager	19	isDisplayWhiteBalanceEnabled
android.hardware.display.IColorDisplayManager	20	setDisplayWhiteBalanceEnabled
android.hardware.display.IColorDisplayManager	21	isReduceBrightColorsActivated
android.hardware.display.IColorDisplayManager	22	setReduceBrightColorsActivated
android.hardware.display.IColorDisplayManager	23	getReduceBrightColorsStrength
android.hardware.display.IColorDisplayManager	24	setReduceBrightColorsStrength
android.hardware.display.IColorDisplayManager	25	getReduceBrightColorsOffsetFactor
android.hardware.display.IDisplayManager	1	getDisplayInfo
android.hardware.display.IDisplayManager	2	getDisplayIds
android.hardware.display.IDisplayManager	3	isUidPresentOnDisplay
android.hardware.display.IDisplayManager	4	registerCallback
android.hardware.display.IDisplayManager	5	registerCallbackWithEventMask
android.hardware.display.IDisplayManager	6	startWifiDisplayScan
android.hardware.display.IDisplayManager	7	stopWifiDisplayScan
android.hardware.display.IDisplayManager	8	connectWifiDisplay
android.hardware.display.IDisplayManager	9	disconnectWifiDisplay
android.hardware.display.IDisplayManager	10	renameWifiDisplay
android.hardware.display.IDisplayManager	11	forgetWifiDisplay
android.hardware.display.IDisplayManager	12	pauseWifiDisplay
android.hardware.display.IDisplayManager	13	resumeWifiDisplay
android.hardware.display.IDisplayManager	14	getWifiDisplayStatus
android.hardware.display.IDisplayManager	15	setUserDisabledHdrTypes
android.hardware.display.IDisplayManager	16	setAreUserDisabledHdrTypesAllowed
android.hardware.display.IDisplayManager	17	areUserDisabledHdrTypesAllowed
android.hardware.display.IDisplayManager	18	getUserDisabledHdrTypes
android.hardware.display.IDisplayManager	19	overrideHdrTypes
android.hardware.display.IDisplayManager	20	requestColorMode
android.hardware.display.IDisplayManager	21	createVirtualDisplay
android.hardware.display.IDisplayManager	22	resizeVirtualDisplay
android.hardware.display.IDisplayManager	23	setVirtualDisplaySurface
android.hardware.display.IDisplayManager	24	releaseVirtualDisplay
android.hardware.display.IDisplayManager	25	setVirtualDisplayRotation
android.hardware.display.IDisplayManager	26	getStableDisplaySize
android.hardware.display.IDisplayManager	27	getBrightnessEvents
android.hardware.display.IDisplayManager	28	getAmbientBrightnessStats
android.hardware.display.IDisplayManager	29	setBrightnessConfigurationForUser
android.hardware.display.IDisplayManager	30	setBrightnessConfigurationForDisplay
android.hardware.display.IDisplayManager	31	getBrightnessConfigurationForDisplay
android.hardware.display.IDisplayManager	32	getBrightnessConfigurationForUser
android.hardware.display.IDisplayManager	33	getDefaultBrightnessConfiguration
android.hardware.display.IDisplayManager	34	isMinimalPostProcessingRequested
android.hardware.display.IDisplayManager	35	setTemporaryBrightness
android.hardware.display.IDisplayManager	36	setBrightness
android.hardware.display.IDisplayManager	37	getBrightness
android.hardware.display.IDisplayManager	38	setTemporaryAutoBrightnessAdjustment
android.hardware.display.IDisplayManager	39	getMinimumBrightnessCurve
android.hardware.display.IDisplayManager	40	getBrightnessInfo
android.hardware.display.IDisplayManager	41	getPreferredWideGamutColorSpaceId
android.hardware.display.IDisplayManager	42	setUserPreferredDisplayMode
android.hardware.display.IDisplayManager	43	getUserPreferredDisplayMode
android.hardware.display.IDisplayManager	44	getSystemPreferredDisplayMode
android.hardware.display.IDisplayManager	45	setHdrConversionMode
android.hardware.display.IDisplayManager	46	getHdrConversionModeSetting
android.hardware.display.IDisplayManager	47	getHdrConversionMode
android.hardware.display.IDisplayManager	48	getSupportedHdrOutputTypes
android.hardware.display.IDisplayManager	49	setShouldAlwaysRespectAppRequestedMode
android.hardware.display.IDisplayManager	50	shouldAlwaysRespectAppRequestedMode
android.hardware.display.IDisplayManager	51	setRefreshRateSwitchingType
android.hardware.display.IDisplayManager	52	getRefreshRateSwitchingType
android.hardware.display.IDisplayManager	53	getDisplayDecorationSupport
android.hardware.display.IDisplayManager	54	setDisplayIdToMirror
android.hardware.display.IDisplayManager	55	getOverlaySupport
android.hardware.display.IDisplayManager	56	enableConnectedDisplay
android.hardware.display.IDisplayManager	57	disableConnectedDisplay
android.hardware.display.IDisplayManager	58	requestDisplayPower
android.hardware.display.IDisplayManager	59	requestDisplayModes
android.hardware.display.IDisplayManager	60	getHighestHdrSdrRatio
android.hardware.display.IDisplayManager	61	getDozeBrightnessSensorValueToBrightness
android.hardware.display.IDisplayManager	62	getDefaultDozeBrightness
android.hardware.display.IDisplayManager	63	getDisplayTopology
android.hardware.display.IDisplayManager	64	setDisplayTopology
android.hardware.display.IDisplayManagerCallback	1	onDisplayEvent
android.hardware.display.IDisplayManagerCallback	2	onTopologyChanged
android.hardware.display.IVirtualDisplayCallback	1	onPaused
android.hardware.display.IVirtualDisplayCallback	2	onResumed
android.hardware.display.IVirtualDisplayCallback	3	onStopped
android.hardware.face.IFaceAuthenticatorsRegisteredCallback	1	onAllAuthenticatorsRegistered
android.hardware.face.IFaceService	1	createTestSession
android.hardware.face.IFaceService	2	dumpSensorServiceStateProto
android.hardware.face.IFaceService	3	getSensorPropertiesInternal
android.hardware.face.IFaceService	4	getSensorProperties
android.hardware.face.IFaceService	5	authenticate
android.hardware.face.IFaceService	6	detectFace
android.hardware.face.IFaceService	7	prepareForAuthentication
android.hardware.face.IFaceService	8	startPreparedClient
android.hardware.face.IFaceService	9	cancelAuthentication
android.hardware.face.IFaceService	10	cancelFaceDetect
android.hardware.face.IFaceService	11	cancelAuthenticationFromService
android.hardware.face.IFaceService	12	enroll
android.hardware.face.IFaceService	13	enrollRemotely
android.hardware.face.IFaceService	14	cancelEnrollment
android.hardware.face.IFaceService	15	remove
android.hardware.face.IFaceService	16	removeAll
android.hardware.face.IFaceService	17	getEnrolledFaces
android.hardware.face.IFaceService	18	isHardwareDetected
android.hardware.face.IFaceService	19	generateChallenge
android.hardware.face.IFaceService	20	revokeChallenge
android.hardware.face.IFaceService	21	hasEnrolledFaces
android.hardware.face.IFaceService	22	getLockoutModeForUser
android.hardware.face.IFaceService	23	invalidateAuthenticatorId
android.hardware.face.IFaceService	24	getAuthenticatorId
android.hardware.face.IFaceService	25	resetLockout
android.hardware.face.IFaceService	26	addLockoutResetCallback
android.hardware.face.IFaceService	27	setFeature
android.hardware.face.IFaceService	28	getFeature
android.hardware.face.IFaceService	29	registerAuthenticators
android.hardware.face.IFaceService	30	addAuthenticatorsRegisteredCallback
android.hardware.face.IFaceService	31	registerAuthenticationStateListener
android.hardware.face.IFaceService	32	unregisterAuthenticationStateListener
android.hardware.face.IFaceService	33	registerBiometricStateListener
android.hardware.face.IFaceService	34	scheduleWatchdog
android.hardware.face.IFaceServiceReceiver	1	onEnrollResult
android.hardware.face.IFaceServiceReceiver	2	onAcquired
android.hardware.face.IFaceServiceReceiver	3	onAuthenticationSucceeded
android.hardware.face.IFaceServiceReceiver	4	onFaceDetected
android.hardware.face.IFaceServiceReceiver	5	onAuthenticationFailed
android.hardware.face.IFaceServiceReceiver	6	onError
android.hardware.face.IFaceServiceReceiver	7	onRemoved
android.hardware.face.IFaceServiceReceiver	8	onFeatureSet
android.hardware.face.IFaceServiceReceiver	9	onFeatureGet
android.hardware.face.IFaceServiceReceiver	10	onChallengeGenerated
android.hardware.face.IFaceServiceReceiver	11	onAuthenticationFrame
android.hardware.face.IFaceServiceReceiver	12	onEnrollmentFrame
android.hardware.fingerprint.IFingerprintAuthenticatorsRegisteredCallback	1	onAllAuthenticatorsRegistered
android.hardware.fingerprint.IFingerprintClientActiveCallback	1	onClientActiveChanged
android.hardware.fingerprint.IFingerprintService	1	createTestSession
android.hardware.fingerprint.IFingerprintService	2	dumpSensorServiceStateProto
android.hardware.fingerprint.IFingerprintService	3	getSensorPropertiesInternal
android.hardware.fingerprint.IFingerprintService	4	getSensorProperties
android.hardware.fingerprint.IFingerprintService	5	authenticate
android.hardware.fingerprint.IFingerprintService	6	detectFingerprint
android.hardware.fingerprint.IFingerprintService	7	prepareForAuthentication
android.hardware.fingerprint.IFingerprintService	8	startPreparedClient
android.hardware.fingerprint.IFingerprintService	9	cancelAuthentication
android.hardware.fingerprint.IFingerprintService	10	cancelFingerprintDetect
android.hardware.fingerprint.IFingerprintService	11	cancelAuthenticationFromService
android.hardware.fingerprint.IFingerprintService	12	enroll
android.hardware.fingerprint.IFingerprintService	13	cancelEnrollment
android.hardware.fingerprint.IFingerprintService	14	remove
android.hardware.fingerprint.IFingerprintService	15	removeAll
android.hardware.fingerprint.IFingerprintService	16	rename
android.hardware.fingerprint.IFingerprintService	17	getEnrolledFingerprints
android.hardware.fingerprint.IFingerprintService	18	isHardwareDetectedDeprecated
android.hardware.fingerprint.IFingerprintService	19	isHardwareDetected
android.hardware.fingerprint.IFingerprintService	20	generateChallenge
android.hardware.fingerprint.IFingerprintService	21	revokeChallenge
android.hardware.fingerprint.IFingerprintService	22	hasEnrolledFingerprintsDeprecated
android.hardware.fingerprint.IFingerprintService	23	hasEnrolledFingerprints
android.hardware.fingerprint.IFingerprintService	24	getLockoutModeForUser
android.hardware.fingerprint.IFingerprintService	25	invalidateAuthenticatorId
android.hardware.fingerprint.IFingerprintService	26	getAuthenticatorId
android.hardware.fingerprint.IFingerprintService	27	resetLockout
android.hardware.fingerprint.IFingerprintService	28	addLockoutResetCallback
android.hardware.fingerprint.IFingerprintService	29	isClientActive
android.hardware.fingerprint.IFingerprintService	30	addClientActiveCallback
android.hardware.fingerprint.IFingerprintService	31	removeClientActiveCallback
android.hardware.fingerprint.IFingerprintService	32	registerAuthenticators
android.hardware.fingerprint.IFingerprintService	33	addAuthenticatorsRegisteredCallback
android.hardware.fingerprint.IFingerprintService	34	onPointerDown
android.hardware.fingerprint.IFingerprintService	35	onPointerUp
android.hardware.fingerprint.IFingerprintService	36	onUdfpsUiEvent
android.hardware.fingerprint.IFingerprintService	37	setIgnoreDisplayTouches
android.hardware.fingerprint.IFingerprintService	38	setUdfpsOverlayController
android.hardware.fingerprint.IFingerprintService	39	registerAuthenticationStateListener
android.hardware.fingerprint.IFingerprintService	40	unregisterAuthenticationStateListener
android.hardware.fingerprint.IFingerprintService	41	registerBiometricStateListener
android.hardware.fingerprint.IFingerprintService	42	onPowerPressed
android.hardware.fingerprint.IFingerprintService	43	scheduleWatchdog
android.hardware.fingerprint.IFingerprintServiceReceiver	1	onEnrollResult
android.hardware.fingerprint.IFingerprintServiceReceiver	2	onAcquired
android.hardware.fingerprint.IFingerprintServiceReceiver	3	onAuthenticationSucceeded
android.hardware.fingerprint.IFingerprintServiceReceiver	4	onFingerprintDetected
android.hardware.fingerprint.IFingerprintServiceReceiver	5	onAuthenticationFailed
android.hardware.fingerprint.IFingerprintServiceReceiver	6	onError
android.hardware.fingerprint.IFingerprintServiceReceiver	7	onRemoved
android.hardware.fingerprint.IFingerprintServiceReceiver	8	onChallengeGenerated
android.hardware.fingerprint.IFingerprintServiceReceiver	9	onUdfpsPointerDown
android.hardware.fingerprint.IFingerprintServiceReceiver	10	onUdfpsPointerUp
android.hardware.fingerprint.IFingerprintServiceReceiver	11	onUdfpsOverlayShown
android.hardware.fingerprint.IUdfpsOverlayController	1	showUdfpsOverlay
android.hardware.fingerprint.IUdfpsOverlayController	2	hideUdfpsOverlay
android.hardware.fingerprint.IUdfpsOverlayController	3	onAcquired
android.hardware.fingerprint.IUdfpsOverlayController	4	onEnrollmentProgress
android.hardware.fingerprint.IUdfpsOverlayController	5	onEnrollmentHelp
android.hardware.fingerprint.IUdfpsOverlayController	6	setDebugMessage
android.hardware.fingerprint.IUdfpsOverlayControllerCallback	1	onUserCanceled
android.hardware.fingerprint.IUdfpsRefreshRateRequestCallback	1	onRequestEnabled
android.hardware.fingerprint.IUdfpsRefreshRateRequestCallback	2	onRequestDisabled
android.hardware.fingerprint.IUdfpsRefreshRateRequestCallback	3	onAuthenticationPossible
android.hardware.gnss.IAGnss	1	setCallback
android.hardware.gnss.IAGnss	2	dataConnClosed
android.hardware.gnss.IAGnss	3	dataConnFailed
android.hardware.gnss.IAGnss	4	setServer
android.hardware.gnss.IAGnss	5	dataConnOpen
android.hardware.gnss.IAGnss	16777214	getInterfaceHash
android.hardware.gnss.IAGnss	16777215	getInterfaceVersion
android.hardware.gnss.IAGnssCallback	1	agnssStatusCb
android.hardware.gnss.IAGnssCallback	16777214	getInterfaceHash
android.hardware.gnss.IAGnssCallback	16777215	getInterfaceVersion
android.hardware.gnss.IAGnssRil	1	setCallback
android.hardware.gnss.IAGnssRil	2	setRefLocation
android.hardware.gnss.IAGnssRil	3	setSetId
android.hardware.gnss.IAGnssRil	4	updateNetworkState
android.hardware.gnss.IAGnssRil	16777214	getInterfaceHash
android.hardware.gnss.IAGnssRil	16777215	getInterfaceVersion
android.hardware.gnss.IAGnssRilCallback	1	requestSetIdCb
android.hardware.gnss.IAGnssRilCallback	2	requestRefLocCb
android.hardware.gnss.IAGnssRilCallback	16777214	getInterfaceHash
android.hardware.gnss.IAGnssRilCallback	16777215	getInterfaceVersion
android.hardware.gnss.IGnss	1	setCallback
android.hardware.gnss.IGnss	2	close
android.hardware.gnss.IGnss	3	getExtensionPsds
android.hardware.gnss.IGnss	4	getExtensionGnssConfiguration
android.hardware.gnss.IGnss	5	getExtensionGnssMeasurement
android.hardware.gnss.IGnss	6	getExtensionGnssPowerIndication
android.hardware.gnss.IGnss	7	getExtensionGnssBatching
android.hardware.gnss.IGnss	8	getExtensionGnssGeofence
android.hardware.gnss.IGnss	9	getExtensionGnssNavigationMessage
android.hardware.gnss.IGnss	10	getExtensionAGnss
android.hardware.gnss.IGnss	11	getExtensionAGnssRil
android.hardware.gnss.IGnss	12	getExtensionGnssDebug
android.hardware.gnss.IGnss	13	getExtensionGnssVisibilityControl
android.hardware.gnss.IGnss	14	start
android.hardware.gnss.IGnss	15	stop
android.hardware.gnss.IGnss	16	injectTime
android.hardware.gnss.IGnss	17	injectLocation
android.hardware.gnss.IGnss	18	injectBestLocation
android.hardware.gnss.IGnss	19	deleteAidingData
android.hardware.gnss.IGnss	20	setPositionMode
android.hardware.gnss.IGnss	21	getExtensionGnssAntennaInfo
android.hardware.gnss.IGnss	22	getExtensionMeasurementCorrections
android.hardware.gnss.IGnss	23	startSvStatus
android.hardware.gnss.IGnss	24	stopSvStatus
android.hardware.gnss.IGnss	25	startNmea
android.hardware.gnss.IGnss	26	stopNmea
android.hardware.gnss.IGnss	16777214	getInterfaceHash
android.hardware.gnss.IGnss	16777215	getInterfaceVersion
android.hardware.gnss.IGnssAntennaInfo	1	setCallback
android.hardware.gnss.IGnssAntennaInfo	2	close
android.hardware.gnss.IGnssAntennaInfo	16777214	getInterfaceHash
android.hardware.gnss.IGnssAntennaInfo	16777215	getInterfaceVersion
android.hardware.gnss.IGnssAntennaInfoCallback	1	gnssAntennaInfoCb
android.hardware.gnss.IGnssAntennaInfoCallback	16777214	getInterfaceHash
android.hardware.gnss.IGnssAntennaInfoCallback	16777215	getInterfaceVersion
android.hardware.gnss.IGnssBatching	1	init
android.hardware.gnss.IGnssBatching	2	getBatchSize
android.hardware.gnss.IGnssBatching	3	start
android.hardware.gnss.IGnssBatching	4	flush
android.hardware.gnss.IGnssBatching	5	stop
android.hardware.gnss.IGnssBatching	6	cleanup
android.hardware.gnss.IGnssBatching	16777214	getInterfaceHash
android.hardware.gnss.IGnssBatching	16777215	getInterfaceVersion
android.hardware.gnss.IGnssBatchingCallback	1	gnssLocationBatchCb
android.hardware.gnss.IGnssBatchingCallback	16777214	getInterfaceHash
android.hardware.gnss.IGnssBatchingCallback	16777215	getInterfaceVersion
android.hardware.gnss.IGnssCallback	1	gnssSetCapabilitiesCb
android.hardware.gnss.IGnssCallback	2	gnssStatusCb
android.hardware.gnss.IGnssCallback	3	gnssSvStatusCb
android.hardware.gnss.IGnssCallback	4	gnssLocationCb
android.hardware.gnss.IGnssCallback	5	gnssNmeaCb
android.hardware.gnss.IGnssCallback	6	gnssAcquireWakelockCb
android.hardware.gnss.IGnssCallback	7	gnssReleaseWakelockCb
android.hardware.gnss.IGnssCallback	8	gnssSetSystemInfoCb
android.hardware.gnss.IGnssCallback	9	gnssRequestTimeCb
android.hardware.gnss.IGnssCallback	10	gnssRequestLocationCb
android.hardware.gnss.IGnssCallback	16777214	getInterfaceHash
android.hardware.gnss.IGnssCallback	16777215	getInterfaceVersion
android.hardware.gnss.IGnssConfiguration	1	setSuplVersion
android.hardware.gnss.IGnssConfiguration	2	setSuplMode
android.hardware.gnss.IGnssConfiguration	3	setLppProfile
android.hardware.gnss.IGnssConfiguration	4	setGlonassPositioningProtocol
android.hardware.gnss.IGnssConfiguration	5	setEmergencySuplPdn
android.hardware.gnss.IGnssConfiguration	6	setEsExtensionSec
android.hardware.gnss.IGnssConfiguration	7	setBlocklist
android.hardware.gnss.IGnssConfiguration	16777214	getInterfaceHash
android.hardware.gnss.IGnssConfiguration	16777215	getInterfaceVersion
android.hardware.gnss.IGnssDebug	1	getDebugData
android.hardware.gnss.IGnssDebug	16777214	getInterfaceHash
android.hardware.gnss.IGnssDebug	16777215	getInterfaceVersion
android.hardware.gnss.IGnssGeofence	1	setCallback
android.hardware.gnss.IGnssGeofence	2	addGeofence
android.hardware.gnss.IGnssGeofence	3	pauseGeofence
android.hardware.gnss.IGnssGeofence	4	resumeGeofence
android.hardware.gnss.IGnssGeofence	5	removeGeofence
android.hardware.gnss.IGnssGeofence	16777214	getInterfaceHash
android.hardware.gnss.IGnssGeofence	16777215	getInterfaceVersion
android.hardware.gnss.IGnssGeofenceCallback	1	gnssGeofenceTransitionCb
android.hardware.gnss.IGnssGeofenceCallback	2	gnssGeofenceStatusCb
android.hardware.gnss.IGnssGeofenceCallback	3	gnssGeofenceAddCb
android.hardware.gnss.IGnssGeofenceCallback	4	gnssGeofenceRemoveCb
android.hardware.gnss.IGnssGeofenceCallback	5	gnssGeofencePauseCb
android.hardware.gnss.IGnssGeofenceCallback	6	gnssGeofenceResumeCb
android.hardware.gnss.IGnssGeofenceCallback	16777214	getInterfaceHash
android.hardware.gnss.IGnssGeofenceCallback	16777215	getInterfaceVersion
android.hardware.gnss.IGnssMeasurementCallback	1	gnssMeasurementCb
android.hardware.gnss.IGnssMeasurementCallback	16777214	getInterfaceHash
android.hardware.gnss.IGnssMeasurementCallback	16777215	getInterfaceVersion
android.hardware.gnss.IGnssMeasurementInterface	1	setCallback
android.hardware.gnss.IGnssMeasurementInterface	2	close
android.hardware.gnss.IGnssMeasurementInterface	3	setCallbackWithOptions
android.hardware.gnss.IGnssMeasurementInterface	16777214	getInterfaceHash
android.hardware.gnss.IGnssMeasurementInterface	16777215	getInterfaceVersion
android.hardware.gnss.IGnssNavigationMessageCallback	1	gnssNavigationMessageCb
android.hardware.gnss.IGnssNavigationMessageCallback	16777214	getInterfaceHash
android.hardware.gnss.IGnssNavigationMessageCallback	16777215	getInterfaceVersion
android.hardware.gnss.IGnssNavigationMessageInterface	1	setCallback
android.hardware.gnss.IGnssNavigationMessageInterface	2	close
android.hardware.gnss.IGnssNavigationMessageInterface	16777214	getInterfaceHash
android.hardware.gnss.IGnssNavigationMessageInterface	16777215	getInterfaceVersion
android.hardware.gnss.IGnssPowerIndication	1	setCallback
android.hardware.gnss.IGnssPowerIndication	2	requestGnssPowerStats
android.hardware.gnss.IGnssPowerIndication	16777214	getInterfaceHash
android.hardware.gnss.IGnssPowerIndication	16777215	getInterfaceVersion
android.hardware.gnss.IGnssPowerIndicationCallback	1	setCapabilitiesCb
android.hardware.gnss.IGnssPowerIndicationCallback	2	gnssPowerStatsCb
android.hardware.gnss.IGnssPowerIndicationCallback	16777214	getInterfaceHash
android.hardware.gnss.IGnssPowerIndicationCallback	16777215	getInterfaceVersion
android.hardware.gnss.IGnssPsds	1	injectPsdsData
android.hardware.gnss.IGnssPsds	2	setCallback
android.hardware.gnss.IGnssPsds	16777214	getInterfaceHash
android.hardware.gnss.IGnssPsds	16777215	getInterfaceVersion
android.hardware.gnss.IGnssPsdsCallback	1	downloadRequestCb
android.hardware.gnss.IGnssPsdsCallback	16777214	getInterfaceHash
android.hardware.gnss.IGnssPsdsCallback	16777215	getInterfaceVersion
android.hardware.gnss.measurement_corrections.IMeasurementCorrectionsCallback	1	setCapabilitiesCb
android.hardware.gnss.measurement_corrections.IMeasurementCorrectionsCallback	16777214	getInterfaceHash
android.hardware.gnss.measurement_corrections.IMeasurementCorrectionsCallback	16777215	getInterfaceVersion
android.hardware.gnss.measurement_corrections.IMeasurementCorrectionsInterface	1	setCorrections
android.hardware.gnss.measurement_corrections.IMeasurementCorrectionsInterface	2	setCallback
android.hardware.gnss.measurement_corrections.IMeasurementCorrectionsInterface	16777214	getInterfaceHash
android.hardware.gnss.measurement_corrections.IMeasurementCorrectionsInterface	16777215	getInterfaceVersion
android.hardware.gnss.visibility_control.IGnssVisibilityControl	1	enableNfwLocationAccess
android.hardware.gnss.visibility_control.IGnssVisibilityControl	2	setCallback
android.hardware.gnss.visibility_control.IGnssVisibilityControl	16777214	getInterfaceHash
android.hardware.gnss.visibility_control.IGnssVisibilityControl	16777215	getInterfaceVersion
android.hardware.gnss.visibility_control.IGnssVisibilityControlCallback	1	nfwNotifyCb
android.hardware.gnss.visibility_control.IGnssVisibilityControlCallback	2	isInEmergencySession
android.hardware.gnss.visibility_control.IGnssVisibilityControlCallback	16777214	getInterfaceHash
android.hardware.gnss.visibility_control.IGnssVisibilityControlCallback	16777215	getInterfaceVersion
android.hardware.hdmi.IHdmiCecSettingChangeListener	1	onChange
android.hardware.hdmi.IHdmiCecVolumeControlFeatureListener	1	onHdmiCecVolumeControlFeature
android.hardware.hdmi.IHdmiControlCallback	1	onComplete
android.hardware.hdmi.IHdmiControlService	1	getSupportedTypes
android.hardware.hdmi.IHdmiControlService	2	getActiveSource
android.hardware.hdmi.IHdmiControlService	3	oneTouchPlay
android.hardware.hdmi.IHdmiControlService	4	toggleAndFollowTvPower
android.hardware.hdmi.IHdmiControlService	5	shouldHandleTvPowerKey
android.hardware.hdmi.IHdmiControlService	6	queryDisplayStatus
android.hardware.hdmi.IHdmiControlService	7	addHdmiControlStatusChangeListener
android.hardware.hdmi.IHdmiControlService	8	removeHdmiControlStatusChangeListener
android.hardware.hdmi.IHdmiControlService	9	addHdmiCecVolumeControlFeatureListener
android.hardware.hdmi.IHdmiControlService	10	removeHdmiCecVolumeControlFeatureListener
android.hardware.hdmi.IHdmiControlService	11	addHotplugEventListener
android.hardware.hdmi.IHdmiControlService	12	removeHotplugEventListener
android.hardware.hdmi.IHdmiControlService	13	addDeviceEventListener
android.hardware.hdmi.IHdmiControlService	14	deviceSelect
android.hardware.hdmi.IHdmiControlService	15	portSelect
android.hardware.hdmi.IHdmiControlService	16	sendKeyEvent
android.hardware.hdmi.IHdmiControlService	17	sendVolumeKeyEvent
android.hardware.hdmi.IHdmiControlService	18	getPortInfo
android.hardware.hdmi.IHdmiControlService	19	canChangeSystemAudioMode
android.hardware.hdmi.IHdmiControlService	20	getSystemAudioMode
android.hardware.hdmi.IHdmiControlService	21	getPhysicalAddress
android.hardware.hdmi.IHdmiControlService	22	setSystemAudioMode
android.hardware.hdmi.IHdmiControlService	23	addSystemAudioModeChangeListener
android.hardware.hdmi.IHdmiControlService	24	removeSystemAudioModeChangeListener
android.hardware.hdmi.IHdmiControlService	25	setArcMode
android.hardware.hdmi.IHdmiControlService	26	setProhibitMode
android.hardware.hdmi.IHdmiControlService	27	setSystemAudioVolume
android.hardware.hdmi.IHdmiControlService	28	setSystemAudioMute
android.hardware.hdmi.IHdmiControlService	29	setInputChangeListener
android.hardware.hdmi.IHdmiControlService	30	getInputDevices
android.hardware.hdmi.IHdmiControlService	31	getDeviceList
android.hardware.hdmi.IHdmiControlService	32	powerOffRemoteDevice
android.hardware.hdmi.IHdmiControlService	33	powerOnRemoteDevice
android.hardware.hdmi.IHdmiControlService	34	askRemoteDeviceToBecomeActiveSource
android.hardware.hdmi.IHdmiControlService	35	sendVendorCommand
android.hardware.hdmi.IHdmiControlService	36	addVendorCommandListener
android.hardware.hdmi.IHdmiControlService	37	sendStandby
android.hardware.hdmi.IHdmiControlService	38	setHdmiRecordListener
android.hardware.hdmi.IHdmiControlService	39	startOneTouchRecord
android.hardware.hdmi.IHdmiControlService	40	stopOneTouchRecord
android.hardware.hdmi.IHdmiControlService	41	startTimerRecording
android.hardware.hdmi.IHdmiControlService	42	clearTimerRecording
android.hardware.hdmi.IHdmiControlService	43	sendMhlVendorCommand
android.hardware.hdmi.IHdmiControlService	44	addHdmiMhlVendorCommandListener
android.hardware.hdmi.IHdmiControlService	45	setStandbyMode
android.hardware.hdmi.IHdmiControlService	46	reportAudioStatus
android.hardware.hdmi.IHdmiControlService	47	setSystemAudioModeOnForAudioOnlySource
android.hardware.hdmi.IHdmiControlService	48	setMessageHistorySize
android.hardware.hdmi.IHdmiControlService	49	getMessageHistorySize
android.hardware.hdmi.IHdmiControlService	50	addCecSettingChangeListener
android.hardware.hdmi.IHdmiControlService	51	removeCecSettingChangeListener
android.hardware.hdmi.IHdmiControlService	52	getUserCecSettings
android.hardware.hdmi.IHdmiControlService	53	getAllowedCecSettingStringValues
android.hardware.hdmi.IHdmiControlService	54	getAllowedCecSettingIntValues
android.hardware.hdmi.IHdmiControlService	55	getCecSettingStringValue
android.hardware.hdmi.IHdmiControlService	56	setCecSettingStringValue
android.hardware.hdmi.IHdmiControlService	57	getCecSettingIntValue
android.hardware.hdmi.IHdmiControlService	58	setCecSettingIntValue
android.hardware.hdmi.IHdmiControlStatusChangeListener	1	onStatusChange
android.hardware.hdmi.IHdmiDeviceEventListener	1	onStatusChanged
android.hardware.hdmi.IHdmiHotplugEventListener	1	onReceived
android.hardware.hdmi.IHdmiInputChangeListener	1	onChanged
android.hardware.hdmi.IHdmiMhlVendorCommandListener	1	onReceived
android.hardware.hdmi.IHdmiRecordListener	1	getOneTouchRecordSource
android.hardware.hdmi.IHdmiRecordListener	2	onOneTouchRecordResult
android.hardware.hdmi.IHdmiRecordListener	3	onTimerRecordingResult
android.hardware.hdmi.IHdmiRecordListener	4	onClearTimerRecordingResult
android.hardware.hdmi.IHdmiSystemAudioModeChangeListener	1	onStatusChanged
android.hardware.hdmi.IHdmiVendorCommandListener	1	onReceived
android.hardware.hdmi.IHdmiVendorCommandListener	2	onControlStateChanged
android.hardware.input.IInputDeviceBatteryListener	1	onBatteryStateChanged
android.hardware.input.IInputDevicesChangedListener	1	onInputDevicesChanged
android.hardware.input.IInputManager	1	getVelocityTrackerStrategy
android.hardware.input.IInputManager	2	getInputDevice
android.hardware.input.IInputManager	3	getInputDeviceIds
android.hardware.input.IInputManager	4	enableInputDevice
android.hardware.input.IInputManager	5	disableInputDevice
android.hardware.input.IInputManager	6	hasKeys
android.hardware.input.IInputManager	7	getKeyCodeForKeyLocation
android.hardware.input.IInputManager	8	getKeyCharacterMap
android.hardware.input.IInputManager	9	getMousePointerSpeed
android.hardware.input.IInputManager	10	tryPointerSpeed
android.hardware.input.IInputManager	11	injectInputEvent
android.hardware.input.IInputManager	12	injectInputEventToTarget
android.hardware.input.IInputManager	13	verifyInputEvent
android.hardware.input.IInputManager	14	getTouchCalibrationForInputDevice
android.hardware.input.IInputManager	15	setTouchCalibrationForInputDevice
android.hardware.input.IInputManager	16	getKeyboardLayouts
android.hardware.input.IInputManager	17	getKeyboardLayout
android.hardware.input.IInputManager	18	getKeyboardLayoutForInputDevice
android.hardware.input.IInputManager	19	setKeyboardLayoutForInputDevice
android.hardware.input.IInputManager	20	getKeyboardLayoutListForInputDevice
android.hardware.input.IInputManager	21	remapModifierKey
android.hardware.input.IInputManager	22	clearAllModifierKeyRemappings
android.hardware.input.IInputManager	23	getModifierKeyRemapping
android.hardware.input.IInputManager	24	registerInputDevicesChangedListener
android.hardware.input.IInputManager	25	isInTabletMode
android.hardware.input.IInputManager	26	registerTabletModeChangedListener
android.hardware.input.IInputManager	27	isMicMuted
android.hardware.input.IInputManager	28	vibrate
android.hardware.input.IInputManager	29	vibrateCombined
android.hardware.input.IInputManager	30	cancelVibrate
android.hardware.input.IInputManager	31	getVibratorIds
android.hardware.input.IInputManager	32	isVibrating
android.hardware.input.IInputManager	33	registerVibratorStateListener
android.hardware.input.IInputManager	34	unregisterVibratorStateListener
android.hardware.input.IInputManager	35	getBatteryState
android.hardware.input.IInputManager	36	setPointerIcon
android.hardware.input.IInputManager	37	requestPointerCapture
android.hardware.input.IInputManager	38	monitorGestureInput
android.hardware.input.IInputManager	39	addPortAssociation
android.hardware.input.IInputManager	40	removePortAssociation
android.hardware.input.IInputManager	41	addUniqueIdAssociationByDescriptor
android.hardware.input.IInputManager	42	removeUniqueIdAssociationByDescriptor
android.hardware.input.IInputManager	43	addUniqueIdAssociationByPort
android.hardware.input.IInputManager	44	removeUniqueIdAssociationByPort
android.hardware.input.IInputManager	45	getSensorList
android.hardware.input.IInputManager	46	registerSensorListener
android.hardware.input.IInputManager	47	unregisterSensorListener
android.hardware.input.IInputManager	48	enableSensor
android.hardware.input.IInputManager	49	disableSensor
android.hardware.input.IInputManager	50	flushSensor
android.hardware.input.IInputManager	51	getLights
android.hardware.input.IInputManager	52	getLightState
android.hardware.input.IInputManager	53	setLightStates
android.hardware.input.IInputManager	54	openLightSession
android.hardware.input.IInputManager	55	closeLightSession
android.hardware.input.IInputManager	56	cancelCurrentTouch
android.hardware.input.IInputManager	57	registerBatteryListener
android.hardware.input.IInputManager	58	unregisterBatteryListener
android.hardware.input.IInputManager	59	getInputDeviceBluetoothAddress
android.hardware.input.IInputManager	60	pilferPointers
android.hardware.input.IInputManager	61	registerKeyboardBacklightListener
android.hardware.input.IInputManager	62	unregisterKeyboardBacklightListener
android.hardware.input.IInputManager	63	getHostUsiVersionFromDisplayConfig
android.hardware.input.IInputManager	64	registerStickyModifierStateListener
android.hardware.input.IInputManager	65	unregisterStickyModifierStateListener
android.hardware.input.IInputManager	66	getKeyGlyphMap
android.hardware.input.IInputManager	67	registerKeyGestureEventListener
android.hardware.input.IInputManager	68	unregisterKeyGestureEventListener
android.hardware.input.IInputManager	69	registerKeyGestureHandler
android.hardware.input.IInputManager	70	unregisterKeyGestureHandler
android.hardware.input.IInputManager	71	addCustomInputGesture
android.hardware.input.IInputManager	72	removeCustomInputGesture
android.hardware.input.IInputManager	73	removeAllCustomInputGestures
android.hardware.input.IInputManager	74	getCustomInputGestures
android.hardware.input.IInputManager	75	getAppLaunchBookmarks
android.hardware.input.IInputManager	76	resetLockedModifierState
android.hardware.input.IInputSensorEventListener	1	onInputSensorChanged
android.hardware.input.IInputSensorEventListener	2	onInputSensorAccuracyChanged
android.hardware.input.IKeyGestureEventListener	1	onKeyGestureEvent
android.hardware.input.IKeyGestureHandler	1	handleKeyGesture
android.hardware.input.IKeyGestureHandler	2	isKeyGestureSupported
android.hardware.input.IKeyboardBacklightListener	1	onBrightnessChanged
android.hardware.input.IStickyModifierStateListener	1	onStickyModifierStateChanged
android.hardware.input.ITabletModeChangedListener	1	onTabletModeChanged
android.hardware.iris.IIrisService	1	registerAuthenticators
android.hardware.lights.ILightsManager	1	getLights
android.hardware.lights.ILightsManager	2	getLightState
android.hardware.lights.ILightsManager	3	openSession
android.hardware.lights.ILightsManager	4	closeSession
android.hardware.lights.ILightsManager	5	setLightStates
android.hardware.location.IActivityRecognitionHardware	1	getSupportedActivities
android.hardware.location.IActivityRecognitionHardware	2	isActivitySupported
android.hardware.location.IActivityRecognitionHardware	3	registerSink
android.hardware.location.IActivityRecognitionHardware	4	unregisterSink
android.hardware.location.IActivityRecognitionHardware	5	enableActivityEvent
android.hardware.location.IActivityRecognitionHardware	6	disableActivityEvent
android.hardware.location.IActivityRecognitionHardware	7	flush
android.hardware.location.IActivityRecognitionHardwareClient	1	onAvailabilityChanged
android.hardware.location.IActivityRecognitionHardwareSink	1	onActivityChanged
android.hardware.location.IActivityRecognitionHardwareWatcher	1	onInstanceChanged
android.hardware.location.IContextHubCallback	1	onMessageReceipt
android.hardware.location.IContextHubClient	1	sendMessageToNanoApp
android.hardware.location.IContextHubClient	2	close
android.hardware.location.IContextHubClient	3	getId
android.hardware.location.IContextHubClient	4	callbackFinished
android.hardware.location.IContextHubClient	5	reliableMessageCallbackFinished
android.hardware.location.IContextHubClient	6	sendReliableMessageToNanoApp
android.hardware.location.IContextHubClientCallback	1	onMessageFromNanoApp
android.hardware.location.IContextHubClientCallback	2	onHubReset
android.hardware.location.IContextHubClientCallback	3	onNanoAppAborted
android.hardware.location.IContextHubClientCallback	4	onNanoAppLoaded
android.hardware.location.IContextHubClientCallback	5	onNanoAppUnloaded
android.hardware.location.IContextHubClientCallback	6	onNanoAppEnabled
android.hardware.location.IContextHubClientCallback	7	onNanoAppDisabled
android.hardware.location.IContextHubClientCallback	8	onClientAuthorizationChanged
android.hardware.location.IContextHubService	1	registerCallback
android.hardware.location.IContextHubService	2	getContextHubHandles
android.hardware.location.IContextHubService	3	getContextHubInfo
android.hardware.location.IContextHubService	4	loadNanoApp
android.hardware.location.IContextHubService	5	unloadNanoApp
android.hardware.location.IContextHubService	6	getNanoAppInstanceInfo
android.hardware.location.IContextHubService	7	findNanoAppOnHub
android.hardware.location.IContextHubService	8	sendMessage
android.hardware.location.IContextHubService	9	createClient
android.hardware.location.IContextHubService	10	createPendingIntentClient
android.hardware.location.IContextHubService	11	getContextHubs
android.hardware.location.IContextHubService	12	getHubs
android.hardware.location.IContextHubService	13	loadNanoAppOnHub
android.hardware.location.IContextHubService	14	unloadNanoAppFromHub
android.hardware.location.IContextHubService	15	enableNanoApp
android.hardware.location.IContextHubService	16	disableNanoApp
android.hardware.location.IContextHubService	17	queryNanoApps
android.hardware.location.IContextHubService	18	getPreloadedNanoAppIds
android.hardware.location.IContextHubService	19	setTestMode
android.hardware.location.IContextHubService	20	findEndpoints
android.hardware.location.IContextHubService	21	findEndpointsWithService
android.hardware.location.IContextHubService	22	registerEndpoint
android.hardware.location.IContextHubService	23	registerEndpointDiscoveryCallbackId
android.hardware.location.IContextHubService	24	registerEndpointDiscoveryCallbackDescriptor
android.hardware.location.IContextHubService	25	unregisterEndpointDiscoveryCallback
android.hardware.location.IContextHubTransactionCallback	1	onQueryResponse
android.hardware.location.IContextHubTransactionCallback	2	onTransactionComplete
android.hardware.location.IGeofenceHardware	1	setGpsGeofenceHardware
android.hardware.location.IGeofenceHardware	2	setFusedGeofenceHardware
android.hardware.location.IGeofenceHardware	3	getMonitoringTypes
android.hardware.location.IGeofenceHardware	4	getStatusOfMonitoringType
android.hardware.location.IGeofenceHardware	5	addCircularFence
android.hardware.location.IGeofenceHardware	6	removeGeofence
android.hardware.location.IGeofenceHardware	7	pauseGeofence
android.hardware.location.IGeofenceHardware	8	resumeGeofence
android.hardware.location.IGeofenceHardware	9	registerForMonitorStateChangeCallback
android.hardware.location.IGeofenceHardware	10	unregisterForMonitorStateChangeCallback
android.hardware.location.IGeofenceHardwareCallback	1	onGeofenceTransition
android.hardware.location.IGeofenceHardwareCallback	2	onGeofenceAdd
android.hardware.location.IGeofenceHardwareCallback	3	onGeofenceRemove
android.hardware.location.IGeofenceHardwareCallback	4	onGeofencePause
android.hardware.location.IGeofenceHardwareCallback	5	onGeofenceResume
android.hardware.location.IGeofenceHardwareMonitorCallback	1	onMonitoringSystemChange
android.hardware.location.ISignificantPlaceProvider	1	setSignificantPlaceProviderManager
android.hardware.location.ISignificantPlaceProvider	2	onSignificantPlaceCheck
android.hardware.location.ISignificantPlaceProviderManager	1	setInSignificantPlace
android.hardware.power.IPower	1	setMode
android.hardware.power.IPower	2	isModeSupported
android.hardware.power.IPower	3	setBoost
android.hardware.power.IPower	4	isBoostSupported
android.hardware.power.IPower	5	createHintSession
android.hardware.power.IPower	6	getHintSessionPreferredRate
android.hardware.power.IPower	7	createHintSessionWithConfig
android.hardware.power.IPower	8	getSessionChannel
android.hardware.power.IPower	9	closeSessionChannel
android.hardware.power.IPower	10	getSupportInfo
android.hardware.power.IPower	11	getCpuHeadroom
android.hardware.power.IPower	12	getGpuHeadroom
android.hardware.power.IPower	13	sendCompositionData
android.hardware.power.IPower	14	sendCompositionUpdate
android.hardware.power.IPower	16777214	getInterfaceHash
android.hardware.power.IPower	16777215	getInterfaceVersion
android.hardware.power.IPowerHintSession	1	updateTargetWorkDuration
android.hardware.power.IPowerHintSession	2	reportActualWorkDuration
android.hardware.power.IPowerHintSession	3	pause
android.hardware.power.IPowerHintSession	4	resume
android.hardware.power.IPowerHintSession	5	close
android.hardware.power.IPowerHintSession	6	sendHint
android.hardware.power.IPowerHintSession	7	setThreads
android.hardware.power.IPowerHintSession	8	setMode
android.hardware.power.IPowerHintSession	9	getSessionConfig
android.hardware.power.IPowerHintSession	16777214	getInterfaceHash
android.hardware.power.IPowerHintSession	16777215	getInterfaceVersion
android.hardware.radio.IAnnouncementListener	1	onListUpdated
android.hardware.radio.ICloseHandle	1	close
android.hardware.radio.IRadioService	1	listModules
android.hardware.radio.IRadioService	2	openTuner
android.hardware.radio.IRadioService	3	addAnnouncementListener
android.hardware.radio.ITuner	1	close
android.hardware.radio.ITuner	2	isClosed
android.hardware.radio.ITuner	3	setConfiguration
android.hardware.radio.ITuner	4	getConfiguration
android.hardware.radio.ITuner	5	setMuted
android.hardware.radio.ITuner	6	isMuted
android.hardware.radio.ITuner	7	step
android.hardware.radio.ITuner	8	seek
android.hardware.radio.ITuner	9	tune
android.hardware.radio.ITuner	10	cancel
android.hardware.radio.ITuner	11	cancelAnnouncement
android.hardware.radio.ITuner	12	getImage
android.hardware.radio.ITuner	13	startBackgroundScan
android.hardware.radio.ITuner	14	startProgramListUpdates
android.hardware.radio.ITuner	15	stopProgramListUpdates
android.hardware.radio.ITuner	16	isConfigFlagSupported
android.hardware.radio.ITuner	17	isConfigFlagSet
android.hardware.radio.ITuner	18	setConfigFlag
android.hardware.radio.ITuner	19	setParameters
android.hardware.radio.ITuner	20	getParameters
android.hardware.radio.ITunerCallback	1	onError
android.hardware.radio.ITunerCallback	2	onTuneFailed
android.hardware.radio.ITunerCallback	3	onConfigurationChanged
android.hardware.radio.ITunerCallback	4	onCurrentProgramInfoChanged
android.hardware.radio.ITunerCallback	5	onTrafficAnnouncement
android.hardware.radio.ITunerCallback	6	onEmergencyAnnouncement
android.hardware.radio.ITunerCallback	7	onAntennaState
android.hardware.radio.ITunerCallback	8	onBackgroundScanAvailabilityChange
android.hardware.radio.ITunerCallback	9	onBackgroundScanComplete
android.hardware.radio.ITunerCallback	10	onProgramListChanged
android.hardware.radio.ITunerCallback	11	onProgramListUpdated
android.hardware.radio.ITunerCallback	12	onConfigFlagUpdated
android.hardware.radio.ITunerCallback	13	onParametersUpdated
android.hardware.radio.config.IRadioConfig	1	getHalDeviceCapabilities
android.hardware.radio.config.IRadioConfig	2	getNumOfLiveModems
android.hardware.radio.config.IRadioConfig	3	getPhoneCapability
android.hardware.radio.config.IRadioConfig	4	getSimSlotsStatus
android.hardware.radio.config.IRadioConfig	5	setNumOfLiveModems
android.hardware.radio.config.IRadioConfig	6	setPreferredDataModem
android.hardware.radio.config.IRadioConfig	7	setResponseFunctions
android.hardware.radio.config.IRadioConfig	8	setSimSlotsMapping
android.hardware.radio.config.IRadioConfig	9	getSimultaneousCallingSupport
android.hardware.radio.config.IRadioConfig	10	getSimTypeInfo
android.hardware.radio.config.IRadioConfig	11	setSimType
android.hardware.radio.config.IRadioConfig	16777214	getInterfaceHash
android.hardware.radio.config.IRadioConfig	16777215	getInterfaceVersion
android.hardware.radio.config.IRadioConfigIndication	1	simSlotsStatusChanged
android.hardware.radio.config.IRadioConfigIndication	2	onSimultaneousCallingSupportChanged
android.hardware.radio.config.IRadioConfigIndication	16777214	getInterfaceHash
android.hardware.radio.config.IRadioConfigIndication	16777215	getInterfaceVersion
android.hardware.radio.config.IRadioConfigResponse	1	getHalDeviceCapabilitiesResponse
android.hardware.radio.config.IRadioConfigResponse	2	getNumOfLiveModemsResponse
android.hardware.radio.config.IRadioConfigResponse	3	getPhoneCapabilityResponse
android.hardware.radio.config.IRadioConfigResponse	4	getSimSlotsStatusResponse
android.hardware.radio.config.IRadioConfigResponse	5	setNumOfLiveModemsResponse
android.hardware.radio.config.IRadioConfigResponse	6	setPreferredDataModemResponse
android.hardware.radio.config.IRadioConfigResponse	7	setSimSlotsMappingResponse
android.hardware.radio.config.IRadioConfigResponse	8	getSimultaneousCallingSupportResponse
android.hardware.radio.config.IRadioConfigResponse	9	getSimTypeInfoResponse
android.hardware.radio.config.IRadioConfigResponse	10	setSimTypeResponse
android.hardware.radio.config.IRadioConfigResponse	16777214	getInterfaceHash
android.hardware.radio.config.IRadioConfigResponse	16777215	getInterfaceVersion
android.hardware.radio.data.IRadioData	1	allocatePduSessionId
android.hardware.radio.data.IRadioData	2	cancelHandover
android.hardware.radio.data.IRadioData	3	deactivateDataCall
android.hardware.radio.data.IRadioData	4	getDataCallList
android.hardware.radio.data.IRadioData	5	getSlicingConfig
android.hardware.radio.data.IRadioData	6	releasePduSessionId
android.hardware.radio.data.IRadioData	7	responseAcknowledgement
android.hardware.radio.data.IRadioData	8	setDataAllowed
android.hardware.radio.data.IRadioData	9	setDataProfile
android.hardware.radio.data.IRadioData	10	setDataThrottling
android.hardware.radio.data.IRadioData	11	setInitialAttachApn
android.hardware.radio.data.IRadioData	12	setResponseFunctions
android.hardware.radio.data.IRadioData	13	setupDataCall
android.hardware.radio.data.IRadioData	14	startHandover
android.hardware.radio.data.IRadioData	15	startKeepalive
android.hardware.radio.data.IRadioData	16	stopKeepalive
android.hardware.radio.data.IRadioData	16777214	getInterfaceHash
android.hardware.radio.data.IRadioData	16777215	getInterfaceVersion
android.hardware.radio.data.IRadioDataIndication	1	dataCallListChanged
android.hardware.radio.data.IRadioDataIndication	2	keepaliveStatus
android.hardware.radio.data.IRadioDataIndication	3	pcoData
android.hardware.radio.data.IRadioDataIndication	4	unthrottleApn
android.hardware.radio.data.IRadioDataIndication	5	slicingConfigChanged
android.hardware.radio.data.IRadioDataIndication	16777214	getInterfaceHash
android.hardware.radio.data.IRadioDataIndication	16777215	getInterfaceVersion
android.hardware.radio.data.IRadioDataResponse	1	acknowledgeRequest
android.hardware.radio.data.IRadioDataResponse	2	allocatePduSessionIdResponse
android.hardware.radio.data.IRadioDataResponse	3	cancelHandoverResponse
android.hardware.radio.data.IRadioDataResponse	4	deactivateDataCallResponse
android.hardware.radio.data.IRadioDataResponse	5	getDataCallListResponse
android.hardware.radio.data.IRadioDataResponse	6	getSlicingConfigResponse
android.hardware.radio.data.IRadioDataResponse	7	releasePduSessionIdResponse
android.hardware.radio.data.IRadioDataResponse	8	setDataAllowedResponse
android.hardware.radio.data.IRadioDataResponse	9	setDataProfileResponse
android.hardware.radio.data.IRadioDataResponse	10	setDataThrottlingResponse
android.hardware.radio.data.IRadioDataResponse	11	setInitialAttachApnResponse
android.hardware.radio.data.IRadioDataResponse	12	setupDataCallResponse
android.hardware.radio.data.IRadioDataResponse	13	startHandoverResponse
android.hardware.radio.data.IRadioDataResponse	14	startKeepaliveResponse
android.hardware.radio.data.IRadioDataResponse	15	stopKeepaliveResponse
android.hardware.radio.data.IRadioDataResponse	16777214	getInterfaceHash
android.hardware.radio.data.IRadioDataResponse	16777215	getInterfaceVersion
android.hardware.radio.ims.IRadioIms	1	setSrvccCallInfo
android.hardware.radio.ims.IRadioIms	2	updateImsRegistrationInfo
android.hardware.radio.ims.IRadioIms	3	startImsTraffic
android.hardware.radio.ims.IRadioIms	4	stopImsTraffic
android.hardware.radio.ims.IRadioIms	5	triggerEpsFallback
android.hardware.radio.ims.IRadioIms	6	setResponseFunctions
android.hardware.radio.ims.IRadioIms	7	sendAnbrQuery
android.hardware.radio.ims.IRadioIms	8	updateImsCallStatus
android.hardware.radio.ims.IRadioIms	16777214	getInterfaceHash
android.hardware.radio.ims.IRadioIms	16777215	getInterfaceVersion
android.hardware.radio.ims.IRadioImsIndication	1	onConnectionSetupFailure
android.hardware.radio.ims.IRadioImsIndication	2	notifyAnbr
android.hardware.radio.ims.IRadioImsIndication	3	triggerImsDeregistration
android.hardware.radio.ims.IRadioImsIndication	16777214	getInterfaceHash
android.hardware.radio.ims.IRadioImsIndication	16777215	getInterfaceVersion
android.hardware.radio.ims.IRadioImsResponse	1	setSrvccCallInfoResponse
android.hardware.radio.ims.IRadioImsResponse	2	updateImsRegistrationInfoResponse
android.hardware.radio.ims.IRadioImsResponse	3	startImsTrafficResponse
android.hardware.radio.ims.IRadioImsResponse	4	stopImsTrafficResponse
android.hardware.radio.ims.IRadioImsResponse	5	triggerEpsFallbackResponse
android.hardware.radio.ims.IRadioImsResponse	6	sendAnbrQueryResponse
android.hardware.radio.ims.IRadioImsResponse	7	updateImsCallStatusResponse
android.hardware.radio.ims.IRadioImsResponse	16777214	getInterfaceHash
android.hardware.radio.ims.IRadioImsResponse	16777215	getInterfaceVersion
android.hardware.radio.messaging.IRadioMessaging	1	acknowledgeIncomingGsmSmsWithPdu
android.hardware.radio.messaging.IRadioMessaging	2	acknowledgeLastIncomingCdmaSms
android.hardware.radio.messaging.IRadioMessaging	3	acknowledgeLastIncomingGsmSms
android.hardware.radio.messaging.IRadioMessaging	4	deleteSmsOnRuim
android.hardware.radio.messaging.IRadioMessaging	5	deleteSmsOnSim
android.hardware.radio.messaging.IRadioMessaging	6	getCdmaBroadcastConfig
android.hardware.radio.messaging.IRadioMessaging	7	getGsmBroadcastConfig
android.hardware.radio.messaging.IRadioMessaging	8	getSmscAddress
android.hardware.radio.messaging.IRadioMessaging	9	reportSmsMemoryStatus
android.hardware.radio.messaging.IRadioMessaging	10	responseAcknowledgement
android.hardware.radio.messaging.IRadioMessaging	11	sendCdmaSms
android.hardware.radio.messaging.IRadioMessaging	12	sendCdmaSmsExpectMore
android.hardware.radio.messaging.IRadioMessaging	13	sendImsSms
android.hardware.radio.messaging.IRadioMessaging	14	sendSms
android.hardware.radio.messaging.IRadioMessaging	15	sendSmsExpectMore
android.hardware.radio.messaging.IRadioMessaging	16	setCdmaBroadcastActivation
android.hardware.radio.messaging.IRadioMessaging	17	setCdmaBroadcastConfig
android.hardware.radio.messaging.IRadioMessaging	18	setGsmBroadcastActivation
android.hardware.radio.messaging.IRadioMessaging	19	setGsmBroadcastConfig
android.hardware.radio.messaging.IRadioMessaging	20	setResponseFunctions
android.hardware.radio.messaging.IRadioMessaging	21	setSmscAddress
android.hardware.radio.messaging.IRadioMessaging	22	writeSmsToRuim
android.hardware.radio.messaging.IRadioMessaging	23	writeSmsToSim
android.hardware.radio.messaging.IRadioMessaging	16777214	getInterfaceHash
android.hardware.radio.messaging.IRadioMessaging	16777215	getInterfaceVersion
android.hardware.radio.messaging.IRadioMessagingIndication	1	cdmaNewSms
android.hardware.radio.messaging.IRadioMessagingIndication	2	cdmaRuimSmsStorageFull
android.hardware.radio.messaging.IRadioMessagingIndication	3	newBroadcastSms
android.hardware.radio.messaging.IRadioMessagingIndication	4	newSms
android.hardware.radio.messaging.IRadioMessagingIndication	5	newSmsOnSim
android.hardware.radio.messaging.IRadioMessagingIndication	6	newSmsStatusReport
android.hardware.radio.messaging.IRadioMessagingIndication	7	simSmsStorageFull
android.hardware.radio.messaging.IRadioMessagingIndication	16777214	getInterfaceHash
android.hardware.radio.messaging.IRadioMessagingIndication	16777215	getInterfaceVersion
android.hardware.radio.messaging.IRadioMessagingResponse	1	acknowledgeIncomingGsmSmsWithPduResponse
android.hardware.radio.messaging.IRadioMessagingResponse	2	acknowledgeLastIncomingCdmaSmsResponse
android.hardware.radio.messaging.IRadioMessagingResponse	3	acknowledgeLastIncomingGsmSmsResponse
android.hardware.radio.messaging.IRadioMessagingResponse	4	acknowledgeRequest
android.hardware.radio.messaging.IRadioMessagingResponse	5	deleteSmsOnRuimResponse
android.hardware.radio.messaging.IRadioMessagingResponse	6	deleteSmsOnSimResponse
android.hardware.radio.messaging.IRadioMessagingResponse	7	getCdmaBroadcastConfigResponse
android.hardware.radio.messaging.IRadioMessagingResponse	8	getGsmBroadcastConfigResponse
android.hardware.radio.messaging.IRadioMessagingResponse	9	getSmscAddressResponse
android.hardware.radio.messaging.IRadioMessagingResponse	10	reportSmsMemoryStatusResponse
android.hardware.radio.messaging.IRadioMessagingResponse	11	sendCdmaSmsExpectMoreResponse
android.hardware.radio.messaging.IRadioMessagingResponse	12	sendCdmaSmsResponse
android.hardware.radio.messaging.IRadioMessagingResponse	13	sendImsSmsResponse
android.hardware.radio.messaging.IRadioMessagingResponse	14	sendSmsExpectMoreResponse
android.hardware.radio.messaging.IRadioMessagingResponse	15	sendSmsResponse
android.hardware.radio.messaging.IRadioMessagingResponse	16	setCdmaBroadcastActivationResponse
android.hardware.radio.messaging.IRadioMessagingResponse	17	setCdmaBroadcastConfigResponse
android.hardware.radio.messaging.IRadioMessagingResponse	18	setGsmBroadcastActivationResponse
android.hardware.radio.messaging.IRadioMessagingResponse	19	setGsmBroadcastConfigResponse
android.hardware.radio.messaging.IRadioMessagingResponse	20	setSmscAddressResponse
android.hardware.radio.messaging.IRadioMessagingResponse	21	writeSmsToRuimResponse
android.hardware.radio.messaging.IRadioMessagingResponse	22	writeSmsToSimResponse
android.hardware.radio.messaging.IRadioMessagingResponse	16777214	getInterfaceHash
android.hardware.radio.messaging.IRadioMessagingResponse	16777215	getInterfaceVersion
android.hardware.radio.modem.IRadioModem	1	enableModem
android.hardware.radio.modem.IRadioModem	2	getBasebandVersion
android.hardware.radio.modem.IRadioModem	3	getDeviceIdentity
android.hardware.radio.modem.IRadioModem	4	getHardwareConfig
android.hardware.radio.modem.IRadioModem	5	getModemActivityInfo
android.hardware.radio.modem.IRadioModem	6	getModemStackStatus
android.hardware.radio.modem.IRadioModem	7	getRadioCapability
android.hardware.radio.modem.IRadioModem	8	nvReadItem
android.hardware.radio.modem.IRadioModem	9	nvResetConfig
android.hardware.radio.modem.IRadioModem	10	nvWriteCdmaPrl
android.hardware.radio.modem.IRadioModem	11	nvWriteItem
android.hardware.radio.modem.IRadioModem	12	requestShutdown
android.hardware.radio.modem.IRadioModem	13	responseAcknowledgement
android.hardware.radio.modem.IRadioModem	14	sendDeviceState
android.hardware.radio.modem.IRadioModem	15	setRadioCapability
android.hardware.radio.modem.IRadioModem	16	setRadioPower
android.hardware.radio.modem.IRadioModem	17	setResponseFunctions
android.hardware.radio.modem.IRadioModem	18	getImei
android.hardware.radio.modem.IRadioModem	16777214	getInterfaceHash
android.hardware.radio.modem.IRadioModem	16777215	getInterfaceVersion
android.hardware.radio.modem.IRadioModemIndication	1	hardwareConfigChanged
android.hardware.radio.modem.IRadioModemIndication	2	modemReset
android.hardware.radio.modem.IRadioModemIndication	3	radioCapabilityIndication
android.hardware.radio.modem.IRadioModemIndication	4	radioStateChanged
android.hardware.radio.modem.IRadioModemIndication	5	rilConnected
android.hardware.radio.modem.IRadioModemIndication	6	onImeiMappingChanged
android.hardware.radio.modem.IRadioModemIndication	16777214	getInterfaceHash
android.hardware.radio.modem.IRadioModemIndication	16777215	getInterfaceVersion
android.hardware.radio.modem.IRadioModemResponse	1	acknowledgeRequest
android.hardware.radio.modem.IRadioModemResponse	2	enableModemResponse
android.hardware.radio.modem.IRadioModemResponse	3	getBasebandVersionResponse
android.hardware.radio.modem.IRadioModemResponse	4	getDeviceIdentityResponse
android.hardware.radio.modem.IRadioModemResponse	5	getHardwareConfigResponse
android.hardware.radio.modem.IRadioModemResponse	6	getModemActivityInfoResponse
android.hardware.radio.modem.IRadioModemResponse	7	getModemStackStatusResponse
android.hardware.radio.modem.IRadioModemResponse	8	getRadioCapabilityResponse
android.hardware.radio.modem.IRadioModemResponse	9	nvReadItemResponse
android.hardware.radio.modem.IRadioModemResponse	10	nvResetConfigResponse
android.hardware.radio.modem.IRadioModemResponse	11	nvWriteCdmaPrlResponse
android.hardware.radio.modem.IRadioModemResponse	12	nvWriteItemResponse
android.hardware.radio.modem.IRadioModemResponse	13	requestShutdownResponse
android.hardware.radio.modem.IRadioModemResponse	14	sendDeviceStateResponse
android.hardware.radio.modem.IRadioModemResponse	15	setRadioCapabilityResponse
android.hardware.radio.modem.IRadioModemResponse	16	setRadioPowerResponse
android.hardware.radio.modem.IRadioModemResponse	17	getImeiResponse
android.hardware.radio.modem.IRadioModemResponse	16777214	getInterfaceHash
android.hardware.radio.modem.IRadioModemResponse	16777215	getInterfaceVersion
android.hardware.radio.network.IRadioNetwork	1	getAllowedNetworkTypesBitmap
android.hardware.radio.network.IRadioNetwork	2	getAvailableBandModes
android.hardware.radio.network.IRadioNetwork	3	getAvailableNetworks
android.hardware.radio.network.IRadioNetwork	4	getBarringInfo
android.hardware.radio.network.IRadioNetwork	5	getCdmaRoamingPreference
android.hardware.radio.network.IRadioNetwork	6	getCellInfoList
android.hardware.radio.network.IRadioNetwork	7	getDataRegistrationState
android.hardware.radio.network.IRadioNetwork	8	getImsRegistrationState
android.hardware.radio.network.IRadioNetwork	9	getNetworkSelectionMode
android.hardware.radio.network.IRadioNetwork	10	getOperator
android.hardware.radio.network.IRadioNetwork	11	getSignalStrength
android.hardware.radio.network.IRadioNetwork	12	getSystemSelectionChannels
android.hardware.radio.network.IRadioNetwork	13	getVoiceRadioTechnology
android.hardware.radio.network.IRadioNetwork	14	getVoiceRegistrationState
android.hardware.radio.network.IRadioNetwork	15	isNrDualConnectivityEnabled
android.hardware.radio.network.IRadioNetwork	16	responseAcknowledgement
android.hardware.radio.network.IRadioNetwork	17	setAllowedNetworkTypesBitmap
android.hardware.radio.network.IRadioNetwork	18	setBandMode
android.hardware.radio.network.IRadioNetwork	19	setBarringPassword
android.hardware.radio.network.IRadioNetwork	20	setCdmaRoamingPreference
android.hardware.radio.network.IRadioNetwork	21	setCellInfoListRate
android.hardware.radio.network.IRadioNetwork	22	setIndicationFilter
android.hardware.radio.network.IRadioNetwork	23	setLinkCapacityReportingCriteria
android.hardware.radio.network.IRadioNetwork	24	setLocationUpdates
android.hardware.radio.network.IRadioNetwork	25	setNetworkSelectionModeAutomatic
android.hardware.radio.network.IRadioNetwork	26	setNetworkSelectionModeManual
android.hardware.radio.network.IRadioNetwork	27	setNrDualConnectivityState
android.hardware.radio.network.IRadioNetwork	28	setResponseFunctions
android.hardware.radio.network.IRadioNetwork	29	setSignalStrengthReportingCriteria
android.hardware.radio.network.IRadioNetwork	30	setSuppServiceNotifications
android.hardware.radio.network.IRadioNetwork	31	setSystemSelectionChannels
android.hardware.radio.network.IRadioNetwork	32	startNetworkScan
android.hardware.radio.network.IRadioNetwork	33	stopNetworkScan
android.hardware.radio.network.IRadioNetwork	34	supplyNetworkDepersonalization
android.hardware.radio.network.IRadioNetwork	35	setUsageSetting
android.hardware.radio.network.IRadioNetwork	36	getUsageSetting
android.hardware.radio.network.IRadioNetwork	37	setEmergencyMode
android.hardware.radio.network.IRadioNetwork	38	triggerEmergencyNetworkScan
android.hardware.radio.network.IRadioNetwork	39	cancelEmergencyNetworkScan
android.hardware.radio.network.IRadioNetwork	40	exitEmergencyMode
android.hardware.radio.network.IRadioNetwork	41	setNullCipherAndIntegrityEnabled
android.hardware.radio.network.IRadioNetwork	42	isNullCipherAndIntegrityEnabled
android.hardware.radio.network.IRadioNetwork	43	isN1ModeEnabled
android.hardware.radio.network.IRadioNetwork	44	setN1ModeEnabled
android.hardware.radio.network.IRadioNetwork	45	isCellularIdentifierTransparencyEnabled
android.hardware.radio.network.IRadioNetwork	46	setCellularIdentifierTransparencyEnabled
android.hardware.radio.network.IRadioNetwork	47	setSecurityAlgorithmsUpdatedEnabled
android.hardware.radio.network.IRadioNetwork	48	isSecurityAlgorithmsUpdatedEnabled
android.hardware.radio.network.IRadioNetwork	49	setSatellitePlmn
android.hardware.radio.network.IRadioNetwork	50	setSatelliteEnabledForCarrier
android.hardware.radio.network.IRadioNetwork	51	isSatelliteEnabledForCarrier
android.hardware.radio.network.IRadioNetwork	16777214	getInterfaceHash
android.hardware.radio.network.IRadioNetwork	16777215	getInterfaceVersion
android.hardware.radio.network.IRadioNetworkIndication	1	barringInfoChanged
android.hardware.radio.network.IRadioNetworkIndication	2	cdmaPrlChanged
android.hardware.radio.network.IRadioNetworkIndication	3	cellInfoList
android.hardware.radio.network.IRadioNetworkIndication	4	currentLinkCapacityEstimate
android.hardware.radio.network.IRadioNetworkIndication	5	currentPhysicalChannelConfigs
android.hardware.radio.network.IRadioNetworkIndication	6	currentSignalStrength
android.hardware.radio.network.IRadioNetworkIndication	7	imsNetworkStateChanged
android.hardware.radio.network.IRadioNetworkIndication	8	networkScanResult
android.hardware.radio.network.IRadioNetworkIndication	9	networkStateChanged
android.hardware.radio.network.IRadioNetworkIndication	10	nitzTimeReceived
android.hardware.radio.network.IRadioNetworkIndication	11	registrationFailed
android.hardware.radio.network.IRadioNetworkIndication	12	restrictedStateChanged
android.hardware.radio.network.IRadioNetworkIndication	13	suppSvcNotify
android.hardware.radio.network.IRadioNetworkIndication	14	voiceRadioTechChanged
android.hardware.radio.network.IRadioNetworkIndication	15	emergencyNetworkScanResult
android.hardware.radio.network.IRadioNetworkIndication	16	cellularIdentifierDisclosed
android.hardware.radio.network.IRadioNetworkIndication	17	securityAlgorithmsUpdated
android.hardware.radio.network.IRadioNetworkIndication	16777214	getInterfaceHash
android.hardware.radio.network.IRadioNetworkIndication	16777215	getInterfaceVersion
android.hardware.radio.network.IRadioNetworkResponse	1	acknowledgeRequest
android.hardware.radio.network.IRadioNetworkResponse	2	getAllowedNetworkTypesBitmapResponse
android.hardware.radio.network.IRadioNetworkResponse	3	getAvailableBandModesResponse
android.hardware.radio.network.IRadioNetworkResponse	4	getAvailableNetworksResponse
android.hardware.radio.network.IRadioNetworkResponse	5	getBarringInfoResponse
android.hardware.radio.network.IRadioNetworkResponse	6	getCdmaRoamingPreferenceResponse
android.hardware.radio.network.IRadioNetworkResponse	7	getCellInfoListResponse
android.hardware.radio.network.IRadioNetworkResponse	8	getDataRegistrationStateResponse
android.hardware.radio.network.IRadioNetworkResponse	9	getImsRegistrationStateResponse
android.hardware.radio.network.IRadioNetworkResponse	10	getNetworkSelectionModeResponse
android.hardware.radio.network.IRadioNetworkResponse	11	getOperatorResponse
android.hardware.radio.network.IRadioNetworkResponse	12	getSignalStrengthResponse
android.hardware.radio.network.IRadioNetworkResponse	13	getSystemSelectionChannelsResponse
android.hardware.radio.network.IRadioNetworkResponse	14	getVoiceRadioTechnologyResponse
android.hardware.radio.network.IRadioNetworkResponse	15	getVoiceRegistrationStateResponse
android.hardware.radio.network.IRadioNetworkResponse	16	isNrDualConnectivityEnabledResponse
android.hardware.radio.network.IRadioNetworkResponse	17	setAllowedNetworkTypesBitmapResponse
android.hardware.radio.network.IRadioNetworkResponse	18	setBandModeResponse
android.hardware.radio.network.IRadioNetworkResponse	19	setBarringPasswordResponse
android.hardware.radio.network.IRadioNetworkResponse	20	setCdmaRoamingPreferenceResponse
android.hardware.radio.network.IRadioNetworkResponse	21	setCellInfoListRateResponse
android.hardware.radio.network.IRadioNetworkResponse	22	setIndicationFilterResponse
android.hardware.radio.network.IRadioNetworkResponse	23	setLinkCapacityReportingCriteriaResponse
android.hardware.radio.network.IRadioNetworkResponse	24	setLocationUpdatesResponse
android.hardware.radio.network.IRadioNetworkResponse	25	setNetworkSelectionModeAutomaticResponse
android.hardware.radio.network.IRadioNetworkResponse	26	setNetworkSelectionModeManualResponse
android.hardware.radio.network.IRadioNetworkResponse	27	setNrDualConnectivityStateResponse
android.hardware.radio.network.IRadioNetworkResponse	28	setSignalStrengthReportingCriteriaResponse
android.hardware.radio.network.IRadioNetworkResponse	29	setSuppServiceNotificationsResponse
android.hardware.radio.network.IRadioNetworkResponse	30	setSystemSelectionChannelsResponse
android.hardware.radio.network.IRadioNetworkResponse	31	startNetworkScanResponse
android.hardware.radio.network.IRadioNetworkResponse	32	stopNetworkScanResponse
android.hardware.radio.network.IRadioNetworkResponse	33	supplyNetworkDepersonalizationResponse
android.hardware.radio.network.IRadioNetworkResponse	34	setUsageSettingResponse
android.hardware.radio.network.IRadioNetworkResponse	35	getUsageSettingResponse
android.hardware.radio.network.IRadioNetworkResponse	36	setEmergencyModeResponse
android.hardware.radio.network.IRadioNetworkResponse	37	triggerEmergencyNetworkScanResponse
android.hardware.radio.network.IRadioNetworkResponse	38	exitEmergencyModeResponse
android.hardware.radio.network.IRadioNetworkResponse	39	cancelEmergencyNetworkScanResponse
android.hardware.radio.network.IRadioNetworkResponse	40	setNullCipherAndIntegrityEnabledResponse
android.hardware.radio.network.IRadioNetworkResponse	41	isNullCipherAndIntegrityEnabledResponse
android.hardware.radio.network.IRadioNetworkResponse	42	isN1ModeEnabledResponse
android.hardware.radio.network.IRadioNetworkResponse	43	setN1ModeEnabledResponse
android.hardware.radio.network.IRadioNetworkResponse	44	isCellularIdentifierTransparencyEnabledResponse
android.hardware.radio.network.IRadioNetworkResponse	45	setCellularIdentifierTransparencyEnabledResponse
android.hardware.radio.network.IRadioNetworkResponse	46	setSecurityAlgorithmsUpdatedEnabledResponse
android.hardware.radio.network.IRadioNetworkResponse	47	isSecurityAlgorithmsUpdatedEnabledResponse
android.hardware.radio.network.IRadioNetworkResponse	48	setSatellitePlmnResponse
android.hardware.radio.network.IRadioNetworkResponse	49	setSatelliteEnabledForCarrierResponse
android.hardware.radio.network.IRadioNetworkResponse	50	isSatelliteEnabledForCarrierResponse
android.hardware.radio.network.IRadioNetworkResponse	16777214	getInterfaceHash
android.hardware.radio.network.IRadioNetworkResponse	16777215	getInterfaceVersion
android.hardware.radio.sim.IRadioSim	1	areUiccApplicationsEnabled
android.hardware.radio.sim.IRadioSim	2	changeIccPin2ForApp
android.hardware.radio.sim.IRadioSim	3	changeIccPinForApp
android.hardware.radio.sim.IRadioSim	4	enableUiccApplications
android.hardware.radio.sim.IRadioSim	5	getAllowedCarriers
android.hardware.radio.sim.IRadioSim	6	getCdmaSubscription
android.hardware.radio.sim.IRadioSim	7	getCdmaSubscriptionSource
android.hardware.radio.sim.IRadioSim	8	getFacilityLockForApp
android.hardware.radio.sim.IRadioSim	9	getIccCardStatus
android.hardware.radio.sim.IRadioSim	10	getImsiForApp
android.hardware.radio.sim.IRadioSim	11	getSimPhonebookCapacity
android.hardware.radio.sim.IRadioSim	12	getSimPhonebookRecords
android.hardware.radio.sim.IRadioSim	13	iccCloseLogicalChannel
android.hardware.radio.sim.IRadioSim	14	iccIoForApp
android.hardware.radio.sim.IRadioSim	15	iccOpenLogicalChannel
android.hardware.radio.sim.IRadioSim	16	iccTransmitApduBasicChannel
android.hardware.radio.sim.IRadioSim	17	iccTransmitApduLogicalChannel
android.hardware.radio.sim.IRadioSim	18	reportStkServiceIsRunning
android.hardware.radio.sim.IRadioSim	19	requestIccSimAuthentication
android.hardware.radio.sim.IRadioSim	20	responseAcknowledgement
android.hardware.radio.sim.IRadioSim	21	sendEnvelope
android.hardware.radio.sim.IRadioSim	22	sendEnvelopeWithStatus
android.hardware.radio.sim.IRadioSim	23	sendTerminalResponseToSim
android.hardware.radio.sim.IRadioSim	24	setAllowedCarriers
android.hardware.radio.sim.IRadioSim	25	setCarrierInfoForImsiEncryption
android.hardware.radio.sim.IRadioSim	26	setCdmaSubscriptionSource
android.hardware.radio.sim.IRadioSim	27	setFacilityLockForApp
android.hardware.radio.sim.IRadioSim	28	setResponseFunctions
android.hardware.radio.sim.IRadioSim	29	setSimCardPower
android.hardware.radio.sim.IRadioSim	30	setUiccSubscription
android.hardware.radio.sim.IRadioSim	31	supplyIccPin2ForApp
android.hardware.radio.sim.IRadioSim	32	supplyIccPinForApp
android.hardware.radio.sim.IRadioSim	33	supplyIccPuk2ForApp
android.hardware.radio.sim.IRadioSim	34	supplyIccPukForApp
android.hardware.radio.sim.IRadioSim	35	supplySimDepersonalization
android.hardware.radio.sim.IRadioSim	36	updateSimPhonebookRecords
android.hardware.radio.sim.IRadioSim	37	iccCloseLogicalChannelWithSessionInfo
android.hardware.radio.sim.IRadioSim	16777214	getInterfaceHash
android.hardware.radio.sim.IRadioSim	16777215	getInterfaceVersion
android.hardware.radio.sim.IRadioSimIndication	1	carrierInfoForImsiEncryption
android.hardware.radio.sim.IRadioSimIndication	2	cdmaSubscriptionSourceChanged
android.hardware.radio.sim.IRadioSimIndication	3	simPhonebookChanged
android.hardware.radio.sim.IRadioSimIndication	4	simPhonebookRecordsReceived
android.hardware.radio.sim.IRadioSimIndication	5	simRefresh
android.hardware.radio.sim.IRadioSimIndication	6	simStatusChanged
android.hardware.radio.sim.IRadioSimIndication	7	stkEventNotify
android.hardware.radio.sim.IRadioSimIndication	8	stkProactiveCommand
android.hardware.radio.sim.IRadioSimIndication	9	stkSessionEnd
android.hardware.radio.sim.IRadioSimIndication	10	subscriptionStatusChanged
android.hardware.radio.sim.IRadioSimIndication	11	uiccApplicationsEnablementChanged
android.hardware.radio.sim.IRadioSimIndication	16777214	getInterfaceHash
android.hardware.radio.sim.IRadioSimIndication	16777215	getInterfaceVersion
android.hardware.radio.sim.IRadioSimResponse	1	acknowledgeRequest
android.hardware.radio.sim.IRadioSimResponse	2	areUiccApplicationsEnabledResponse
android.hardware.radio.sim.IRadioSimResponse	3	changeIccPin2ForAppResponse
android.hardware.radio.sim.IRadioSimResponse	4	changeIccPinForAppResponse
android.hardware.radio.sim.IRadioSimResponse	5	enableUiccApplicationsResponse
android.hardware.radio.sim.IRadioSimResponse	6	getAllowedCarriersResponse
android.hardware.radio.sim.IRadioSimResponse	7	getCdmaSubscriptionResponse
android.hardware.radio.sim.IRadioSimResponse	8	getCdmaSubscriptionSourceResponse
android.hardware.radio.sim.IRadioSimResponse	9	getFacilityLockForAppResponse
android.hardware.radio.sim.IRadioSimResponse	10	getIccCardStatusResponse
android.hardware.radio.sim.IRadioSimResponse	11	getImsiForAppResponse
android.hardware.radio.sim.IRadioSimResponse	12	getSimPhonebookCapacityResponse
android.hardware.radio.sim.IRadioSimResponse	13	getSimPhonebookRecordsResponse
android.hardware.radio.sim.IRadioSimResponse	14	iccCloseLogicalChannelResponse
android.hardware.radio.sim.IRadioSimResponse	15	iccIoForAppResponse
android.hardware.radio.sim.IRadioSimResponse	16	iccOpenLogicalChannelResponse
android.hardware.radio.sim.IRadioSimResponse	17	iccTransmitApduBasicChannelResponse
android.hardware.radio.sim.IRadioSimResponse	18	iccTransmitApduLogicalChannelResponse
android.hardware.radio.sim.IRadioSimResponse	19	reportStkServiceIsRunningResponse
android.hardware.radio.sim.IRadioSimResponse	20	requestIccSimAuthenticationResponse
android.hardware.radio.sim.IRadioSimResponse	21	sendEnvelopeResponse
android.hardware.radio.sim.IRadioSimResponse	22	sendEnvelopeWithStatusResponse
android.hardware.radio.sim.IRadioSimResponse	23	sendTerminalResponseToSimResponse
android.hardware.radio.sim.IRadioSimResponse	24	setAllowedCarriersResponse
android.hardware.radio.sim.IRadioSimResponse	25	setCarrierInfoForImsiEncryptionResponse
android.hardware.radio.sim.IRadioSimResponse	26	setCdmaSubscriptionSourceResponse
android.hardware.radio.sim.IRadioSimResponse	27	setFacilityLockForAppResponse
android.hardware.radio.sim.IRadioSimResponse	28	setSimCardPowerResponse
android.hardware.radio.sim.IRadioSimResponse	29	setUiccSubscriptionResponse
android.hardware.radio.sim.IRadioSimResponse	30	supplyIccPin2ForAppResponse
android.hardware.radio.sim.IRadioSimResponse	31	supplyIccPinForAppResponse
android.hardware.radio.sim.IRadioSimResponse	32	supplyIccPuk2ForAppResponse
android.hardware.radio.sim.IRadioSimResponse	33	supplyIccPukForAppResponse
android.hardware.radio.sim.IRadioSimResponse	34	supplySimDepersonalizationResponse
android.hardware.radio.sim.IRadioSimResponse	35	updateSimPhonebookRecordsResponse
android.hardware.radio.sim.IRadioSimResponse	36	iccCloseLogicalChannelWithSessionInfoResponse
android.hardware.radio.sim.IRadioSimResponse	16777214	getInterfaceHash
android.hardware.radio.sim.IRadioSimResponse	16777215	getInterfaceVersion
android.hardware.radio.voice.IRadioVoice	1	acceptCall
android.hardware.radio.voice.IRadioVoice	2	cancelPendingUssd
android.hardware.radio.voice.IRadioVoice	3	conference
android.hardware.radio.voice.IRadioVoice	4	dial
android.hardware.radio.voice.IRadioVoice	5	emergencyDial
android.hardware.radio.voice.IRadioVoice	6	exitEmergencyCallbackMode
android.hardware.radio.voice.IRadioVoice	7	explicitCallTransfer
android.hardware.radio.voice.IRadioVoice	8	getCallForwardStatus
android.hardware.radio.voice.IRadioVoice	9	getCallWaiting
android.hardware.radio.voice.IRadioVoice	10	getClip
android.hardware.radio.voice.IRadioVoice	11	getClir
android.hardware.radio.voice.IRadioVoice	12	getCurrentCalls
android.hardware.radio.voice.IRadioVoice	13	getLastCallFailCause
android.hardware.radio.voice.IRadioVoice	14	getMute
android.hardware.radio.voice.IRadioVoice	15	getPreferredVoicePrivacy
android.hardware.radio.voice.IRadioVoice	16	getTtyMode
android.hardware.radio.voice.IRadioVoice	17	handleStkCallSetupRequestFromSim
android.hardware.radio.voice.IRadioVoice	18	hangup
android.hardware.radio.voice.IRadioVoice	19	hangupForegroundResumeBackground
android.hardware.radio.voice.IRadioVoice	20	hangupWaitingOrBackground
android.hardware.radio.voice.IRadioVoice	21	isVoNrEnabled
android.hardware.radio.voice.IRadioVoice	22	rejectCall
android.hardware.radio.voice.IRadioVoice	23	responseAcknowledgement
android.hardware.radio.voice.IRadioVoice	24	sendBurstDtmf
android.hardware.radio.voice.IRadioVoice	25	sendCdmaFeatureCode
android.hardware.radio.voice.IRadioVoice	26	sendDtmf
android.hardware.radio.voice.IRadioVoice	27	sendUssd
android.hardware.radio.voice.IRadioVoice	28	separateConnection
android.hardware.radio.voice.IRadioVoice	29	setCallForward
android.hardware.radio.voice.IRadioVoice	30	setCallWaiting
android.hardware.radio.voice.IRadioVoice	31	setClir
android.hardware.radio.voice.IRadioVoice	32	setMute
android.hardware.radio.voice.IRadioVoice	33	setPreferredVoicePrivacy
android.hardware.radio.voice.IRadioVoice	34	setResponseFunctions
android.hardware.radio.voice.IRadioVoice	35	setTtyMode
android.hardware.radio.voice.IRadioVoice	36	setVoNrEnabled
android.hardware.radio.voice.IRadioVoice	37	startDtmf
android.hardware.radio.voice.IRadioVoice	38	stopDtmf
android.hardware.radio.voice.IRadioVoice	39	switchWaitingOrHoldingAndActive
android.hardware.radio.voice.IRadioVoice	16777214	getInterfaceHash
android.hardware.radio.voice.IRadioVoice	16777215	getInterfaceVersion
android.hardware.radio.voice.IRadioVoiceIndication	1	callRing
android.hardware.radio.voice.IRadioVoiceIndication	2	callStateChanged
android.hardware.radio.voice.IRadioVoiceIndication	3	cdmaCallWaiting
android.hardware.radio.voice.IRadioVoiceIndication	4	cdmaInfoRec
android.hardware.radio.voice.IRadioVoiceIndication	5	cdmaOtaProvisionStatus
android.hardware.radio.voice.IRadioVoiceIndication	6	currentEmergencyNumberList
android.hardware.radio.voice.IRadioVoiceIndication	7	enterEmergencyCallbackMode
android.hardware.radio.voice.IRadioVoiceIndication	8	exitEmergencyCallbackMode
android.hardware.radio.voice.IRadioVoiceIndication	9	indicateRingbackTone
android.hardware.radio.voice.IRadioVoiceIndication	10	onSupplementaryServiceIndication
android.hardware.radio.voice.IRadioVoiceIndication	11	onUssd
android.hardware.radio.voice.IRadioVoiceIndication	12	resendIncallMute
android.hardware.radio.voice.IRadioVoiceIndication	13	srvccStateNotify
android.hardware.radio.voice.IRadioVoiceIndication	14	stkCallControlAlphaNotify
android.hardware.radio.voice.IRadioVoiceIndication	15	stkCallSetup
android.hardware.radio.voice.IRadioVoiceIndication	16777214	getInterfaceHash
android.hardware.radio.voice.IRadioVoiceIndication	16777215	getInterfaceVersion
android.hardware.radio.voice.IRadioVoiceResponse	1	acceptCallResponse
android.hardware.radio.voice.IRadioVoiceResponse	2	acknowledgeRequest
android.hardware.radio.voice.IRadioVoiceResponse	3	cancelPendingUssdResponse
android.hardware.radio.voice.IRadioVoiceResponse	4	conferenceResponse
android.hardware.radio.voice.IRadioVoiceResponse	5	dialResponse
android.hardware.radio.voice.IRadioVoiceResponse	6	emergencyDialResponse
android.hardware.radio.voice.IRadioVoiceResponse	7	exitEmergencyCallbackModeResponse
android.hardware.radio.voice.IRadioVoiceResponse	8	explicitCallTransferResponse
android.hardware.radio.voice.IRadioVoiceResponse	9	getCallForwardStatusResponse
android.hardware.radio.voice.IRadioVoiceResponse	10	getCallWaitingResponse
android.hardware.radio.voice.IRadioVoiceResponse	11	getClipResponse
android.hardware.radio.voice.IRadioVoiceResponse	12	getClirResponse
android.hardware.radio.voice.IRadioVoiceResponse	13	getCurrentCallsResponse
android.hardware.radio.voice.IRadioVoiceResponse	14	getLastCallFailCauseResponse
android.hardware.radio.voice.IRadioVoiceResponse	15	getMuteResponse
android.hardware.radio.voice.IRadioVoiceResponse	16	getPreferredVoicePrivacyResponse
android.hardware.radio.voice.IRadioVoiceResponse	17	getTtyModeResponse
android.hardware.radio.voice.IRadioVoiceResponse	18	handleStkCallSetupRequestFromSimResponse
android.hardware.radio.voice.IRadioVoiceResponse	19	hangupConnectionResponse
android.hardware.radio.voice.IRadioVoiceResponse	20	hangupForegroundResumeBackgroundResponse
android.hardware.radio.voice.IRadioVoiceResponse	21	hangupWaitingOrBackgroundResponse
android.hardware.radio.voice.IRadioVoiceResponse	22	isVoNrEnabledResponse
android.hardware.radio.voice.IRadioVoiceResponse	23	rejectCallResponse
android.hardware.radio.voice.IRadioVoiceResponse	24	sendBurstDtmfResponse
android.hardware.radio.voice.IRadioVoiceResponse	25	sendCdmaFeatureCodeResponse
android.hardware.radio.voice.IRadioVoiceResponse	26	sendDtmfResponse
android.hardware.radio.voice.IRadioVoiceResponse	27	sendUssdResponse
android.hardware.radio.voice.IRadioVoiceResponse	28	separateConnectionResponse
android.hardware.radio.voice.IRadioVoiceResponse	29	setCallForwardResponse
android.hardware.radio.voice.IRadioVoiceResponse	30	setCallWaitingResponse
android.hardware.radio.voice.IRadioVoiceResponse	31	setClirResponse
android.hardware.radio.voice.IRadioVoiceResponse	32	setMuteResponse
android.hardware.radio.voice.IRadioVoiceResponse	33	setPreferredVoicePrivacyResponse
android.hardware.radio.voice.IRadioVoiceResponse	34	setTtyModeResponse
android.hardware.radio.voice.IRadioVoiceResponse	35	setVoNrEnabledResponse
android.hardware.radio.voice.IRadioVoiceResponse	36	startDtmfResponse
android.hardware.radio.voice.IRadioVoiceResponse	37	stopDtmfResponse
android.hardware.radio.voice.IRadioVoiceResponse	38	switchWaitingOrHoldingAndActiveResponse
android.hardware.radio.voice.IRadioVoiceResponse	16777214	getInterfaceHash
android.hardware.radio.voice.IRadioVoiceResponse	16777215	getInterfaceVersion
android.hardware.security.keymint.IKeyMintDevice	1	getHardwareInfo
android.hardware.security.keymint.IKeyMintDevice	2	addRngEntropy
android.hardware.security.keymint.IKeyMintDevice	3	generateKey
android.hardware.security.keymint.IKeyMintDevice	4	importKey
android.hardware.security.keymint.IKeyMintDevice	5	importWrappedKey
android.hardware.security.keymint.IKeyMintDevice	6	upgradeKey
android.hardware.security.keymint.IKeyMintDevice	7	deleteKey
android.hardware.security.keymint.IKeyMintDevice	8	deleteAllKeys
android.hardware.security.keymint.IKeyMintDevice	9	destroyAttestationIds
android.hardware.security.keymint.IKeyMintDevice	10	begin
android.hardware.security.keymint.IKeyMintDevice	11	deviceLocked
android.hardware.security.keymint.IKeyMintDevice	12	earlyBootEnded
android.hardware.security.keymint.IKeyMintDevice	13	convertStorageKeyToEphemeral
android.hardware.security.keymint.IKeyMintDevice	14	getKeyCharacteristics
android.hardware.security.keymint.IKeyMintDevice	15	getRootOfTrustChallenge
android.hardware.security.keymint.IKeyMintDevice	16	getRootOfTrust
android.hardware.security.keymint.IKeyMintDevice	17	sendRootOfTrust
android.hardware.security.keymint.IKeyMintDevice	16777214	getInterfaceHash
android.hardware.security.keymint.IKeyMintDevice	16777215	getInterfaceVersion
android.hardware.security.keymint.IKeyMintOperation	1	updateAad
android.hardware.security.keymint.IKeyMintOperation	2	update
android.hardware.security.keymint.IKeyMintOperation	3	finish
android.hardware.security.keymint.IKeyMintOperation	4	abort
android.hardware.security.keymint.IKeyMintOperation	16777214	getInterfaceHash
android.hardware.security.keymint.IKeyMintOperation	16777215	getInterfaceVersion
android.hardware.security.secureclock.ISecureClock	1	generateTimeStamp
android.hardware.security.secureclock.ISecureClock	16777214	getInterfaceHash
android.hardware.security.secureclock.ISecureClock	16777215	getInterfaceVersion
android.hardware.soundtrigger.IRecognitionStatusCallback	1	onKeyphraseDetected
android.hardware.soundtrigger.IRecognitionStatusCallback	2	onGenericSoundTriggerDetected
android.hardware.soundtrigger.IRecognitionStatusCallback	3	onRecognitionPaused
android.hardware.soundtrigger.IRecognitionStatusCallback	4	onRecognitionResumed
android.hardware.soundtrigger.IRecognitionStatusCallback	5	onPreempted
android.hardware.soundtrigger.IRecognitionStatusCallback	6	onModuleDied
android.hardware.soundtrigger.IRecognitionStatusCallback	7	onResumeFailed
android.hardware.soundtrigger.IRecognitionStatusCallback	8	onPauseFailed
android.hardware.soundtrigger3.ISoundTriggerHw	1	getProperties
android.hardware.soundtrigger3.ISoundTriggerHw	2	registerGlobalCallback
android.hardware.soundtrigger3.ISoundTriggerHw	3	loadSoundModel
android.hardware.soundtrigger3.ISoundTriggerHw	4	loadPhraseSoundModel
android.hardware.soundtrigger3.ISoundTriggerHw	5	unloadSoundModel
android.hardware.soundtrigger3.ISoundTriggerHw	6	startRecognition
android.hardware.soundtrigger3.ISoundTriggerHw	7	stopRecognition
android.hardware.soundtrigger3.ISoundTriggerHw	8	forceRecognitionEvent
android.hardware.soundtrigger3.ISoundTriggerHw	9	queryParameter
android.hardware.soundtrigger3.ISoundTriggerHw	10	getParameter
android.hardware.soundtrigger3.ISoundTriggerHw	11	setParameter
android.hardware.soundtrigger3.ISoundTriggerHw	16777214	getInterfaceHash
android.hardware.soundtrigger3.ISoundTriggerHw	16777215	getInterfaceVersion
android.hardware.soundtrigger3.ISoundTriggerHwCallback	1	modelUnloaded
android.hardware.soundtrigger3.ISoundTriggerHwCallback	2	phraseRecognitionCallback
android.hardware.soundtrigger3.ISoundTriggerHwCallback	3	recognitionCallback
android.hardware.soundtrigger3.ISoundTriggerHwCallback	16777214	getInterfaceHash
android.hardware.soundtrigger3.ISoundTriggerHwCallback	16777215	getInterfaceVersion
android.hardware.soundtrigger3.ISoundTriggerHwGlobalCallback	1	onResourcesAvailable
android.hardware.soundtrigger3.ISoundTriggerHwGlobalCallback	16777214	getInterfaceHash
android.hardware.soundtrigger3.ISoundTriggerHwGlobalCallback	16777215	getInterfaceVersion
android.hardware.thermal.ICoolingDeviceChangedCallback	1	notifyCoolingDeviceChanged
android.hardware.thermal.ICoolingDeviceChangedCallback	16777214	getInterfaceHash
android.hardware.thermal.ICoolingDeviceChangedCallback	16777215	getInterfaceVersion
android.hardware.thermal.IThermal	1	getCoolingDevices
android.hardware.thermal.IThermal	2	getCoolingDevicesWithType
android.hardware.thermal.IThermal	3	getTemperatures
android.hardware.thermal.IThermal	4	getTemperaturesWithType
android.hardware.thermal.IThermal	5	getTemperatureThresholds
android.hardware.thermal.IThermal	6	getTemperatureThresholdsWithType
android.hardware.thermal.IThermal	7	registerThermalChangedCallback
android.hardware.thermal.IThermal	8	registerThermalChangedCallbackWithType
android.hardware.thermal.IThermal	9	unregisterThermalChangedCallback
android.hardware.thermal.IThermal	10	registerCoolingDeviceChangedCallbackWithType
android.hardware.thermal.IThermal	11	unregisterCoolingDeviceChangedCallback
android.hardware.thermal.IThermal	12	forecastSkinTemperature
android.hardware.thermal.IThermal	16777214	getInterfaceHash
android.hardware.thermal.IThermal	16777215	getInterfaceVersion
android.hardware.thermal.IThermalChangedCallback	1	notifyThrottling
android.hardware.thermal.IThermalChangedCallback	2	notifyThresholdChanged
android.hardware.thermal.IThermalChangedCallback	16777214	getInterfaceHash
android.hardware.thermal.IThermalChangedCallback	16777215	getInterfaceVersion
android.hardware.tv.tuner.IDemux	1	setFrontendDataSource
android.hardware.tv.tuner.IDemux	2	openFilter
android.hardware.tv.tuner.IDemux	3	openTimeFilter
android.hardware.tv.tuner.IDemux	4	getAvSyncHwId
android.hardware.tv.tuner.IDemux	5	getAvSyncTime
android.hardware.tv.tuner.IDemux	6	close
android.hardware.tv.tuner.IDemux	7	openDvr
android.hardware.tv.tuner.IDemux	8	connectCiCam
android.hardware.tv.tuner.IDemux	9	disconnectCiCam
android.hardware.tv.tuner.IDemux	16777214	getInterfaceHash
android.hardware.tv.tuner.IDemux	16777215	getInterfaceVersion
android.hardware.tv.tuner.IDescrambler	1	setDemuxSource
android.hardware.tv.tuner.IDescrambler	2	setKeyToken
android.hardware.tv.tuner.IDescrambler	3	addPid
android.hardware.tv.tuner.IDescrambler	4	removePid
android.hardware.tv.tuner.IDescrambler	5	close
android.hardware.tv.tuner.IDescrambler	16777214	getInterfaceHash
android.hardware.tv.tuner.IDescrambler	16777215	getInterfaceVersion
android.hardware.tv.tuner.IDvr	1	getQueueDesc
android.hardware.tv.tuner.IDvr	2	configure
android.hardware.tv.tuner.IDvr	3	attachFilter
android.hardware.tv.tuner.IDvr	4	detachFilter
android.hardware.tv.tuner.IDvr	5	start
android.hardware.tv.tuner.IDvr	6	stop
android.hardware.tv.tuner.IDvr	7	flush
android.hardware.tv.tuner.IDvr	8	close
android.hardware.tv.tuner.IDvr	9	setStatusCheckIntervalHint
android.hardware.tv.tuner.IDvr	16777214	getInterfaceHash
android.hardware.tv.tuner.IDvr	16777215	getInterfaceVersion
android.hardware.tv.tuner.IDvrCallback	1	onPlaybackStatus
android.hardware.tv.tuner.IDvrCallback	2	onRecordStatus
android.hardware.tv.tuner.IDvrCallback	16777214	getInterfaceHash
android.hardware.tv.tuner.IDvrCallback	16777215	getInterfaceVersion
android.hardware.tv.tuner.IFilter	1	getQueueDesc
android.hardware.tv.tuner.IFilter	2	close
android.hardware.tv.tuner.IFilter	3	configure
android.hardware.tv.tuner.IFilter	4	configureAvStreamType
android.hardware.tv.tuner.IFilter	5	configureIpCid
android.hardware.tv.tuner.IFilter	6	configureMonitorEvent
android.hardware.tv.tuner.IFilter	7	start
android.hardware.tv.tuner.IFilter	8	stop
android.hardware.tv.tuner.IFilter	9	flush
android.hardware.tv.tuner.IFilter	10	getAvSharedHandle
android.hardware.tv.tuner.IFilter	11	getId
android.hardware.tv.tuner.IFilter	12	getId64Bit
android.hardware.tv.tuner.IFilter	13	releaseAvHandle
android.hardware.tv.tuner.IFilter	14	setDataSource
android.hardware.tv.tuner.IFilter	15	setDelayHint
android.hardware.tv.tuner.IFilter	16777214	getInterfaceHash
android.hardware.tv.tuner.IFilter	16777215	getInterfaceVersion
android.hardware.tv.tuner.IFilterCallback	1	onFilterEvent
android.hardware.tv.tuner.IFilterCallback	2	onFilterStatus
android.hardware.tv.tuner.IFilterCallback	16777214	getInterfaceHash
android.hardware.tv.tuner.IFilterCallback	16777215	getInterfaceVersion
android.hardware.tv.tuner.IFrontend	1	setCallback
android.hardware.tv.tuner.IFrontend	2	tune
android.hardware.tv.tuner.IFrontend	3	stopTune
android.hardware.tv.tuner.IFrontend	4	close
android.hardware.tv.tuner.IFrontend	5	scan
android.hardware.tv.tuner.IFrontend	6	stopScan
android.hardware.tv.tuner.IFrontend	7	getStatus
android.hardware.tv.tuner.IFrontend	8	setLnb
android.hardware.tv.tuner.IFrontend	9	linkCiCam
android.hardware.tv.tuner.IFrontend	10	unlinkCiCam
android.hardware.tv.tuner.IFrontend	11	getHardwareInfo
android.hardware.tv.tuner.IFrontend	12	removeOutputPid
android.hardware.tv.tuner.IFrontend	13	getFrontendStatusReadiness
android.hardware.tv.tuner.IFrontend	16777214	getInterfaceHash
android.hardware.tv.tuner.IFrontend	16777215	getInterfaceVersion
android.hardware.tv.tuner.IFrontendCallback	1	onEvent
android.hardware.tv.tuner.IFrontendCallback	2	onScanMessage
android.hardware.tv.tuner.IFrontendCallback	16777214	getInterfaceHash
android.hardware.tv.tuner.IFrontendCallback	16777215	getInterfaceVersion
android.hardware.tv.tuner.ILnb	1	setCallback
android.hardware.tv.tuner.ILnb	2	setVoltage
android.hardware.tv.tuner.ILnb	3	setTone
android.hardware.tv.tuner.ILnb	4	setSatellitePosition
android.hardware.tv.tuner.ILnb	5	sendDiseqcMessage
android.hardware.tv.tuner.ILnb	6	close
android.hardware.tv.tuner.ILnb	16777214	getInterfaceHash
android.hardware.tv.tuner.ILnb	16777215	getInterfaceVersion
android.hardware.tv.tuner.ILnbCallback	1	onDiseqcMessage
android.hardware.tv.tuner.ILnbCallback	2	onEvent
android.hardware.tv.tuner.ILnbCallback	16777214	getInterfaceHash
android.hardware.tv.tuner.ILnbCallback	16777215	getInterfaceVersion
android.hardware.tv.tuner.ITimeFilter	1	setTimeStamp
android.hardware.tv.tuner.ITimeFilter	2	clearTimeStamp
android.hardware.tv.tuner.ITimeFilter	3	getTimeStamp
android.hardware.tv.tuner.ITimeFilter	4	getSourceTime
android.hardware.tv.tuner.ITimeFilter	5	close
android.hardware.tv.tuner.ITimeFilter	16777214	getInterfaceHash
android.hardware.tv.tuner.ITimeFilter	16777215	getInterfaceVersion
android.hardware.tv.tuner.ITuner	1	getFrontendIds
android.hardware.tv.tuner.ITuner	2	openFrontendById
android.hardware.tv.tuner.ITuner	3	openDemux
android.hardware.tv.tuner.ITuner	4	getDemuxCaps
android.hardware.tv.tuner.ITuner	5	openDescrambler
android.hardware.tv.tuner.ITuner	6	getFrontendInfo
android.hardware.tv.tuner.ITuner	7	getLnbIds
android.hardware.tv.tuner.ITuner	8	openLnbById
android.hardware.tv.tuner.ITuner	9	openLnbByName
android.hardware.tv.tuner.ITuner	10	setLna
android.hardware.tv.tuner.ITuner	11	setMaxNumberOfFrontends
android.hardware.tv.tuner.ITuner	12	getMaxNumberOfFrontends
android.hardware.tv.tuner.ITuner	13	isLnaSupported
android.hardware.tv.tuner.ITuner	14	getDemuxIds
android.hardware.tv.tuner.ITuner	15	openDemuxById
android.hardware.tv.tuner.ITuner	16	getDemuxInfo
android.hardware.tv.tuner.ITuner	16777214	getInterfaceHash
android.hardware.tv.tuner.ITuner	16777215	getInterfaceVersion
android.hardware.usb.IDisplayPortAltModeInfoListener	1	onDisplayPortAltModeInfoChanged
android.hardware.usb.IUsbManager	1	getDeviceList
android.hardware.usb.IUsbManager	2	openDevice
android.hardware.usb.IUsbManager	3	getCurrentAccessory
android.hardware.usb.IUsbManager	4	openAccessory
android.hardware.usb.IUsbManager	5	setDevicePackage
android.hardware.usb.IUsbManager	6	setAccessoryPackage
android.hardware.usb.IUsbManager	7	addDevicePackagesToPreferenceDenied
android.hardware.usb.IUsbManager	8	addAccessoryPackagesToPreferenceDenied
android.hardware.usb.IUsbManager	9	removeDevicePackagesFromPreferenceDenied
android.hardware.usb.IUsbManager	10	removeAccessoryPackagesFromPreferenceDenied
android.hardware.usb.IUsbManager	11	setDevicePersistentPermission
android.hardware.usb.IUsbManager	12	setAccessoryPersistentPermission
android.hardware.usb.IUsbManager	13	hasDevicePermission
android.hardware.usb.IUsbManager	14	hasDevicePermissionWithIdentity
android.hardware.usb.IUsbManager	15	hasAccessoryPermission
android.hardware.usb.IUsbManager	16	hasAccessoryPermissionWithIdentity
android.hardware.usb.IUsbManager	17	requestDevicePermission
android.hardware.usb.IUsbManager	18	requestAccessoryPermission
android.hardware.usb.IUsbManager	19	grantDevicePermission
android.hardware.usb.IUsbManager	20	grantAccessoryPermission
android.hardware.usb.IUsbManager	21	hasDefaults
android.hardware.usb.IUsbManager	22	clearDefaults
android.hardware.usb.IUsbManager	23	isFunctionEnabled
android.hardware.usb.IUsbManager	24	setCurrentFunctions
android.hardware.usb.IUsbManager	25	setCurrentFunction
android.hardware.usb.IUsbManager	26	getCurrentFunctions
android.hardware.usb.IUsbManager	27	getCurrentUsbSpeed
android.hardware.usb.IUsbManager	28	getGadgetHalVersion
android.hardware.usb.IUsbManager	29	setScreenUnlockedFunctions
android.hardware.usb.IUsbManager	30	getScreenUnlockedFunctions
android.hardware.usb.IUsbManager	31	resetUsbGadget
android.hardware.usb.IUsbManager	32	resetUsbPort
android.hardware.usb.IUsbManager	33	enableUsbData
android.hardware.usb.IUsbManager	34	enableUsbDataWhileDocked
android.hardware.usb.IUsbManager	35	getUsbHalVersion
android.hardware.usb.IUsbManager	36	getControlFd
android.hardware.usb.IUsbManager	37	getPorts
android.hardware.usb.IUsbManager	38	getPortStatus
android.hardware.usb.IUsbManager	39	isModeChangeSupported
android.hardware.usb.IUsbManager	40	setPortRoles
android.hardware.usb.IUsbManager	41	enableLimitPowerTransfer
android.hardware.usb.IUsbManager	42	enableContaminantDetection
android.hardware.usb.IUsbManager	43	setUsbDeviceConnectionHandler
android.hardware.usb.IUsbManager	44	registerForDisplayPortEvents
android.hardware.usb.IUsbManager	45	unregisterForDisplayPortEvents
android.hardware.usb.IUsbOperationInternal	1	onOperationComplete
android.hardware.usb.IUsbSerialReader	1	getSerial
android.hardware.usb.gadget.IUsbGadget	1	setCurrentUsbFunctions
android.hardware.usb.gadget.IUsbGadget	2	getCurrentUsbFunctions
android.hardware.usb.gadget.IUsbGadget	3	getUsbSpeed
android.hardware.usb.gadget.IUsbGadget	4	reset
android.hardware.usb.gadget.IUsbGadget	16777214	getInterfaceHash
android.hardware.usb.gadget.IUsbGadget	16777215	getInterfaceVersion
android.hardware.usb.gadget.IUsbGadgetCallback	1	setCurrentUsbFunctionsCb
android.hardware.usb.gadget.IUsbGadgetCallback	2	getCurrentUsbFunctionsCb
android.hardware.usb.gadget.IUsbGadgetCallback	3	getUsbSpeedCb
android.hardware.usb.gadget.IUsbGadgetCallback	4	resetCb
android.hardware.usb.gadget.IUsbGadgetCallback	16777214	getInterfaceHash
android.hardware.usb.gadget.IUsbGadgetCallback	16777215	getInterfaceVersion
android.hardware.vibrator.IVibrationSession	1	close
android.hardware.vibrator.IVibrationSession	2	abort
android.hardware.vibrator.IVibrationSession	16777214	getInterfaceHash
android.hardware.vibrator.IVibrationSession	16777215	getInterfaceVersion
android.hardware.vibrator.IVibrator	1	getCapabilities
android.hardware.vibrator.IVibrator	2	off
android.hardware.vibrator.IVibrator	3	on
android.hardware.vibrator.IVibrator	4	perform
android.hardware.vibrator.IVibrator	5	getSupportedEffects
android.hardware.vibrator.IVibrator	6	setAmplitude
android.hardware.vibrator.IVibrator	7	setExternalControl
android.hardware.vibrator.IVibrator	8	getCompositionDelayMax
android.hardware.vibrator.IVibrator	9	getCompositionSizeMax
android.hardware.vibrator.IVibrator	10	getSupportedPrimitives
android.hardware.vibrator.IVibrator	11	getPrimitiveDuration
android.hardware.vibrator.IVibrator	12	compose
android.hardware.vibrator.IVibrator	13	getSupportedAlwaysOnEffects
android.hardware.vibrator.IVibrator	14	alwaysOnEnable
android.hardware.vibrator.IVibrator	15	alwaysOnDisable
android.hardware.vibrator.IVibrator	16	getResonantFrequency
android.hardware.vibrator.IVibrator	17	getQFactor
android.hardware.vibrator.IVibrator	18	getFrequencyResolution
android.hardware.vibrator.IVibrator	19	getFrequencyMinimum
android.hardware.vibrator.IVibrator	20	getBandwidthAmplitudeMap
android.hardware.vibrator.IVibrator	21	getPwlePrimitiveDurationMax
android.hardware.vibrator.IVibrator	22	getPwleCompositionSizeMax
android.hardware.vibrator.IVibrator	23	getSupportedBraking
android.hardware.vibrator.IVibrator	24	composePwle
android.hardware.vibrator.IVibrator	25	performVendorEffect
android.hardware.vibrator.IVibrator	26	getFrequencyToOutputAccelerationMap
android.hardware.vibrator.IVibrator	27	getPwleV2PrimitiveDurationMaxMillis
android.hardware.vibrator.IVibrator	28	getPwleV2CompositionSizeMax
android.hardware.vibrator.IVibrator	29	getPwleV2PrimitiveDurationMinMillis
android.hardware.vibrator.IVibrator	30	composePwleV2
android.hardware.vibrator.IVibrator	16777214	getInterfaceHash
android.hardware.vibrator.IVibrator	16777215	getInterfaceVersion
android.hardware.vibrator.IVibratorCallback	1	onComplete
android.hardware.vibrator.IVibratorCallback	16777214	getInterfaceHash
android.hardware.vibrator.IVibratorCallback	16777215	getInterfaceVersion
android.hardware.vibrator.IVibratorManager	1	getCapabilities
android.hardware.vibrator.IVibratorManager	2	getVibratorIds
android.hardware.vibrator.IVibratorManager	3	getVibrator
android.hardware.vibrator.IVibratorManager	4	prepareSynced
android.hardware.vibrator.IVibratorManager	5	triggerSynced
android.hardware.vibrator.IVibratorManager	6	cancelSynced
android.hardware.vibrator.IVibratorManager	7	startSession
android.hardware.vibrator.IVibratorManager	8	clearSessions
android.hardware.vibrator.IVibratorManager	16777214	getInterfaceHash
android.hardware.vibrator.IVibratorManager	16777215	getInterfaceVersion
android.location.ICountryDetector	1	detectCountry
android.location.ICountryDetector	2	addCountryListener
android.location.ICountryDetector	3	removeCountryListener
android.location.ICountryListener	1	onCountryDetected
android.location.IFusedGeofenceHardware	1	isSupported
android.location.IFusedGeofenceHardware	2	addGeofences
android.location.IFusedGeofenceHardware	3	removeGeofences
android.location.IFusedGeofenceHardware	4	pauseMonitoringGeofence
android.location.IFusedGeofenceHardware	5	resumeMonitoringGeofence
android.location.IFusedGeofenceHardware	6	modifyGeofenceOptions
android.location.IGeofenceProvider	1	setGeofenceHardware
android.location.IGnssAntennaInfoListener	1	onGnssAntennaInfoChanged
android.location.IGnssMeasurementsListener	1	onGnssMeasurementsReceived
android.location.IGnssMeasurementsListener	2	onStatusChanged
android.location.IGnssNavigationMessageListener	1	onGnssNavigationMessageReceived
android.location.IGnssNavigationMessageListener	2	onStatusChanged
android.location.IGnssNmeaListener	1	onNmeaReceived
android.location.IGnssStatusListener	1	onGnssStarted
android.location.IGnssStatusListener	2	onGnssStopped
android.location.IGnssStatusListener	3	onFirstFix
android.location.IGnssStatusListener	4	onSvStatusChanged
android.location.IGpsGeofenceHardware	1	isHardwareGeofenceSupported
android.location.IGpsGeofenceHardware	2	addCircularHardwareGeofence
android.location.IGpsGeofenceHardware	3	removeHardwareGeofence
android.location.IGpsGeofenceHardware	4	pauseHardwareGeofence
android.location.IGpsGeofenceHardware	5	resumeHardwareGeofence
android.location.ILocationCallback	1	onLocation
android.location.ILocationListener	1	onLocationChanged
android.location.ILocationListener	2	onProviderEnabledChanged
android.location.ILocationListener	3	onFlushComplete
android.location.ILocationManager	1	getLastLocation
android.location.ILocationManager	2	getCurrentLocation
android.location.ILocationManager	3	registerLocationListener
android.location.ILocationManager	4	unregisterLocationListener
android.location.ILocationManager	5	registerLocationPendingIntent
android.location.ILocationManager	6	unregisterLocationPendingIntent
android.location.ILocationManager	7	injectLocation
android.location.ILocationManager	8	requestListenerFlush
android.location.ILocationManager	9	requestPendingIntentFlush
android.location.ILocationManager	10	requestGeofence
android.location.ILocationManager	11	removeGeofence
android.location.ILocationManager	12	isGeocodeAvailable
android.location.ILocationManager	13	reverseGeocode
android.location.ILocationManager	14	forwardGeocode
android.location.ILocationManager	15	getGnssCapabilities
android.location.ILocationManager	16	getGnssYearOfHardware
android.location.ILocationManager	17	getGnssHardwareModelName
android.location.ILocationManager	18	getGnssAntennaInfos
android.location.ILocationManager	19	registerGnssStatusCallback
android.location.ILocationManager	20	unregisterGnssStatusCallback
android.location.ILocationManager	21	registerGnssNmeaCallback
android.location.ILocationManager	22	unregisterGnssNmeaCallback
android.location.ILocationManager	23	addGnssMeasurementsListener
android.location.ILocationManager	24	removeGnssMeasurementsListener
android.location.ILocationManager	25	injectGnssMeasurementCorrections
android.location.ILocationManager	26	addGnssNavigationMessageListener
android.location.ILocationManager	27	removeGnssNavigationMessageListener
android.location.ILocationManager	28	addGnssAntennaInfoListener
android.location.ILocationManager	29	removeGnssAntennaInfoListener
android.location.ILocationManager	30	addProviderRequestListener
android.location.ILocationManager	31	removeProviderRequestListener
android.location.ILocationManager	32	getGnssBatchSize
android.location.ILocationManager	33	startGnssBatch
android.location.ILocationManager	34	flushGnssBatch
android.location.ILocationManager	35	stopGnssBatch
android.location.ILocationManager	36	hasProvider
android.location.ILocationManager	37	getAllProviders
android.location.ILocationManager	38	getProviders
android.location.ILocationManager	39	getBestProvider
android.location.ILocationManager	40	getProviderProperties
android.location.ILocationManager	41	isProviderPackage
android.location.ILocationManager	42	getProviderPackages
android.location.ILocationManager	43	setExtraLocationControllerPackage
android.location.ILocationManager	44	getExtraLocationControllerPackage
android.location.ILocationManager	45	setExtraLocationControllerPackageEnabled
android.location.ILocationManager	46	isExtraLocationControllerPackageEnabled
android.location.ILocationManager	47	isProviderEnabledForUser
android.location.ILocationManager	48	isLocationEnabledForUser
android.location.ILocationManager	49	setLocationEnabledForUser
android.location.ILocationManager	50	isAdasGnssLocationEnabledForUser
android.location.ILocationManager	51	setAdasGnssLocationEnabledForUser
android.location.ILocationManager	52	isAutomotiveGnssSuspended
android.location.ILocationManager	53	setAutomotiveGnssSuspended
android.location.ILocationManager	54	addTestProvider
android.location.ILocationManager	55	removeTestProvider
android.location.ILocationManager	56	setTestProviderLocation
android.location.ILocationManager	57	setTestProviderEnabled
android.location.ILocationManager	58	getGnssTimeMillis
android.location.ILocationManager	59	sendExtraCommand
android.location.ILocationManager	60	getBackgroundThrottlingWhitelist
android.location.ILocationManager	61	getIgnoreSettingsAllowlist
android.location.ILocationManager	62	getAdasAllowlist
android.location.INetInitiatedListener	1	sendNiResponse
android.location.provider.IGeocodeCallback	1	onError
android.location.provider.IGeocodeCallback	2	onResults
android.location.provider.IGeocodeProvider	1	forwardGeocode
android.location.provider.IGeocodeProvider	2	reverseGeocode
android.location.provider.ILocationProvider	1	setLocationProviderManager
android.location.provider.ILocationProvider	2	setRequest
android.location.provider.ILocationProvider	3	flush
android.location.provider.ILocationProvider	4	sendExtraCommand
android.location.provider.ILocationProviderManager	1	onInitialize
android.location.provider.ILocationProviderManager	2	onSetAllowed
android.location.provider.ILocationProviderManager	3	onSetProperties
android.location.provider.ILocationProviderManager	4	onReportLocation
android.location.provider.ILocationProviderManager	5	onReportLocations
android.location.provider.ILocationProviderManager	6	onFlushComplete
android.location.provider.IPopulationDensityProvider	1	getDefaultCoarseningLevel
android.location.provider.IPopulationDensityProvider	2	getCoarsenedS2Cells
android.location.provider.IProviderRequestListener	1	onProviderRequestChanged
android.location.provider.IS2CellIdsCallback	1	onResult
android.location.provider.IS2CellIdsCallback	2	onError
android.location.provider.IS2LevelCallback	1	onResult
android.location.provider.IS2LevelCallback	2	onError
android.media.IAudioDeviceVolumeDispatcher	1	dispatchDeviceVolumeChanged
android.media.IAudioDeviceVolumeDispatcher	2	dispatchDeviceVolumeAdjusted
android.media.IAudioFocusDispatcher	1	dispatchAudioFocusChange
android.media.IAudioFocusDispatcher	2	dispatchFocusResultFromExtPolicy
android.media.IAudioModeDispatcher	1	dispatchAudioModeChanged
android.media.IAudioPolicyService	1	onNewAudioModulesAvailable
android.media.IAudioPolicyService	2	setDeviceConnectionState
android.media.IAudioPolicyService	3	getDeviceConnectionState
android.media.IAudioPolicyService	4	handleDeviceConfigChange
android.media.IAudioPolicyService	5	setPhoneState
android.media.IAudioPolicyService	6	setForceUse
android.media.IAudioPolicyService	7	getForceUse
android.media.IAudioPolicyService	8	getOutput
android.media.IAudioPolicyService	9	getOutputForAttr
android.media.IAudioPolicyService	10	startOutput
android.media.IAudioPolicyService	11	stopOutput
android.media.IAudioPolicyService	12	releaseOutput
android.media.IAudioPolicyService	13	getInputForAttr
android.media.IAudioPolicyService	14	startInput
android.media.IAudioPolicyService	15	stopInput
android.media.IAudioPolicyService	16	releaseInput
android.media.IAudioPolicyService	17	setDeviceAbsoluteVolumeEnabled
android.media.IAudioPolicyService	18	initStreamVolume
android.media.IAudioPolicyService	19	setStreamVolumeIndex
android.media.IAudioPolicyService	20	getStreamVolumeIndex
android.media.IAudioPolicyService	21	setVolumeIndexForAttributes
android.media.IAudioPolicyService	22	getVolumeIndexForAttributes
android.media.IAudioPolicyService	23	getMaxVolumeIndexForAttributes
android.media.IAudioPolicyService	24	getMinVolumeIndexForAttributes
android.media.IAudioPolicyService	25	getStrategyForStream
android.media.IAudioPolicyService	26	getDevicesForAttributes
android.media.IAudioPolicyService	27	getOutputForEffect
android.media.IAudioPolicyService	28	registerEffect
android.media.IAudioPolicyService	29	unregisterEffect
android.media.IAudioPolicyService	30	setEffectEnabled
android.media.IAudioPolicyService	31	moveEffectsToIo
android.media.IAudioPolicyService	32	isStreamActive
android.media.IAudioPolicyService	33	isStreamActiveRemotely
android.media.IAudioPolicyService	34	isSourceActive
android.media.IAudioPolicyService	35	queryDefaultPreProcessing
android.media.IAudioPolicyService	36	addSourceDefaultEffect
android.media.IAudioPolicyService	37	addStreamDefaultEffect
android.media.IAudioPolicyService	38	removeSourceDefaultEffect
android.media.IAudioPolicyService	39	removeStreamDefaultEffect
android.media.IAudioPolicyService	40	setSupportedSystemUsages
android.media.IAudioPolicyService	41	setAllowedCapturePolicy
android.media.IAudioPolicyService	42	getOffloadSupport
android.media.IAudioPolicyService	43	isDirectOutputSupported
android.media.IAudioPolicyService	44	listAudioPorts
android.media.IAudioPolicyService	45	listDeclaredDevicePorts
android.media.IAudioPolicyService	46	getAudioPort
android.media.IAudioPolicyService	47	createAudioPatch
android.media.IAudioPolicyService	48	releaseAudioPatch
android.media.IAudioPolicyService	49	listAudioPatches
android.media.IAudioPolicyService	50	setAudioPortConfig
android.media.IAudioPolicyService	51	registerClient
android.media.IAudioPolicyService	52	setAudioPortCallbacksEnabled
android.media.IAudioPolicyService	53	setAudioVolumeGroupCallbacksEnabled
android.media.IAudioPolicyService	54	acquireSoundTriggerSession
android.media.IAudioPolicyService	55	releaseSoundTriggerSession
android.media.IAudioPolicyService	56	getPhoneState
android.media.IAudioPolicyService	57	registerPolicyMixes
android.media.IAudioPolicyService	58	getRegisteredPolicyMixes
android.media.IAudioPolicyService	59	updatePolicyMixes
android.media.IAudioPolicyService	60	setUidDeviceAffinities
android.media.IAudioPolicyService	61	removeUidDeviceAffinities
android.media.IAudioPolicyService	62	setUserIdDeviceAffinities
android.media.IAudioPolicyService	63	removeUserIdDeviceAffinities
android.media.IAudioPolicyService	64	startAudioSource
android.media.IAudioPolicyService	65	stopAudioSource
android.media.IAudioPolicyService	66	setMasterMono
android.media.IAudioPolicyService	67	getMasterMono
android.media.IAudioPolicyService	68	getStreamVolumeDB
android.media.IAudioPolicyService	69	getSurroundFormats
android.media.IAudioPolicyService	70	getReportedSurroundFormats
android.media.IAudioPolicyService	71	getHwOffloadFormatsSupportedForBluetoothMedia
android.media.IAudioPolicyService	72	setSurroundFormatEnabled
android.media.IAudioPolicyService	73	setAssistantServicesUids
android.media.IAudioPolicyService	74	setActiveAssistantServicesUids
android.media.IAudioPolicyService	75	setA11yServicesUids
android.media.IAudioPolicyService	76	setCurrentImeUid
android.media.IAudioPolicyService	77	isHapticPlaybackSupported
android.media.IAudioPolicyService	78	isUltrasoundSupported
android.media.IAudioPolicyService	79	isHotwordStreamSupported
android.media.IAudioPolicyService	80	listAudioProductStrategies
android.media.IAudioPolicyService	81	getProductStrategyFromAudioAttributes
android.media.IAudioPolicyService	82	listAudioVolumeGroups
android.media.IAudioPolicyService	83	getVolumeGroupFromAudioAttributes
android.media.IAudioPolicyService	84	setRttEnabled
android.media.IAudioPolicyService	85	isCallScreenModeSupported
android.media.IAudioPolicyService	86	setDevicesRoleForStrategy
android.media.IAudioPolicyService	87	removeDevicesRoleForStrategy
android.media.IAudioPolicyService	88	clearDevicesRoleForStrategy
android.media.IAudioPolicyService	89	getDevicesForRoleAndStrategy
android.media.IAudioPolicyService	90	setDevicesRoleForCapturePreset
android.media.IAudioPolicyService	91	addDevicesRoleForCapturePreset
android.media.IAudioPolicyService	92	removeDevicesRoleForCapturePreset
android.media.IAudioPolicyService	93	clearDevicesRoleForCapturePreset
android.media.IAudioPolicyService	94	getDevicesForRoleAndCapturePreset
android.media.IAudioPolicyService	95	registerSoundTriggerCaptureStateListener
android.media.IAudioPolicyService	96	getSpatializer
android.media.IAudioPolicyService	97	canBeSpatialized
android.media.IAudioPolicyService	98	getDirectPlaybackSupport
android.media.IAudioPolicyService	99	getDirectProfilesForAttributes
android.media.IAudioPolicyService	100	getSupportedMixerAttributes
android.media.IAudioPolicyService	101	setPreferredMixerAttributes
android.media.IAudioPolicyService	102	getPreferredMixerAttributes
android.media.IAudioPolicyService	103	clearPreferredMixerAttributes
android.media.IAudioPolicyService	104	getPermissionController
android.media.IAudioPolicyService	105	getMmapPolicyInfos
android.media.IAudioPolicyService	106	getMmapPolicyForDevice
android.media.IAudioPolicyServiceClient	1	onAudioVolumeGroupChanged
android.media.IAudioPolicyServiceClient	2	onAudioPortListUpdate
android.media.IAudioPolicyServiceClient	3	onAudioPatchListUpdate
android.media.IAudioPolicyServiceClient	4	onDynamicPolicyMixStateUpdate
android.media.IAudioPolicyServiceClient	5	onRecordingConfigurationUpdate
android.media.IAudioPolicyServiceClient	6	onRoutingUpdated
android.media.IAudioPolicyServiceClient	7	onVolumeRangeInitRequest
android.media.IAudioRoutesObserver	1	dispatchAudioRoutesChanged
android.media.IAudioServerStateDispatcher	1	dispatchAudioServerStateChange
android.media.IAudioService	1	trackPlayer
android.media.IAudioService	2	playerAttributes
android.media.IAudioService	3	playerEvent
android.media.IAudioService	4	releasePlayer
android.media.IAudioService	5	trackRecorder
android.media.IAudioService	6	recorderEvent
android.media.IAudioService	7	releaseRecorder
android.media.IAudioService	8	playerSessionId
android.media.IAudioService	9	portEvent
android.media.IAudioService	10	permissionUpdateBarrier
android.media.IAudioService	11	adjustStreamVolume
android.media.IAudioService	12	adjustStreamVolumeWithAttribution
android.media.IAudioService	13	setStreamVolume
android.media.IAudioService	14	setStreamVolumeWithAttribution
android.media.IAudioService	15	setDeviceVolume
android.media.IAudioService	16	getDeviceVolume
android.media.IAudioService	17	handleVolumeKey
android.media.IAudioService	18	isStreamMute
android.media.IAudioService	19	forceRemoteSubmixFullVolume
android.media.IAudioService	20	isMasterMute
android.media.IAudioService	21	setMasterMute
android.media.IAudioService	22	getStreamVolume
android.media.IAudioService	23	getStreamMinVolume
android.media.IAudioService	24	getStreamMaxVolume
android.media.IAudioService	25	getAudioVolumeGroups
android.media.IAudioService	26	setVolumeGroupVolumeIndex
android.media.IAudioService	27	getVolumeGroupVolumeIndex
android.media.IAudioService	28	getVolumeGroupMaxVolumeIndex
android.media.IAudioService	29	getVolumeGroupMinVolumeIndex
android.media.IAudioService	30	getLastAudibleVolumeForVolumeGroup
android.media.IAudioService	31	isVolumeGroupMuted
android.media.IAudioService	32	adjustVolumeGroupVolume
android.media.IAudioService	33	getLastAudibleStreamVolume
android.media.IAudioService	34	setSupportedSystemUsages
android.media.IAudioService	35	getSupportedSystemUsages
android.media.IAudioService	36	getAudioProductStrategies
android.media.IAudioService	37	isMicrophoneMuted
android.media.IAudioService	38	isUltrasoundSupported
android.media.IAudioService	39	isHotwordStreamSupported
android.media.IAudioService	40	setMicrophoneMute
android.media.IAudioService	41	setInputGainIndex
android.media.IAudioService	42	getInputGainIndex
android.media.IAudioService	43	getMaxInputGainIndex
android.media.IAudioService	44	getMinInputGainIndex
android.media.IAudioService	45	isInputGainFixed
android.media.IAudioService	46	setMicrophoneMuteFromSwitch
android.media.IAudioService	47	setRingerModeExternal
android.media.IAudioService	48	setRingerModeInternal
android.media.IAudioService	49	getRingerModeExternal
android.media.IAudioService	50	getRingerModeInternal
android.media.IAudioService	51	isValidRingerMode
android.media.IAudioService	52	setVibrateSetting
android.media.IAudioService	53	getVibrateSetting
android.media.IAudioService	54	shouldVibrate
android.media.IAudioService	55	setMode
android.media.IAudioService	56	getMode
android.media.IAudioService	57	playSoundEffect
android.media.IAudioService	58	playSoundEffectVolume
android.media.IAudioService	59	loadSoundEffects
android.media.IAudioService	60	unloadSoundEffects
android.media.IAudioService	61	reloadAudioSettings
android.media.IAudioService	62	getSurroundFormats
android.media.IAudioService	63	getReportedSurroundFormats
android.media.IAudioService	64	setSurroundFormatEnabled
android.media.IAudioService	65	isSurroundFormatEnabled
android.media.IAudioService	66	setEncodedSurroundMode
android.media.IAudioService	67	getEncodedSurroundMode
android.media.IAudioService	68	setSpeakerphoneOn
android.media.IAudioService	69	isSpeakerphoneOn
android.media.IAudioService	70	setBluetoothScoOn
android.media.IAudioService	71	setA2dpSuspended
android.media.IAudioService	72	setLeAudioSuspended
android.media.IAudioService	73	isBluetoothScoOn
android.media.IAudioService	74	setBluetoothA2dpOn
android.media.IAudioService	75	isBluetoothA2dpOn
android.media.IAudioService	76	requestAudioFocus
android.media.IAudioService	77	abandonAudioFocus
android.media.IAudioService	78	unregisterAudioFocusClient
android.media.IAudioService	79	getCurrentAudioFocus
android.media.IAudioService	80	startBluetoothSco
android.media.IAudioService	81	startBluetoothScoVirtualCall
android.media.IAudioService	82	stopBluetoothSco
android.media.IAudioService	83	forceVolumeControlStream
android.media.IAudioService	84	setRingtonePlayer
android.media.IAudioService	85	getRingtonePlayer
android.media.IAudioService	86	getUiSoundsStreamType
android.media.IAudioService	87	getIndependentStreamTypes
android.media.IAudioService	88	getStreamTypeAlias
android.media.IAudioService	89	isVolumeControlUsingVolumeGroups
android.media.IAudioService	90	registerStreamAliasingDispatcher
android.media.IAudioService	91	setNotifAliasRingForTest
android.media.IAudioService	92	setWiredDeviceConnectionState
android.media.IAudioService	93	startWatchingRoutes
android.media.IAudioService	94	isCameraSoundForced
android.media.IAudioService	95	setVolumeController
android.media.IAudioService	96	getVolumeController
android.media.IAudioService	97	notifyVolumeControllerVisible
android.media.IAudioService	98	setVolumeControllerLongPressTimeoutEnabled
android.media.IAudioService	99	isStreamAffectedByRingerMode
android.media.IAudioService	100	isStreamAffectedByMute
android.media.IAudioService	101	isStreamMutableByUi
android.media.IAudioService	102	disableSafeMediaVolume
android.media.IAudioService	103	lowerVolumeToRs1
android.media.IAudioService	104	getOutputRs2UpperBound
android.media.IAudioService	105	setOutputRs2UpperBound
android.media.IAudioService	106	getCsd
android.media.IAudioService	107	setCsd
android.media.IAudioService	108	forceUseFrameworkMel
android.media.IAudioService	109	forceComputeCsdOnAllDevices
android.media.IAudioService	110	isCsdEnabled
android.media.IAudioService	111	isCsdAsAFeatureAvailable
android.media.IAudioService	112	isCsdAsAFeatureEnabled
android.media.IAudioService	113	setCsdAsAFeatureEnabled
android.media.IAudioService	114	setBluetoothAudioDeviceCategory_legacy
android.media.IAudioService	115	getBluetoothAudioDeviceCategory_legacy
android.media.IAudioService	116	setBluetoothAudioDeviceCategory
android.media.IAudioService	117	getBluetoothAudioDeviceCategory
android.media.IAudioService	118	isBluetoothAudioDeviceCategoryFixed
android.media.IAudioService	119	setHdmiSystemAudioSupported
android.media.IAudioService	120	isHdmiSystemAudioSupported
android.media.IAudioService	121	registerAudioPolicy
android.media.IAudioService	122	unregisterAudioPolicyAsync
android.media.IAudioService	123	getRegisteredPolicyMixes
android.media.IAudioService	124	unregisterAudioPolicy
android.media.IAudioService	125	addMixForPolicy
android.media.IAudioService	126	removeMixForPolicy
android.media.IAudioService	127	updateMixingRulesForPolicy
android.media.IAudioService	128	setFocusPropertiesForPolicy
android.media.IAudioService	129	setVolumePolicy
android.media.IAudioService	130	getVolumePolicy
android.media.IAudioService	131	hasRegisteredDynamicPolicy
android.media.IAudioService	132	registerRecordingCallback
android.media.IAudioService	133	unregisterRecordingCallback
android.media.IAudioService	134	getActiveRecordingConfigurations
android.media.IAudioService	135	registerPlaybackCallback
android.media.IAudioService	136	unregisterPlaybackCallback
android.media.IAudioService	137	getActivePlaybackConfigurations
android.media.IAudioService	138	getFocusRampTimeMs
android.media.IAudioService	139	dispatchFocusChange
android.media.IAudioService	140	dispatchFocusChangeWithFade
android.media.IAudioService	141	playerHasOpPlayAudio
android.media.IAudioService	142	handleBluetoothActiveDeviceChanged
android.media.IAudioService	143	setFocusRequestResultFromExtPolicy
android.media.IAudioService	144	registerAudioServerStateDispatcher
android.media.IAudioService	145	unregisterAudioServerStateDispatcher
android.media.IAudioService	146	isAudioServerRunning
android.media.IAudioService	147	setUidDeviceAffinity
android.media.IAudioService	148	removeUidDeviceAffinity
android.media.IAudioService	149	setUserIdDeviceAffinity
android.media.IAudioService	150	removeUserIdDeviceAffinity
android.media.IAudioService	151	hasHapticChannels
android.media.IAudioService	152	isCallScreeningModeSupported
android.media.IAudioService	153	setPreferredDevicesForStrategy
android.media.IAudioService	154	removePreferredDevicesForStrategy
android.media.IAudioService	155	getPreferredDevicesForStrategy
android.media.IAudioService	156	setDeviceAsNonDefaultForStrategy
android.media.IAudioService	157	removeDeviceAsNonDefaultForStrategy
android.media.IAudioService	158	getNonDefaultDevicesForStrategy
android.media.IAudioService	159	getDevicesForAttributes
android.media.IAudioService	160	getDevicesForAttributesUnprotected
android.media.IAudioService	161	addOnDevicesForAttributesChangedListener
android.media.IAudioService	162	removeOnDevicesForAttributesChangedListener
android.media.IAudioService	163	setAllowedCapturePolicy
android.media.IAudioService	164	getAllowedCapturePolicy
android.media.IAudioService	165	registerStrategyPreferredDevicesDispatcher
android.media.IAudioService	166	unregisterStrategyPreferredDevicesDispatcher
android.media.IAudioService	167	registerStrategyNonDefaultDevicesDispatcher
android.media.IAudioService	168	unregisterStrategyNonDefaultDevicesDispatcher
android.media.IAudioService	169	setRttEnabled
android.media.IAudioService	170	setDeviceVolumeBehavior
android.media.IAudioService	171	getDeviceVolumeBehavior
android.media.IAudioService	172	setMultiAudioFocusEnabled
android.media.IAudioService	173	setPreferredDevicesForCapturePreset
android.media.IAudioService	174	clearPreferredDevicesForCapturePreset
android.media.IAudioService	175	getPreferredDevicesForCapturePreset
android.media.IAudioService	176	registerCapturePresetDevicesRoleDispatcher
android.media.IAudioService	177	unregisterCapturePresetDevicesRoleDispatcher
android.media.IAudioService	178	adjustStreamVolumeForUid
android.media.IAudioService	179	adjustSuggestedStreamVolumeForUid
android.media.IAudioService	180	setStreamVolumeForUid
android.media.IAudioService	181	adjustVolume
android.media.IAudioService	182	adjustSuggestedStreamVolume
android.media.IAudioService	183	isMusicActive
android.media.IAudioService	184	getDeviceMaskForStream
android.media.IAudioService	185	getAvailableCommunicationDeviceIds
android.media.IAudioService	186	setCommunicationDevice
android.media.IAudioService	187	getCommunicationDevice
android.media.IAudioService	188	registerCommunicationDeviceDispatcher
android.media.IAudioService	189	unregisterCommunicationDeviceDispatcher
android.media.IAudioService	190	areNavigationRepeatSoundEffectsEnabled
android.media.IAudioService	191	setNavigationRepeatSoundEffectsEnabled
android.media.IAudioService	192	isHomeSoundEffectEnabled
android.media.IAudioService	193	setHomeSoundEffectEnabled
android.media.IAudioService	194	setAdditionalOutputDeviceDelay
android.media.IAudioService	195	getAdditionalOutputDeviceDelay
android.media.IAudioService	196	getMaxAdditionalOutputDeviceDelay
android.media.IAudioService	197	requestAudioFocusForTest
android.media.IAudioService	198	abandonAudioFocusForTest
android.media.IAudioService	199	getFadeOutDurationOnFocusLossMillis
android.media.IAudioService	200	getFocusDuckedUidsForTest
android.media.IAudioService	201	getFocusFadeOutDurationForTest
android.media.IAudioService	202	getFocusUnmuteDelayAfterFadeOutForTest
android.media.IAudioService	203	enterAudioFocusFreezeForTest
android.media.IAudioService	204	exitAudioFocusFreezeForTest
android.media.IAudioService	205	registerModeDispatcher
android.media.IAudioService	206	unregisterModeDispatcher
android.media.IAudioService	207	getSpatializerImmersiveAudioLevel
android.media.IAudioService	208	isSpatializerEnabled
android.media.IAudioService	209	isSpatializerAvailable
android.media.IAudioService	210	isSpatializerAvailableForDevice
android.media.IAudioService	211	hasHeadTracker
android.media.IAudioService	212	setHeadTrackerEnabled
android.media.IAudioService	213	isHeadTrackerEnabled
android.media.IAudioService	214	isHeadTrackerAvailable
android.media.IAudioService	215	registerSpatializerHeadTrackerAvailableCallback
android.media.IAudioService	216	setSpatializerEnabled
android.media.IAudioService	217	canBeSpatialized
android.media.IAudioService	218	getSpatializedChannelMasks
android.media.IAudioService	219	registerSpatializerCallback
android.media.IAudioService	220	unregisterSpatializerCallback
android.media.IAudioService	221	registerSpatializerHeadTrackingCallback
android.media.IAudioService	222	unregisterSpatializerHeadTrackingCallback
android.media.IAudioService	223	registerHeadToSoundstagePoseCallback
android.media.IAudioService	224	unregisterHeadToSoundstagePoseCallback
android.media.IAudioService	225	getSpatializerCompatibleAudioDevices
android.media.IAudioService	226	addSpatializerCompatibleAudioDevice
android.media.IAudioService	227	removeSpatializerCompatibleAudioDevice
android.media.IAudioService	228	setDesiredHeadTrackingMode
android.media.IAudioService	229	getDesiredHeadTrackingMode
android.media.IAudioService	230	getSupportedHeadTrackingModes
android.media.IAudioService	231	getActualHeadTrackingMode
android.media.IAudioService	232	setSpatializerGlobalTransform
android.media.IAudioService	233	recenterHeadTracker
android.media.IAudioService	234	setSpatializerParameter
android.media.IAudioService	235	getSpatializerParameter
android.media.IAudioService	236	getSpatializerOutput
android.media.IAudioService	237	registerSpatializerOutputCallback
android.media.IAudioService	238	unregisterSpatializerOutputCallback
android.media.IAudioService	239	isVolumeFixed
android.media.IAudioService	240	getDefaultVolumeInfo
android.media.IAudioService	241	isPstnCallAudioInterceptable
android.media.IAudioService	242	muteAwaitConnection
android.media.IAudioService	243	cancelMuteAwaitConnection
android.media.IAudioService	244	getMutingExpectedDevice
android.media.IAudioService	245	registerMuteAwaitConnectionDispatcher
android.media.IAudioService	246	setTestDeviceConnectionState
android.media.IAudioService	247	registerDeviceVolumeBehaviorDispatcher
android.media.IAudioService	248	getFocusStack
android.media.IAudioService	249	sendFocusLossAndUpdate
android.media.IAudioService	250	sendFocusLoss
android.media.IAudioService	251	addAssistantServicesUids
android.media.IAudioService	252	removeAssistantServicesUids
android.media.IAudioService	253	setActiveAssistantServiceUids
android.media.IAudioService	254	getAssistantServicesUids
android.media.IAudioService	255	getActiveAssistantServiceUids
android.media.IAudioService	256	registerDeviceVolumeDispatcherForAbsoluteVolume
android.media.IAudioService	257	getHalVersion
android.media.IAudioService	258	setPreferredMixerAttributes
android.media.IAudioService	259	clearPreferredMixerAttributes
android.media.IAudioService	260	registerPreferredMixerAttributesDispatcher
android.media.IAudioService	261	unregisterPreferredMixerAttributesDispatcher
android.media.IAudioService	262	supportsBluetoothVariableLatency
android.media.IAudioService	263	setBluetoothVariableLatencyEnabled
android.media.IAudioService	264	isBluetoothVariableLatencyEnabled
android.media.IAudioService	265	registerLoudnessCodecUpdatesDispatcher
android.media.IAudioService	266	unregisterLoudnessCodecUpdatesDispatcher
android.media.IAudioService	267	startLoudnessCodecUpdates
android.media.IAudioService	268	stopLoudnessCodecUpdates
android.media.IAudioService	269	addLoudnessCodecInfo
android.media.IAudioService	270	removeLoudnessCodecInfo
android.media.IAudioService	271	getLoudnessParams
android.media.IAudioService	272	setFadeManagerConfigurationForFocusLoss
android.media.IAudioService	273	clearFadeManagerConfigurationForFocusLoss
android.media.IAudioService	274	getFadeManagerConfigurationForFocusLoss
android.media.IAudioService	275	shouldNotificationSoundPlay
android.media.ICapturePresetDevicesRoleDispatcher	1	dispatchDevicesRoleChanged
android.media.ICaptureStateListener	1	setCaptureState
android.media.ICommunicationDeviceDispatcher	1	dispatchCommunicationDeviceChanged
android.media.IDeviceVolumeBehaviorDispatcher	1	dispatchDeviceVolumeBehaviorChanged
android.media.IDevicesForAttributesCallback	1	onDevicesForAttributesChanged
android.media.ILoudnessCodecUpdatesDispatcher	1	dispatchLoudnessCodecParameterChange
android.media.IMediaHTTPConnection	1	connect
android.media.IMediaHTTPConnection	2	disconnect
android.media.IMediaHTTPConnection	3	readAt
android.media.IMediaHTTPConnection	4	getSize
android.media.IMediaHTTPConnection	5	getMIMEType
android.media.IMediaHTTPConnection	6	getUri
android.media.IMediaHTTPService	1	makeHTTPConnection
android.media.IMediaResourceMonitor	1	notifyResourceGranted
android.media.IMediaRoute2ProviderService	1	setCallback
android.media.IMediaRoute2ProviderService	2	updateDiscoveryPreference
android.media.IMediaRoute2ProviderService	3	setRouteVolume
android.media.IMediaRoute2ProviderService	4	requestCreateSession
android.media.IMediaRoute2ProviderService	5	requestCreateSystemMediaSession
android.media.IMediaRoute2ProviderService	6	selectRoute
android.media.IMediaRoute2ProviderService	7	deselectRoute
android.media.IMediaRoute2ProviderService	8	transferToRoute
android.media.IMediaRoute2ProviderService	9	setSessionVolume
android.media.IMediaRoute2ProviderService	10	releaseSession
android.media.IMediaRoute2ProviderServiceCallback	1	notifyProviderUpdated
android.media.IMediaRoute2ProviderServiceCallback	2	notifySessionCreated
android.media.IMediaRoute2ProviderServiceCallback	3	notifySessionsUpdated
android.media.IMediaRoute2ProviderServiceCallback	4	notifySessionReleased
android.media.IMediaRoute2ProviderServiceCallback	5	notifyRequestFailed
android.media.IMediaRouter2	1	notifyRouterRegistered
android.media.IMediaRouter2	2	notifyRoutesUpdated
android.media.IMediaRouter2	3	notifySessionCreated
android.media.IMediaRouter2	4	notifySessionInfoChanged
android.media.IMediaRouter2	5	notifySessionReleased
android.media.IMediaRouter2	6	requestCreateSessionByManager
android.media.IMediaRouter2Manager	1	notifySessionCreated
android.media.IMediaRouter2Manager	2	notifySessionUpdated
android.media.IMediaRouter2Manager	3	notifySessionReleased
android.media.IMediaRouter2Manager	4	notifyDiscoveryPreferenceChanged
android.media.IMediaRouter2Manager	5	notifyRouteListingPreferenceChange
android.media.IMediaRouter2Manager	6	notifyRoutesUpdated
android.media.IMediaRouter2Manager	7	notifyRequestFailed
android.media.IMediaRouter2Manager	8	invalidateInstance
android.media.IMediaRouterClient	1	onStateChanged
android.media.IMediaRouterClient	2	onRestoreRoute
android.media.IMediaRouterClient	3	onGroupRouteSelected
android.media.IMediaRouterService	1	registerClientAsUser
android.media.IMediaRouterService	2	unregisterClient
android.media.IMediaRouterService	3	registerClientGroupId
android.media.IMediaRouterService	4	getState
android.media.IMediaRouterService	5	isPlaybackActive
android.media.IMediaRouterService	6	setBluetoothA2dpOn
android.media.IMediaRouterService	7	setDiscoveryRequest
android.media.IMediaRouterService	8	setSelectedRoute
android.media.IMediaRouterService	9	requestSetVolume
android.media.IMediaRouterService	10	requestUpdateVolume
android.media.IMediaRouterService	11	getSystemRoutes
android.media.IMediaRouterService	12	getSystemSessionInfo
android.media.IMediaRouterService	13	showMediaOutputSwitcherWithRouter2
android.media.IMediaRouterService	14	registerRouter2
android.media.IMediaRouterService	15	unregisterRouter2
android.media.IMediaRouterService	16	updateScanningStateWithRouter2
android.media.IMediaRouterService	17	setDiscoveryRequestWithRouter2
android.media.IMediaRouterService	18	setRouteListingPreference
android.media.IMediaRouterService	19	setRouteVolumeWithRouter2
android.media.IMediaRouterService	20	requestCreateSessionWithRouter2
android.media.IMediaRouterService	21	selectRouteWithRouter2
android.media.IMediaRouterService	22	deselectRouteWithRouter2
android.media.IMediaRouterService	23	transferToRouteWithRouter2
android.media.IMediaRouterService	24	setSessionVolumeWithRouter2
android.media.IMediaRouterService	25	releaseSessionWithRouter2
android.media.IMediaRouterService	26	getRemoteSessions
android.media.IMediaRouterService	27	getSystemSessionInfoForPackage
android.media.IMediaRouterService	28	registerManager
android.media.IMediaRouterService	29	registerProxyRouter
android.media.IMediaRouterService	30	unregisterManager
android.media.IMediaRouterService	31	setRouteVolumeWithManager
android.media.IMediaRouterService	32	updateScanningState
android.media.IMediaRouterService	33	requestCreateSessionWithManager
android.media.IMediaRouterService	34	selectRouteWithManager
android.media.IMediaRouterService	35	deselectRouteWithManager
android.media.IMediaRouterService	36	transferToRouteWithManager
android.media.IMediaRouterService	37	setSessionVolumeWithManager
android.media.IMediaRouterService	38	releaseSessionWithManager
android.media.IMediaRouterService	39	showMediaOutputSwitcherWithProxyRouter
android.media.IMediaScannerListener	1	scanCompleted
android.media.IMediaScannerService	1	requestScanFile
android.media.IMediaScannerService	2	scanFile
android.media.IMuteAwaitConnectionCallback	1	dispatchOnMutedUntilConnection
android.media.IMuteAwaitConnectionCallback	2	dispatchOnUnmutedEvent
android.media.INativeSpatializerCallback	1	onLevelChanged
android.media.INativeSpatializerCallback	2	onOutputChanged
android.media.INearbyMediaDevicesProvider	3	registerNearbyDevicesCallback
android.media.INearbyMediaDevicesProvider	4	unregisterNearbyDevicesCallback
android.media.INearbyMediaDevicesUpdateCallback	1	onDevicesUpdated
android.media.IPlaybackConfigDispatcher	1	dispatchPlaybackConfigChange
android.media.IPlayer	1	start
android.media.IPlayer	2	pause
android.media.IPlayer	3	stop
android.media.IPlayer	4	setVolume
android.media.IPlayer	5	setPan
android.media.IPlayer	6	setStartDelayMs
android.media.IPlayer	7	applyVolumeShaper
android.media.IPreferredMixerAttributesDispatcher	1	dispatchPrefMixerAttributesChanged
android.media.IRecordingConfigDispatcher	1	dispatchRecordingConfigChange
android.media.IRemoteDisplayCallback	1	onStateChanged
android.media.IRemoteDisplayProvider	1	setCallback
android.media.IRemoteDisplayProvider	2	setDiscoveryMode
android.media.IRemoteDisplayProvider	3	connect
android.media.IRemoteDisplayProvider	4	disconnect
android.media.IRemoteDisplayProvider	5	setVolume
android.media.IRemoteDisplayProvider	6	adjustVolume
android.media.IRemoteSessionCallback	1	onVolumeChanged
android.media.IRemoteSessionCallback	2	onSessionChanged
android.media.IRemoteVolumeObserver	1	dispatchRemoteVolumeUpdate
android.media.IResourceManagerClient	1	reclaimResource
android.media.IResourceManagerClient	2	getName
android.media.IResourceManagerService	1	config
android.media.IResourceManagerService	2	addResource
android.media.IResourceManagerService	3	removeResource
android.media.IResourceManagerService	4	removeClient
android.media.IResourceManagerService	5	reclaimResource
android.media.IResourceManagerService	6	overridePid
android.media.IResourceManagerService	7	overrideProcessInfo
android.media.IResourceManagerService	8	markClientForPendingRemoval
android.media.IResourceManagerService	9	reclaimResourcesFromClientsPendingRemoval
android.media.IResourceManagerService	10	notifyClientCreated
android.media.IResourceManagerService	11	notifyClientStarted
android.media.IResourceManagerService	12	notifyClientStopped
android.media.IResourceManagerService	13	notifyClientConfigChanged
android.media.IRingtonePlayer	1	play
android.media.IRingtonePlayer	2	playWithVolumeShaping
android.media.IRingtonePlayer	3	stop
android.media.IRingtonePlayer	4	isPlaying
android.media.IRingtonePlayer	5	setPlaybackProperties
android.media.IRingtonePlayer	6	playAsync
android.media.IRingtonePlayer	7	stopAsync
android.media.IRingtonePlayer	8	getTitle
android.media.IRingtonePlayer	9	openRingtone
android.media.ISoundDose	1	setOutputRs2UpperBound
android.media.ISoundDose	2	resetCsd
android.media.ISoundDose	3	updateAttenuation
android.media.ISoundDose	4	setCsdEnabled
android.media.ISoundDose	5	initCachedAudioDeviceCategories
android.media.ISoundDose	6	setAudioDeviceCategory
android.media.ISoundDose	7	getOutputRs2UpperBound
android.media.ISoundDose	8	getCsd
android.media.ISoundDose	9	isSoundDoseHalSupported
android.media.ISoundDose	10	forceUseFrameworkMel
android.media.ISoundDose	11	forceComputeCsdOnAllDevices
android.media.ISoundDoseCallback	1	onMomentaryExposure
android.media.ISoundDoseCallback	2	onNewCsdValue
android.media.ISpatializer	1	release
android.media.ISpatializer	2	getSupportedLevels
android.media.ISpatializer	3	setLevel
android.media.ISpatializer	4	getLevel
android.media.ISpatializer	5	isHeadTrackingSupported
android.media.ISpatializer	6	getSupportedHeadTrackingModes
android.media.ISpatializer	7	setDesiredHeadTrackingMode
android.media.ISpatializer	8	getActualHeadTrackingMode
android.media.ISpatializer	9	recenterHeadTracker
android.media.ISpatializer	10	setGlobalTransform
android.media.ISpatializer	11	setHeadSensor
android.media.ISpatializer	12	setScreenSensor
android.media.ISpatializer	13	setDisplayOrientation
android.media.ISpatializer	14	setHingeAngle
android.media.ISpatializer	15	setFoldState
android.media.ISpatializer	16	getSupportedModes
android.media.ISpatializer	17	registerHeadTrackingCallback
android.media.ISpatializer	18	setParameter
android.media.ISpatializer	19	getParameter
android.media.ISpatializer	20	getOutput
android.media.ISpatializer	21	getSpatializedChannelMasks
android.media.ISpatializerCallback	1	dispatchSpatializerEnabledChanged
android.media.ISpatializerCallback	2	dispatchSpatializerAvailableChanged
android.media.ISpatializerHeadToSoundStagePoseCallback	1	dispatchPoseChanged
android.media.ISpatializerHeadTrackerAvailableCallback	1	dispatchSpatializerHeadTrackerAvailable
android.media.ISpatializerHeadTrackingCallback	1	onHeadTrackingModeChanged
android.media.ISpatializerHeadTrackingCallback	2	onHeadToSoundStagePoseUpdated
android.media.ISpatializerHeadTrackingModeCallback	1	dispatchSpatializerActualHeadTrackingModeChanged
android.media.ISpatializerHeadTrackingModeCallback	2	dispatchSpatializerDesiredHeadTrackingModeChanged
android.media.ISpatializerOutputCallback	1	dispatchSpatializerOutputChanged
android.media.IStrategyNonDefaultDevicesDispatcher	1	dispatchNonDefDevicesChanged
android.media.IStrategyPreferredDevicesDispatcher	1	dispatchPrefDevicesChanged
android.media.IStreamAliasingDispatcher	1	dispatchStreamAliasingChanged
android.media.IVolumeController	1	displaySafeVolumeWarning
android.media.IVolumeController	2	volumeChanged
android.media.IVolumeController	3	masterMuteChanged
android.media.IVolumeController	4	setLayoutDirection
android.media.IVolumeController	5	dismiss
android.media.IVolumeController	6	setA11yMode
android.media.IVolumeController	7	displayCsdWarning
android.media.audiopolicy.IAudioPolicyCallback	1	notifyAudioFocusGrant
android.media.audiopolicy.IAudioPolicyCallback	2	notifyAudioFocusLoss
android.media.audiopolicy.IAudioPolicyCallback	3	notifyAudioFocusRequest
android.media.audiopolicy.IAudioPolicyCallback	4	notifyAudioFocusAbandon
android.media.audiopolicy.IAudioPolicyCallback	5	notifyMixStateUpdate
android.media.audiopolicy.IAudioPolicyCallback	6	notifyVolumeAdjust
android.media.audiopolicy.IAudioPolicyCallback	7	notifyUnregistration
android.media.metrics.IMediaMetricsManager	1	reportPlaybackMetrics
android.media.metrics.IMediaMetricsManager	2	getPlaybackSessionId
android.media.metrics.IMediaMetricsManager	3	getRecordingSessionId
android.media.metrics.IMediaMetricsManager	4	reportNetworkEvent
android.media.metrics.IMediaMetricsManager	5	reportPlaybackErrorEvent
android.media.metrics.IMediaMetricsManager	6	reportPlaybackStateEvent
android.media.metrics.IMediaMetricsManager	7	reportTrackChangeEvent
android.media.metrics.IMediaMetricsManager	8	reportEditingEndedEvent
android.media.metrics.IMediaMetricsManager	9	getTranscodingSessionId
android.media.metrics.IMediaMetricsManager	10	getEditingSessionId
android.media.metrics.IMediaMetricsManager	11	getBundleSessionId
android.media.metrics.IMediaMetricsManager	12	reportBundleMetrics
android.media.metrics.IMediaMetricsManager	13	releaseSessionId
android.media.midi.IBluetoothMidiService	1	addBluetoothDevice
android.media.midi.IMidiDeviceListener	1	onDeviceAdded
android.media.midi.IMidiDeviceListener	2	onDeviceRemoved
android.media.midi.IMidiDeviceListener	3	onDeviceStatusChanged
android.media.midi.IMidiDeviceOpenCallback	1	onDeviceOpened
android.media.midi.IMidiDeviceServer	1	openInputPort
android.media.midi.IMidiDeviceServer	2	openOutputPort
android.media.midi.IMidiDeviceServer	3	closePort
android.media.midi.IMidiDeviceServer	4	closeDevice
android.media.midi.IMidiDeviceServer	5	connectPorts
android.media.midi.IMidiDeviceServer	6	getDeviceInfo
android.media.midi.IMidiDeviceServer	7	setDeviceInfo
android.media.midi.IMidiManager	1	getDevices
android.media.midi.IMidiManager	2	getDevicesForTransport
android.media.midi.IMidiManager	3	registerListener
android.media.midi.IMidiManager	4	unregisterListener
android.media.midi.IMidiManager	5	openDevice
android.media.midi.IMidiManager	6	openBluetoothDevice
android.media.midi.IMidiManager	7	closeDevice
android.media.midi.IMidiManager	8	registerDeviceServer
android.media.midi.IMidiManager	9	unregisterDeviceServer
android.media.midi.IMidiManager	10	getServiceDeviceInfo
android.media.midi.IMidiManager	11	getDeviceStatus
android.media.midi.IMidiManager	12	setDeviceStatus
android.media.midi.IMidiManager	13	updateTotalBytes
android.media.musicrecognition.IMusicRecognitionAttributionTagCallback	1	onAttributionTag
android.media.musicrecognition.IMusicRecognitionManager	1	beginRecognition
android.media.musicrecognition.IMusicRecognitionManagerCallback	1	onRecognitionSucceeded
android.media.musicrecognition.IMusicRecognitionManagerCallback	2	onRecognitionFailed
android.media.musicrecognition.IMusicRecognitionManagerCallback	3	onAudioStreamClosed
android.media.musicrecognition.IMusicRecognitionService	1	onAudioStreamStarted
android.media.musicrecognition.IMusicRecognitionService	2	getAttributionTag
android.media.musicrecognition.IMusicRecognitionServiceCallback	1	onRecognitionSucceeded
android.media.musicrecognition.IMusicRecognitionServiceCallback	2	onRecognitionFailed
android.media.projection.IMediaProjection	1	start
android.media.projection.IMediaProjection	2	stop
android.media.projection.IMediaProjection	3	canProjectAudio
android.media.projection.IMediaProjection	4	canProjectVideo
android.media.projection.IMediaProjection	5	canProjectSecureVideo
android.media.projection.IMediaProjection	6	applyVirtualDisplayFlags
android.media.projection.IMediaProjection	7	registerCallback
android.media.projection.IMediaProjection	8	unregisterCallback
android.media.projection.IMediaProjection	9	getLaunchCookie
android.media.projection.IMediaProjection	10	getTaskId
android.media.projection.IMediaProjection	11	getDisplayId
android.media.projection.IMediaProjection	12	setLaunchCookie
android.media.projection.IMediaProjection	13	setTaskId
android.media.projection.IMediaProjection	14	isValid
android.media.projection.IMediaProjection	15	notifyVirtualDisplayCreated
android.media.projection.IMediaProjectionCallback	1	onStop
android.media.projection.IMediaProjectionCallback	2	onCapturedContentResize
android.media.projection.IMediaProjectionCallback	3	onCapturedContentVisibilityChanged
android.media.projection.IMediaProjectionManager	1	hasProjectionPermission
android.media.projection.IMediaProjectionManager	2	createProjection
android.media.projection.IMediaProjectionManager	3	getProjection
android.media.projection.IMediaProjectionManager	4	isCurrentProjection
android.media.projection.IMediaProjectionManager	5	requestConsentForInvalidProjection
android.media.projection.IMediaProjectionManager	6	getActiveProjectionInfo
android.media.projection.IMediaProjectionManager	7	stopActiveProjection
android.media.projection.IMediaProjectionManager	8	notifyActiveProjectionCapturedContentVisibilityChanged
android.media.projection.IMediaProjectionManager	9	addCallback
android.media.projection.IMediaProjectionManager	10	removeCallback
android.media.projection.IMediaProjectionManager	11	setContentRecordingSession
android.media.projection.IMediaProjectionManager	12	setUserReviewGrantedConsentResult
android.media.projection.IMediaProjectionManager	13	notifyPermissionRequestInitiated
android.media.projection.IMediaProjectionManager	14	notifyPermissionRequestDisplayed
android.media.projection.IMediaProjectionManager	15	notifyPermissionRequestCancelled
android.media.projection.IMediaProjectionManager	16	notifyAppSelectorDisplayed
android.media.projection.IMediaProjectionManager	17	notifyWindowingModeChanged
android.media.projection.IMediaProjectionManager	18	notifyCaptureBoundsChanged
android.media.projection.IMediaProjectionWatcherCallback	1	onStart
android.media.projection.IMediaProjectionWatcherCallback	2	onStop
android.media.projection.IMediaProjectionWatcherCallback	3	onRecordingSessionSet
android.media.quality.IAmbientBacklightCallback	1	onAmbientBacklightEvent
android.media.quality.IMediaQualityManager	1	createPictureProfile
android.media.quality.IMediaQualityManager	2	updatePictureProfile
android.media.quality.IMediaQualityManager	3	removePictureProfile
android.media.quality.IMediaQualityManager	4	setDefaultPictureProfile
android.media.quality.IMediaQualityManager	5	getPictureProfile
android.media.quality.IMediaQualityManager	6	getPictureProfilesByPackage
android.media.quality.IMediaQualityManager	7	getAvailablePictureProfiles
android.media.quality.IMediaQualityManager	8	getPictureProfilePackageNames
android.media.quality.IMediaQualityManager	9	getPictureProfileAllowList
android.media.quality.IMediaQualityManager	10	setPictureProfileAllowList
android.media.quality.IMediaQualityManager	11	getPictureProfileHandle
android.media.quality.IMediaQualityManager	12	createSoundProfile
android.media.quality.IMediaQualityManager	13	updateSoundProfile
android.media.quality.IMediaQualityManager	14	removeSoundProfile
android.media.quality.IMediaQualityManager	15	setDefaultSoundProfile
android.media.quality.IMediaQualityManager	16	getSoundProfile
android.media.quality.IMediaQualityManager	17	getSoundProfilesByPackage
android.media.quality.IMediaQualityManager	18	getAvailableSoundProfiles
android.media.quality.IMediaQualityManager	19	getSoundProfilePackageNames
android.media.quality.IMediaQualityManager	20	getSoundProfileAllowList
android.media.quality.IMediaQualityManager	21	setSoundProfileAllowList
android.media.quality.IMediaQualityManager	22	getSoundProfileHandle
android.media.quality.IMediaQualityManager	23	registerPictureProfileCallback
android.media.quality.IMediaQualityManager	24	registerSoundProfileCallback
android.media.quality.IMediaQualityManager	25	registerAmbientBacklightCallback
android.media.quality.IMediaQualityManager	26	getParamCapabilities
android.media.quality.IMediaQualityManager	27	isSupported
android.media.quality.IMediaQualityManager	28	setAutoPictureQualityEnabled
android.media.quality.IMediaQualityManager	29	isAutoPictureQualityEnabled
android.media.quality.IMediaQualityManager	30	setSuperResolutionEnabled
android.media.quality.IMediaQualityManager	31	isSuperResolutionEnabled
android.media.quality.IMediaQualityManager	32	setAutoSoundQualityEnabled
android.media.quality.IMediaQualityManager	33	isAutoSoundQualityEnabled
android.media.quality.IMediaQualityManager	34	setAmbientBacklightSettings
android.media.quality.IMediaQualityManager	35	setAmbientBacklightEnabled
android.media.quality.IMediaQualityManager	36	isAmbientBacklightEnabled
android.media.quality.IPictureProfileCallback	1	onPictureProfileAdded
android.media.quality.IPictureProfileCallback	2	onPictureProfileUpdated
android.media.quality.IPictureProfileCallback	3	onPictureProfileRemoved
android.media.quality.IPictureProfileCallback	4	onParamCapabilitiesChanged
android.media.quality.IPictureProfileCallback	5	onError
android.media.quality.ISoundProfileCallback	1	onSoundProfileAdded
android.media.quality.ISoundProfileCallback	2	onSoundProfileUpdated
android.media.quality.ISoundProfileCallback	3	onSoundProfileRemoved
android.media.quality.ISoundProfileCallback	4	onParamCapabilitiesChanged
android.media.quality.ISoundProfileCallback	5	onError
android.media.session.IActiveSessionsListener	1	onActiveSessionsChanged
android.media.session.IOnMediaKeyEventDispatchedListener	1	onMediaKeyEventDispatched
android.media.session.IOnMediaKeyEventSessionChangedListener	1	onMediaKeyEventSessionChanged
android.media.session.IOnMediaKeyListener	1	onMediaKey
android.media.session.IOnVolumeKeyLongPressListener	1	onVolumeKeyLongPress
android.media.session.ISession	1	sendEvent
android.media.session.ISession	2	getController
android.media.session.ISession	3	setFlags
android.media.session.ISession	4	setActive
android.media.session.ISession	5	setMediaButtonReceiver
android.media.session.ISession	6	setMediaButtonBroadcastReceiver
android.media.session.ISession	7	setLaunchPendingIntent
android.media.session.ISession	8	destroySession
android.media.session.ISession	9	setMetadata
android.media.session.ISession	10	setPlaybackState
android.media.session.ISession	11	resetQueue
android.media.session.ISession	12	getBinderForSetQueue
android.media.session.ISession	13	setQueueTitle
android.media.session.ISession	14	setExtras
android.media.session.ISession	15	setRatingType
android.media.session.ISession	16	setPlaybackToLocal
android.media.session.ISession	17	setPlaybackToRemote
android.media.session.ISession	18	setCurrentVolume
android.media.session.ISession2TokensListener	1	onSession2TokensChanged
android.media.session.ISessionCallback	1	onCommand
android.media.session.ISessionCallback	2	onMediaButton
android.media.session.ISessionCallback	3	onMediaButtonFromController
android.media.session.ISessionCallback	4	onPrepare
android.media.session.ISessionCallback	5	onPrepareFromMediaId
android.media.session.ISessionCallback	6	onPrepareFromSearch
android.media.session.ISessionCallback	7	onPrepareFromUri
android.media.session.ISessionCallback	8	onPlay
android.media.session.ISessionCallback	9	onPlayFromMediaId
android.media.session.ISessionCallback	10	onPlayFromSearch
android.media.session.ISessionCallback	11	onPlayFromUri
android.media.session.ISessionCallback	12	onSkipToTrack
android.media.session.ISessionCallback	13	onPause
android.media.session.ISessionCallback	14	onStop
android.media.session.ISessionCallback	15	onNext
android.media.session.ISessionCallback	16	onPrevious
android.media.session.ISessionCallback	17	onFastForward
android.media.session.ISessionCallback	18	onRewind
android.media.session.ISessionCallback	19	onSeekTo
android.media.session.ISessionCallback	20	onRate
android.media.session.ISessionCallback	21	onSetPlaybackSpeed
android.media.session.ISessionCallback	22	onCustomAction
android.media.session.ISessionCallback	23	onAdjustVolume
android.media.session.ISessionCallback	24	onSetVolumeTo
android.media.session.ISessionController	1	sendCommand
android.media.session.ISessionController	2	sendMediaButton
android.media.session.ISessionController	3	registerCallback
android.media.session.ISessionController	4	unregisterCallback
android.media.session.ISessionController	5	getPackageName
android.media.session.ISessionController	6	getTag
android.media.session.ISessionController	7	getSessionInfo
android.media.session.ISessionController	8	getLaunchPendingIntent
android.media.session.ISessionController	9	getFlags
android.media.session.ISessionController	10	getVolumeAttributes
android.media.session.ISessionController	11	adjustVolume
android.media.session.ISessionController	12	setVolumeTo
android.media.session.ISessionController	13	prepare
android.media.session.ISessionController	14	prepareFromMediaId
android.media.session.ISessionController	15	prepareFromSearch
android.media.session.ISessionController	16	prepareFromUri
android.media.session.ISessionController	17	play
android.media.session.ISessionController	18	playFromMediaId
android.media.session.ISessionController	19	playFromSearch
android.media.session.ISessionController	20	playFromUri
android.media.session.ISessionController	21	skipToQueueItem
android.media.session.ISessionController	22	pause
android.media.session.ISessionController	23	stop
android.media.session.ISessionController	24	next
android.media.session.ISessionController	25	previous
android.media.session.ISessionController	26	fastForward
android.media.session.ISessionController	27	rewind
android.media.session.ISessionController	28	seekTo
android.media.session.ISessionController	29	rate
android.media.session.ISessionController	30	setPlaybackSpeed
android.media.session.ISessionController	31	sendCustomAction
android.media.session.ISessionController	32	getMetadata
android.media.session.ISessionController	33	getPlaybackState
android.media.session.ISessionController	34	getQueue
android.media.session.ISessionController	35	getQueueTitle
android.media.session.ISessionController	36	getExtras
android.media.session.ISessionController	37	getRatingType
android.media.session.ISessionControllerCallback	1	onEvent
android.media.session.ISessionControllerCallback	2	onSessionDestroyed
android.media.session.ISessionControllerCallback	3	onPlaybackStateChanged
android.media.session.ISessionControllerCallback	4	onMetadataChanged
android.media.session.ISessionControllerCallback	5	onQueueChanged
android.media.session.ISessionControllerCallback	6	onQueueTitleChanged
android.media.session.ISessionControllerCallback	7	onExtrasChanged
android.media.session.ISessionControllerCallback	8	onVolumeInfoChanged
android.media.session.ISessionManager	1	createSession
android.media.session.ISessionManager	2	getSessions
android.media.session.ISessionManager	3	getMediaKeyEventSession
android.media.session.ISessionManager	4	getMediaKeyEventSessionPackageName
android.media.session.ISessionManager	5	dispatchMediaKeyEvent
android.media.session.ISessionManager	6	dispatchMediaKeyEventToSessionAsSystemService
android.media.session.ISessionManager	7	dispatchVolumeKeyEvent
android.media.session.ISessionManager	8	dispatchVolumeKeyEventToSessionAsSystemService
android.media.session.ISessionManager	9	dispatchAdjustVolume
android.media.session.ISessionManager	10	addSessionsListener
android.media.session.ISessionManager	11	removeSessionsListener
android.media.session.ISessionManager	12	addSession2TokensListener
android.media.session.ISessionManager	13	removeSession2TokensListener
android.media.session.ISessionManager	14	registerRemoteSessionCallback
android.media.session.ISessionManager	15	unregisterRemoteSessionCallback
android.media.session.ISessionManager	16	isGlobalPriorityActive
android.media.session.ISessionManager	17	addOnMediaKeyEventDispatchedListener
android.media.session.ISessionManager	18	removeOnMediaKeyEventDispatchedListener
android.media.session.ISessionManager	19	addOnMediaKeyEventSessionChangedListener
android.media.session.ISessionManager	20	removeOnMediaKeyEventSessionChangedListener
android.media.session.ISessionManager	21	setOnVolumeKeyLongPressListener
android.media.session.ISessionManager	22	setOnMediaKeyListener
android.media.session.ISessionManager	23	isTrusted
android.media.session.ISessionManager	24	setCustomMediaKeyDispatcher
android.media.session.ISessionManager	25	setCustomMediaSessionPolicyProvider
android.media.session.ISessionManager	26	hasCustomMediaKeyDispatcher
android.media.session.ISessionManager	27	hasCustomMediaSessionPolicyProvider
android.media.session.ISessionManager	28	getSessionPolicies
android.media.session.ISessionManager	29	setSessionPolicies
android.media.session.ISessionManager	30	expireTempEngagedSessions
android.media.soundtrigger.ISoundTriggerDetectionService	1	setClient
android.media.soundtrigger.ISoundTriggerDetectionService	2	removeClient
android.media.soundtrigger.ISoundTriggerDetectionService	3	onGenericRecognitionEvent
android.media.soundtrigger.ISoundTriggerDetectionService	4	onError
android.media.soundtrigger.ISoundTriggerDetectionService	5	onStopOperation
android.media.soundtrigger.ISoundTriggerDetectionServiceClient	1	onOpFinished
android.media.soundtrigger_middleware.IAcknowledgeEvent	1	eventReceived
android.media.soundtrigger_middleware.IInjectGlobalEvent	1	triggerRestart
android.media.soundtrigger_middleware.IInjectGlobalEvent	2	setResourceContention
android.media.soundtrigger_middleware.IInjectGlobalEvent	3	triggerOnResourcesAvailable
android.media.soundtrigger_middleware.IInjectModelEvent	1	triggerUnloadModel
android.media.soundtrigger_middleware.IInjectRecognitionEvent	1	triggerRecognitionEvent
android.media.soundtrigger_middleware.IInjectRecognitionEvent	2	triggerAbortRecognition
android.media.soundtrigger_middleware.ISoundTriggerCallback	1	onRecognition
android.media.soundtrigger_middleware.ISoundTriggerCallback	2	onPhraseRecognition
android.media.soundtrigger_middleware.ISoundTriggerCallback	3	onResourcesAvailable
android.media.soundtrigger_middleware.ISoundTriggerCallback	4	onModelUnloaded
android.media.soundtrigger_middleware.ISoundTriggerCallback	5	onModuleDied
android.media.soundtrigger_middleware.ISoundTriggerInjection	1	registerGlobalEventInjection
android.media.soundtrigger_middleware.ISoundTriggerInjection	2	onRestarted
android.media.soundtrigger_middleware.ISoundTriggerInjection	3	onFrameworkDetached
android.media.soundtrigger_middleware.ISoundTriggerInjection	4	onClientAttached
android.media.soundtrigger_middleware.ISoundTriggerInjection	5	onClientDetached
android.media.soundtrigger_middleware.ISoundTriggerInjection	6	onSoundModelLoaded
android.media.soundtrigger_middleware.ISoundTriggerInjection	7	onParamSet
android.media.soundtrigger_middleware.ISoundTriggerInjection	8	onRecognitionStarted
android.media.soundtrigger_middleware.ISoundTriggerInjection	9	onRecognitionStopped
android.media.soundtrigger_middleware.ISoundTriggerInjection	10	onSoundModelUnloaded
android.media.soundtrigger_middleware.ISoundTriggerInjection	11	onPreempted
android.media.soundtrigger_middleware.ISoundTriggerMiddlewareService	1	listModulesAsOriginator
android.media.soundtrigger_middleware.ISoundTriggerMiddlewareService	2	listModulesAsMiddleman
android.media.soundtrigger_middleware.ISoundTriggerMiddlewareService	3	attachAsOriginator
android.media.soundtrigger_middleware.ISoundTriggerMiddlewareService	4	attachAsMiddleman
android.media.soundtrigger_middleware.ISoundTriggerMiddlewareService	5	attachFakeHalInjection
android.media.soundtrigger_middleware.ISoundTriggerModule	1	loadModel
android.media.soundtrigger_middleware.ISoundTriggerModule	2	loadPhraseModel
android.media.soundtrigger_middleware.ISoundTriggerModule	3	unloadModel
android.media.soundtrigger_middleware.ISoundTriggerModule	4	startRecognition
android.media.soundtrigger_middleware.ISoundTriggerModule	5	stopRecognition
android.media.soundtrigger_middleware.ISoundTriggerModule	6	forceRecognitionEvent
android.media.soundtrigger_middleware.ISoundTriggerModule	7	setModelParameter
android.media.soundtrigger_middleware.ISoundTriggerModule	8	getModelParameter
android.media.soundtrigger_middleware.ISoundTriggerModule	9	queryModelParameterSupport
android.media.soundtrigger_middleware.ISoundTriggerModule	10	detach
android.media.tv.ITvInputClient	1	onSessionCreated
android.media.tv.ITvInputClient	2	onSessionReleased
android.media.tv.ITvInputClient	3	onSessionEvent
android.media.tv.ITvInputClient	4	onChannelRetuned
android.media.tv.ITvInputClient	5	onAudioPresentationsChanged
android.media.tv.ITvInputClient	6	onAudioPresentationSelected
android.media.tv.ITvInputClient	7	onTracksChanged
android.media.tv.ITvInputClient	8	onTrackSelected
android.media.tv.ITvInputClient	9	onVideoAvailable
android.media.tv.ITvInputClient	10	onVideoUnavailable
android.media.tv.ITvInputClient	11	onVideoFreezeUpdated
android.media.tv.ITvInputClient	12	onContentAllowed
android.media.tv.ITvInputClient	13	onContentBlocked
android.media.tv.ITvInputClient	14	onLayoutSurface
android.media.tv.ITvInputClient	15	onTimeShiftStatusChanged
android.media.tv.ITvInputClient	16	onTimeShiftStartPositionChanged
android.media.tv.ITvInputClient	17	onTimeShiftCurrentPositionChanged
android.media.tv.ITvInputClient	18	onAitInfoUpdated
android.media.tv.ITvInputClient	19	onSignalStrength
android.media.tv.ITvInputClient	20	onCueingMessageAvailability
android.media.tv.ITvInputClient	21	onTimeShiftMode
android.media.tv.ITvInputClient	22	onAvailableSpeeds
android.media.tv.ITvInputClient	23	onTvMessage
android.media.tv.ITvInputClient	24	onTuned
android.media.tv.ITvInputClient	25	onRecordingStopped
android.media.tv.ITvInputClient	26	onError
android.media.tv.ITvInputClient	27	onBroadcastInfoResponse
android.media.tv.ITvInputClient	28	onAdResponse
android.media.tv.ITvInputClient	29	onAdBufferConsumed
android.media.tv.ITvInputClient	30	onTvInputSessionData
android.media.tv.ITvInputHardware	1	setSurface
android.media.tv.ITvInputHardware	2	setStreamVolume
android.media.tv.ITvInputHardware	3	overrideAudioSink
android.media.tv.ITvInputHardwareCallback	1	onReleased
android.media.tv.ITvInputHardwareCallback	2	onStreamConfigChanged
android.media.tv.ITvInputManager	1	getTvInputList
android.media.tv.ITvInputManager	2	getTvInputInfo
android.media.tv.ITvInputManager	3	updateTvInputInfo
android.media.tv.ITvInputManager	4	getTvInputState
android.media.tv.ITvInputManager	5	getAvailableExtensionInterfaceNames
android.media.tv.ITvInputManager	6	getExtensionInterface
android.media.tv.ITvInputManager	7	getTvContentRatingSystemList
android.media.tv.ITvInputManager	8	registerCallback
android.media.tv.ITvInputManager	9	unregisterCallback
android.media.tv.ITvInputManager	10	isParentalControlsEnabled
android.media.tv.ITvInputManager	11	setParentalControlsEnabled
android.media.tv.ITvInputManager	12	isRatingBlocked
android.media.tv.ITvInputManager	13	getBlockedRatings
android.media.tv.ITvInputManager	14	addBlockedRating
android.media.tv.ITvInputManager	15	removeBlockedRating
android.media.tv.ITvInputManager	16	createSession
android.media.tv.ITvInputManager	17	releaseSession
android.media.tv.ITvInputManager	18	getClientPid
android.media.tv.ITvInputManager	19	getClientPriority
android.media.tv.ITvInputManager	20	getClientUserId
android.media.tv.ITvInputManager	21	setMainSession
android.media.tv.ITvInputManager	22	setSurface
android.media.tv.ITvInputManager	23	dispatchSurfaceChanged
android.media.tv.ITvInputManager	24	setVolume
android.media.tv.ITvInputManager	25	tune
android.media.tv.ITvInputManager	26	setCaptionEnabled
android.media.tv.ITvInputManager	27	selectTrack
android.media.tv.ITvInputManager	28	selectAudioPresentation
android.media.tv.ITvInputManager	29	setInteractiveAppNotificationEnabled
android.media.tv.ITvInputManager	30	sendAppPrivateCommand
android.media.tv.ITvInputManager	31	createOverlayView
android.media.tv.ITvInputManager	32	relayoutOverlayView
android.media.tv.ITvInputManager	33	removeOverlayView
android.media.tv.ITvInputManager	34	unblockContent
android.media.tv.ITvInputManager	35	timeShiftPlay
android.media.tv.ITvInputManager	36	timeShiftPause
android.media.tv.ITvInputManager	37	timeShiftResume
android.media.tv.ITvInputManager	38	timeShiftSeekTo
android.media.tv.ITvInputManager	39	timeShiftSetPlaybackParams
android.media.tv.ITvInputManager	40	timeShiftSetMode
android.media.tv.ITvInputManager	41	timeShiftEnablePositionTracking
android.media.tv.ITvInputManager	42	getCurrentTunedInfos
android.media.tv.ITvInputManager	43	startRecording
android.media.tv.ITvInputManager	44	stopRecording
android.media.tv.ITvInputManager	45	pauseRecording
android.media.tv.ITvInputManager	46	resumeRecording
android.media.tv.ITvInputManager	47	resumePlayback
android.media.tv.ITvInputManager	48	stopPlayback
android.media.tv.ITvInputManager	49	requestBroadcastInfo
android.media.tv.ITvInputManager	50	removeBroadcastInfo
android.media.tv.ITvInputManager	51	requestAd
android.media.tv.ITvInputManager	52	notifyAdBufferReady
android.media.tv.ITvInputManager	53	notifyTvMessage
android.media.tv.ITvInputManager	54	setTvMessageEnabled
android.media.tv.ITvInputManager	55	getHardwareList
android.media.tv.ITvInputManager	56	acquireTvInputHardware
android.media.tv.ITvInputManager	57	releaseTvInputHardware
android.media.tv.ITvInputManager	58	getAvailableTvStreamConfigList
android.media.tv.ITvInputManager	59	captureFrame
android.media.tv.ITvInputManager	60	isSingleSessionActive
android.media.tv.ITvInputManager	61	getDvbDeviceList
android.media.tv.ITvInputManager	62	openDvbDevice
android.media.tv.ITvInputManager	63	sendTvInputNotifyIntent
android.media.tv.ITvInputManager	64	requestChannelBrowsable
android.media.tv.ITvInputManager	65	addHardwareDevice
android.media.tv.ITvInputManager	66	removeHardwareDevice
android.media.tv.ITvInputManager	67	setVideoFrozen
android.media.tv.ITvInputManager	68	notifyTvAdSessionData
android.media.tv.ITvInputManagerCallback	1	onInputAdded
android.media.tv.ITvInputManagerCallback	2	onInputRemoved
android.media.tv.ITvInputManagerCallback	3	onInputUpdated
android.media.tv.ITvInputManagerCallback	4	onInputStateChanged
android.media.tv.ITvInputManagerCallback	5	onTvInputInfoUpdated
android.media.tv.ITvInputManagerCallback	6	onCurrentTunedInfosUpdated
android.media.tv.ITvInputService	1	registerCallback
android.media.tv.ITvInputService	2	unregisterCallback
android.media.tv.ITvInputService	3	createSession
android.media.tv.ITvInputService	4	createRecordingSession
android.media.tv.ITvInputService	5	getAvailableExtensionInterfaceNames
android.media.tv.ITvInputService	6	getExtensionInterface
android.media.tv.ITvInputService	7	getExtensionInterfacePermission
android.media.tv.ITvInputService	8	notifyHardwareAdded
android.media.tv.ITvInputService	9	notifyHardwareRemoved
android.media.tv.ITvInputService	10	notifyHdmiDeviceAdded
android.media.tv.ITvInputService	11	notifyHdmiDeviceRemoved
android.media.tv.ITvInputService	12	notifyHdmiDeviceUpdated
android.media.tv.ITvInputServiceCallback	1	addHardwareInput
android.media.tv.ITvInputServiceCallback	2	addHdmiInput
android.media.tv.ITvInputServiceCallback	3	removeHardwareInput
android.media.tv.ITvInputSession	1	release
android.media.tv.ITvInputSession	2	setMain
android.media.tv.ITvInputSession	3	setSurface
android.media.tv.ITvInputSession	4	dispatchSurfaceChanged
android.media.tv.ITvInputSession	5	setVolume
android.media.tv.ITvInputSession	6	tune
android.media.tv.ITvInputSession	7	setCaptionEnabled
android.media.tv.ITvInputSession	8	selectAudioPresentation
android.media.tv.ITvInputSession	9	selectTrack
android.media.tv.ITvInputSession	10	setInteractiveAppNotificationEnabled
android.media.tv.ITvInputSession	11	appPrivateCommand
android.media.tv.ITvInputSession	12	createOverlayView
android.media.tv.ITvInputSession	13	relayoutOverlayView
android.media.tv.ITvInputSession	14	removeOverlayView
android.media.tv.ITvInputSession	15	unblockContent
android.media.tv.ITvInputSession	16	timeShiftPlay
android.media.tv.ITvInputSession	17	timeShiftPause
android.media.tv.ITvInputSession	18	timeShiftResume
android.media.tv.ITvInputSession	19	timeShiftSeekTo
android.media.tv.ITvInputSession	20	timeShiftSetPlaybackParams
android.media.tv.ITvInputSession	21	timeShiftSetMode
android.media.tv.ITvInputSession	22	timeShiftEnablePositionTracking
android.media.tv.ITvInputSession	23	resumePlayback
android.media.tv.ITvInputSession	24	stopPlayback
android.media.tv.ITvInputSession	25	startRecording
android.media.tv.ITvInputSession	26	stopRecording
android.media.tv.ITvInputSession	27	pauseRecording
android.media.tv.ITvInputSession	28	resumeRecording
android.media.tv.ITvInputSession	29	requestBroadcastInfo
android.media.tv.ITvInputSession	30	removeBroadcastInfo
android.media.tv.ITvInputSession	31	requestAd
android.media.tv.ITvInputSession	32	notifyAdBufferReady
android.media.tv.ITvInputSession	33	notifyTvMessage
android.media.tv.ITvInputSession	34	setTvMessageEnabled
android.media.tv.ITvInputSession	35	setVideoFrozen
android.media.tv.ITvInputSession	36	notifyTvAdSessionData
android.media.tv.ITvInputSessionCallback	1	onSessionCreated
android.media.tv.ITvInputSessionCallback	2	onSessionEvent
android.media.tv.ITvInputSessionCallback	3	onChannelRetuned
android.media.tv.ITvInputSessionCallback	4	onAudioPresentationsChanged
android.media.tv.ITvInputSessionCallback	5	onAudioPresentationSelected
android.media.tv.ITvInputSessionCallback	6	onTracksChanged
android.media.tv.ITvInputSessionCallback	7	onTrackSelected
android.media.tv.ITvInputSessionCallback	8	onVideoAvailable
android.media.tv.ITvInputSessionCallback	9	onVideoUnavailable
android.media.tv.ITvInputSessionCallback	10	onVideoFreezeUpdated
android.media.tv.ITvInputSessionCallback	11	onContentAllowed
android.media.tv.ITvInputSessionCallback	12	onContentBlocked
android.media.tv.ITvInputSessionCallback	13	onLayoutSurface
android.media.tv.ITvInputSessionCallback	14	onTimeShiftStatusChanged
android.media.tv.ITvInputSessionCallback	15	onTimeShiftStartPositionChanged
android.media.tv.ITvInputSessionCallback	16	onTimeShiftCurrentPositionChanged
android.media.tv.ITvInputSessionCallback	17	onAitInfoUpdated
android.media.tv.ITvInputSessionCallback	18	onSignalStrength
android.media.tv.ITvInputSessionCallback	19	onCueingMessageAvailability
android.media.tv.ITvInputSessionCallback	20	onTimeShiftMode
android.media.tv.ITvInputSessionCallback	21	onAvailableSpeeds
android.media.tv.ITvInputSessionCallback	22	onTuned
android.media.tv.ITvInputSessionCallback	23	onRecordingStopped
android.media.tv.ITvInputSessionCallback	24	onError
android.media.tv.ITvInputSessionCallback	25	onBroadcastInfoResponse
android.media.tv.ITvInputSessionCallback	26	onAdResponse
android.media.tv.ITvInputSessionCallback	27	onAdBufferConsumed
android.media.tv.ITvInputSessionCallback	28	onTvMessage
android.media.tv.ITvInputSessionCallback	29	onTvInputSessionData
android.media.tv.ITvRemoteProvider	1	setRemoteServiceInputSink
android.media.tv.ITvRemoteProvider	2	onInputBridgeConnected
android.media.tv.ITvRemoteServiceInput	1	openInputBridge
android.media.tv.ITvRemoteServiceInput	2	closeInputBridge
android.media.tv.ITvRemoteServiceInput	3	clearInputBridge
android.media.tv.ITvRemoteServiceInput	4	sendTimestamp
android.media.tv.ITvRemoteServiceInput	5	sendKeyDown
android.media.tv.ITvRemoteServiceInput	6	sendKeyUp
android.media.tv.ITvRemoteServiceInput	7	sendPointerDown
android.media.tv.ITvRemoteServiceInput	8	sendPointerUp
android.media.tv.ITvRemoteServiceInput	9	sendPointerSync
android.media.tv.ITvRemoteServiceInput	10	openGamepadBridge
android.media.tv.ITvRemoteServiceInput	11	sendGamepadKeyDown
android.media.tv.ITvRemoteServiceInput	12	sendGamepadKeyUp
android.media.tv.ITvRemoteServiceInput	13	sendGamepadAxisValue
android.media.tv.ad.ITvAdClient	1	onSessionCreated
android.media.tv.ad.ITvAdClient	2	onSessionReleased
android.media.tv.ad.ITvAdClient	3	onLayoutSurface
android.media.tv.ad.ITvAdClient	4	onRequestCurrentVideoBounds
android.media.tv.ad.ITvAdClient	5	onRequestCurrentChannelUri
android.media.tv.ad.ITvAdClient	6	onRequestTrackInfoList
android.media.tv.ad.ITvAdClient	7	onRequestCurrentTvInputId
android.media.tv.ad.ITvAdClient	8	onRequestSigning
android.media.tv.ad.ITvAdClient	9	onTvAdSessionData
android.media.tv.ad.ITvAdManager	1	getTvAdServiceList
android.media.tv.ad.ITvAdManager	2	sendAppLinkCommand
android.media.tv.ad.ITvAdManager	3	createSession
android.media.tv.ad.ITvAdManager	4	releaseSession
android.media.tv.ad.ITvAdManager	5	startAdService
android.media.tv.ad.ITvAdManager	6	stopAdService
android.media.tv.ad.ITvAdManager	7	resetAdService
android.media.tv.ad.ITvAdManager	8	setSurface
android.media.tv.ad.ITvAdManager	9	dispatchSurfaceChanged
android.media.tv.ad.ITvAdManager	10	sendCurrentVideoBounds
android.media.tv.ad.ITvAdManager	11	sendCurrentChannelUri
android.media.tv.ad.ITvAdManager	12	sendTrackInfoList
android.media.tv.ad.ITvAdManager	13	sendCurrentTvInputId
android.media.tv.ad.ITvAdManager	14	sendSigningResult
android.media.tv.ad.ITvAdManager	15	notifyError
android.media.tv.ad.ITvAdManager	16	notifyTvMessage
android.media.tv.ad.ITvAdManager	17	registerCallback
android.media.tv.ad.ITvAdManager	18	unregisterCallback
android.media.tv.ad.ITvAdManager	19	createMediaView
android.media.tv.ad.ITvAdManager	20	relayoutMediaView
android.media.tv.ad.ITvAdManager	21	removeMediaView
android.media.tv.ad.ITvAdManager	22	notifyTvInputSessionData
android.media.tv.ad.ITvAdManagerCallback	1	onAdServiceAdded
android.media.tv.ad.ITvAdManagerCallback	2	onAdServiceRemoved
android.media.tv.ad.ITvAdManagerCallback	3	onAdServiceUpdated
android.media.tv.ad.ITvAdService	1	registerCallback
android.media.tv.ad.ITvAdService	2	unregisterCallback
android.media.tv.ad.ITvAdService	3	createSession
android.media.tv.ad.ITvAdService	4	sendAppLinkCommand
android.media.tv.ad.ITvAdSession	1	release
android.media.tv.ad.ITvAdSession	2	startAdService
android.media.tv.ad.ITvAdSession	3	stopAdService
android.media.tv.ad.ITvAdSession	4	resetAdService
android.media.tv.ad.ITvAdSession	5	setSurface
android.media.tv.ad.ITvAdSession	6	dispatchSurfaceChanged
android.media.tv.ad.ITvAdSession	7	sendCurrentVideoBounds
android.media.tv.ad.ITvAdSession	8	sendCurrentChannelUri
android.media.tv.ad.ITvAdSession	9	sendTrackInfoList
android.media.tv.ad.ITvAdSession	10	sendCurrentTvInputId
android.media.tv.ad.ITvAdSession	11	sendSigningResult
android.media.tv.ad.ITvAdSession	12	notifyError
android.media.tv.ad.ITvAdSession	13	notifyTvMessage
android.media.tv.ad.ITvAdSession	14	createMediaView
android.media.tv.ad.ITvAdSession	15	relayoutMediaView
android.media.tv.ad.ITvAdSession	16	removeMediaView
android.media.tv.ad.ITvAdSession	17	notifyTvInputSessionData
android.media.tv.ad.ITvAdSessionCallback	1	onSessionCreated
android.media.tv.ad.ITvAdSessionCallback	2	onLayoutSurface
android.media.tv.ad.ITvAdSessionCallback	3	onRequestCurrentVideoBounds
android.media.tv.ad.ITvAdSessionCallback	4	onRequestCurrentChannelUri
android.media.tv.ad.ITvAdSessionCallback	5	onRequestTrackInfoList
android.media.tv.ad.ITvAdSessionCallback	6	onRequestCurrentTvInputId
android.media.tv.ad.ITvAdSessionCallback	7	onRequestSigning
android.media.tv.ad.ITvAdSessionCallback	8	onTvAdSessionData
android.media.tv.extension.analog.IAnalogAttributeInterface	1	getVersion
android.media.tv.extension.analog.IAnalogAttributeInterface	2	setColorSystemCapability
android.media.tv.extension.analog.IAnalogAttributeInterface	3	getColorSystemCapability
android.media.tv.extension.cam.ICamAppInfoListener	1	onCamAppInfoChanged
android.media.tv.extension.cam.ICamAppInfoService	1	addCamAppInfoListener
android.media.tv.extension.cam.ICamAppInfoService	2	removeCamAppInfoListener
android.media.tv.extension.cam.ICamAppInfoService	3	getCamAppInfo
android.media.tv.extension.cam.ICamDrmInfoListener	1	onCamDrmInfoChanged
android.media.tv.extension.cam.ICamHostControlAskReleaseReplyCallback	1	onAskReleaseReply
android.media.tv.extension.cam.ICamHostControlInfoListener	1	onCamHostControlInfoChanged
android.media.tv.extension.cam.ICamHostControlService	1	addCamHostcontrolInfoListener
android.media.tv.extension.cam.ICamHostControlService	2	removeCamHostcontrolInfoListener
android.media.tv.extension.cam.ICamHostControlService	3	sendCamHostControlAskRelease
android.media.tv.extension.cam.ICamHostControlService	4	setHostControlMode
android.media.tv.extension.cam.ICamHostControlTuneQuietlyFlag	1	addHcTuneQuietlyFlagListener
android.media.tv.extension.cam.ICamHostControlTuneQuietlyFlag	2	removeHcTuneQuietlyFlagListener
android.media.tv.extension.cam.ICamHostControlTuneQuietlyFlag	3	getHcTuneQuietlyFlag
android.media.tv.extension.cam.ICamHostControlTuneQuietlyFlagListener	1	onHcTuneQuietlyFlagChanged
android.media.tv.extension.cam.ICamInfoListener	1	onCamInfoChanged
android.media.tv.extension.cam.ICamInfoListener	2	onSlotInfoChanged
android.media.tv.extension.cam.ICamInfoListener	3	onNewTypeCamInsert
android.media.tv.extension.cam.ICamMonitoringService	1	addCamInfoListener
android.media.tv.extension.cam.ICamMonitoringService	2	removeCamInfoListener
android.media.tv.extension.cam.ICamMonitoringService	3	getCamInfo
android.media.tv.extension.cam.ICamMonitoringService	4	getSlotInfo
android.media.tv.extension.cam.ICamMonitoringService	5	getSlotIds
android.media.tv.extension.cam.ICamMonitoringService	6	isCamSupported
android.media.tv.extension.cam.ICamPinCapabilityListener	1	onCamPinCapabilityChanged
android.media.tv.extension.cam.ICamPinService	1	addCamPinCapabilityListener
android.media.tv.extension.cam.ICamPinService	2	removeCamPinCapabilityListener
android.media.tv.extension.cam.ICamPinService	3	requestCamPinValidation
android.media.tv.extension.cam.ICamPinService	4	getCamPinCapability
android.media.tv.extension.cam.ICamPinStatusListener	1	onCamPinValidationReply
android.media.tv.extension.cam.ICamProfileInterface	1	getCamServiceUpdateInfo
android.media.tv.extension.cam.ICamProfileInterface	2	requestResendProfileInfoBroadcastACON
android.media.tv.extension.cam.IContentControlService	1	addCamDrmInfoListener
android.media.tv.extension.cam.IContentControlService	2	removeCamDrmInfoListener
android.media.tv.extension.cam.IContentControlService	3	getCamDrmInfo
android.media.tv.extension.cam.IEnterMenuErrorCallback	1	onAppInfoEnterMenuError
android.media.tv.extension.cam.IMmiInterface	1	openSession
android.media.tv.extension.cam.IMmiInterface	2	appInfoEnterMenu
android.media.tv.extension.cam.IMmiSession	1	setMenuListAnswer
android.media.tv.extension.cam.IMmiSession	2	setEnquiryAnswer
android.media.tv.extension.cam.IMmiSession	3	closeMmi
android.media.tv.extension.cam.IMmiSession	4	close
android.media.tv.extension.cam.IMmiStatusCallback	1	onMmiEnq
android.media.tv.extension.cam.IMmiStatusCallback	2	onMmiListMenu
android.media.tv.extension.cam.IMmiStatusCallback	3	onMmiClose
android.media.tv.extension.clienttoken.IClientToken	1	generateClientToken
android.media.tv.extension.event.IEventDownload	1	createSession
android.media.tv.extension.event.IEventDownloadListener	1	onCompleted
android.media.tv.extension.event.IEventDownloadSession	1	isBarkerOrSequentialDownloadByServiceType
android.media.tv.extension.event.IEventDownloadSession	2	isBarkerOrSequentialDownloadByServiceRecord
android.media.tv.extension.event.IEventDownloadSession	3	startTuningMultiplex
android.media.tv.extension.event.IEventDownloadSession	4	setActiveWindowChannelInfo
android.media.tv.extension.event.IEventDownloadSession	5	cancel
android.media.tv.extension.event.IEventDownloadSession	6	release
android.media.tv.extension.event.IEventMonitor	1	getPresentEventInfo
android.media.tv.extension.event.IEventMonitor	2	addPresentEventInfoListener
android.media.tv.extension.event.IEventMonitor	3	removePresentEventInfoListener
android.media.tv.extension.event.IEventMonitor	4	getFollowingEventInfo
android.media.tv.extension.event.IEventMonitor	5	addFollowingEventInfoListener
android.media.tv.extension.event.IEventMonitor	6	removeFollowingEventInfoListener
android.media.tv.extension.event.IEventMonitor	7	getSdtGuidanceInfo
android.media.tv.extension.event.IEventMonitor	8	setBgmTuneChannelInfo
android.media.tv.extension.event.IEventMonitorListener	1	onInfoChanged
android.media.tv.extension.oad.IOadUpdateInterface	1	setOadStatus
android.media.tv.extension.oad.IOadUpdateInterface	2	getOadStatus
android.media.tv.extension.oad.IOadUpdateInterface	3	startScan
android.media.tv.extension.oad.IOadUpdateInterface	4	stopScan
android.media.tv.extension.oad.IOadUpdateInterface	5	startDetect
android.media.tv.extension.oad.IOadUpdateInterface	6	stopDetect
android.media.tv.extension.oad.IOadUpdateInterface	7	startDownload
android.media.tv.extension.oad.IOadUpdateInterface	8	stopDownload
android.media.tv.extension.oad.IOadUpdateInterface	9	getSoftwareVersion
android.media.tv.extension.pvr.IDeleteRecordedContentsCallback	1	onRecordedContentsDeleted
android.media.tv.extension.pvr.IGetInfoRecordedContentsCallback	1	onRecordedContentsGetInfo
android.media.tv.extension.pvr.IRecordedContents	1	deleteRecordedContents
android.media.tv.extension.pvr.IRecordedContents	2	getRecordedContentsLockInfoSync
android.media.tv.extension.pvr.IRecordedContents	3	getRecordedContentsLockInfoAsync
android.media.tv.extension.rating.IDownloadableRatingTableMonitor	1	getTable
android.media.tv.extension.rating.IPmtRatingInterface	1	getPmtRating
android.media.tv.extension.rating.IPmtRatingInterface	2	addPmtRatingListener
android.media.tv.extension.rating.IPmtRatingInterface	3	removePmtRatingListener
android.media.tv.extension.rating.IPmtRatingListener	1	onPmtRatingChanged
android.media.tv.extension.rating.IProgramRatingInfo	1	addProgramRatingInfoListener
android.media.tv.extension.rating.IProgramRatingInfo	2	removeProgramRatingInfoListener
android.media.tv.extension.rating.IProgramRatingInfo	3	getProgramRatingInfo
android.media.tv.extension.rating.IProgramRatingInfoListener	1	onProgramInfoChanged
android.media.tv.extension.rating.IRatingInterface	1	getRRTRatingInfo
android.media.tv.extension.rating.IRatingInterface	2	setRRTRatingInfo
android.media.tv.extension.rating.IRatingInterface	3	setResetRrt5
android.media.tv.extension.rating.IVbiRatingInterface	1	getVbiRating
android.media.tv.extension.rating.IVbiRatingInterface	2	addVbiRatingListener
android.media.tv.extension.rating.IVbiRatingInterface	3	removeVbiRatingListener
android.media.tv.extension.rating.IVbiRatingListener	1	onVbiRatingChanged
android.media.tv.extension.scan.IFavoriteNetwork	1	getFavoriteNetworks
android.media.tv.extension.scan.IFavoriteNetwork	2	setFavoriteNetwork
android.media.tv.extension.scan.IFavoriteNetwork	3	setListener
android.media.tv.extension.scan.IFavoriteNetworkListener	1	onDetectFavoriteNetwork
android.media.tv.extension.scan.IHDPlusInfo	1	setHDPlusInfo
android.media.tv.extension.scan.ILcnConflict	1	getLcnConflictGroups
android.media.tv.extension.scan.ILcnConflict	2	resolveLcnConflict
android.media.tv.extension.scan.ILcnConflict	3	setListener
android.media.tv.extension.scan.ILcnConflictListener	1	onDetectLcnConflict
android.media.tv.extension.scan.ILcnV2ChannelList	1	getLcnV2ChannelLists
android.media.tv.extension.scan.ILcnV2ChannelList	2	setLcnV2ChannelList
android.media.tv.extension.scan.ILcnV2ChannelList	3	setListener
android.media.tv.extension.scan.ILcnV2ChannelListListener	1	onDetectLcnV2ChannelList
android.media.tv.extension.scan.IOperatorDetection	1	setOperatorDetection
android.media.tv.extension.scan.IOperatorDetection	2	setListener
android.media.tv.extension.scan.IOperatorDetectionListener	1	onDetectOperatorDetectionList
android.media.tv.extension.scan.IRegionChannelList	1	setRegionChannelList
android.media.tv.extension.scan.IRegionChannelList	2	setListener
android.media.tv.extension.scan.IRegionChannelListListener	1	onDetectRegionChannelList
android.media.tv.extension.scan.IScanInterface	1	createSession
android.media.tv.extension.scan.IScanInterface	2	getParameters
android.media.tv.extension.scan.IScanListener	1	onEvent
android.media.tv.extension.scan.IScanListener	2	onScanProgress
android.media.tv.extension.scan.IScanListener	3	onScanCompleted
android.media.tv.extension.scan.IScanListener	4	onStoreCompleted
android.media.tv.extension.scan.IScanSatSearch	1	setCustomizedLnb
android.media.tv.extension.scan.IScanSession	1	startScan
android.media.tv.extension.scan.IScanSession	2	resetScan
android.media.tv.extension.scan.IScanSession	3	cancelScan
android.media.tv.extension.scan.IScanSession	4	getAvailableExtensionInterfaceNames
android.media.tv.extension.scan.IScanSession	5	getExtensionInterface
android.media.tv.extension.scan.IScanSession	6	clearServiceList
android.media.tv.extension.scan.IScanSession	7	storeServiceList
android.media.tv.extension.scan.IScanSession	8	getServiceInfo
android.media.tv.extension.scan.IScanSession	9	getServiceInfoIdList
android.media.tv.extension.scan.IScanSession	10	getServiceInfoList
android.media.tv.extension.scan.IScanSession	11	updateServiceInfo
android.media.tv.extension.scan.IScanSession	12	updateServiceInfoByList
android.media.tv.extension.scan.IScanSession	13	getServiceLists
android.media.tv.extension.scan.IScanSession	14	setServiceList
android.media.tv.extension.scan.IScanSession	15	getPackageData
android.media.tv.extension.scan.IScanSession	16	setPackage
android.media.tv.extension.scan.IScanSession	17	getCountryRegionData
android.media.tv.extension.scan.IScanSession	18	setCountryRegion
android.media.tv.extension.scan.IScanSession	19	getRegionData
android.media.tv.extension.scan.IScanSession	20	setRegion
android.media.tv.extension.scan.IScanSession	21	getSessionToken
android.media.tv.extension.scan.IScanSession	22	release
android.media.tv.extension.scan.ITargetRegion	1	getTargetRegions
android.media.tv.extension.scan.ITargetRegion	2	setTargetRegion
android.media.tv.extension.scan.ITargetRegion	3	setListener
android.media.tv.extension.scan.ITargetRegionListener	1	onDetectTargetRegion
android.media.tv.extension.scan.ITkgsInfo	1	setPrefServiceList
android.media.tv.extension.scan.ITkgsInfo	2	setTkgsInfoListener
android.media.tv.extension.scan.ITkgsInfoListener	1	onServiceList
android.media.tv.extension.scan.ITkgsInfoListener	2	onTableVersionUpdate
android.media.tv.extension.scan.ITkgsInfoListener	3	onUserMessage
android.media.tv.extension.scanbsu.IScanBackgroundServiceUpdate	1	addBackgroundServiceUpdateListener
android.media.tv.extension.scanbsu.IScanBackgroundServiceUpdate	2	removeBackgroundServiceUpdateListener
android.media.tv.extension.scanbsu.IScanBackgroundServiceUpdateListener	1	onChannelListUpdate
android.media.tv.extension.scanbsu.IScanBackgroundServiceUpdateListener	2	onNetworkListUpdate
android.media.tv.extension.scanbsu.IScanBackgroundServiceUpdateListener	3	onTransportStreamingListUpdate
android.media.tv.extension.screenmode.IScreenModeSettings	1	setScreenModeSettings
android.media.tv.extension.screenmode.IScreenModeSettings	2	getOverScanIndex
android.media.tv.extension.screenmode.IScreenModeSettings	3	getSupportApplyOverScan
android.media.tv.extension.servicedb.IChannelListTransfer	1	importChannelList
android.media.tv.extension.servicedb.IChannelListTransfer	2	exportChannelList
android.media.tv.extension.servicedb.IServiceList	1	getServiceListIds
android.media.tv.extension.servicedb.IServiceList	2	getServiceListInfo
android.media.tv.extension.servicedb.IServiceListEdit	1	open
android.media.tv.extension.servicedb.IServiceListEdit	2	close
android.media.tv.extension.servicedb.IServiceListEdit	3	commit
android.media.tv.extension.servicedb.IServiceListEdit	4	userEditCommit
android.media.tv.extension.servicedb.IServiceListEdit	5	getServiceInfoFromDatabase
android.media.tv.extension.servicedb.IServiceListEdit	6	getServiceInfoListFromDatabase
android.media.tv.extension.servicedb.IServiceListEdit	7	getServiceInfoIdsFromDatabase
android.media.tv.extension.servicedb.IServiceListEdit	8	updateServiceInfoFromDatabase
android.media.tv.extension.servicedb.IServiceListEdit	9	updateServiceInfoByListFromDatabase
android.media.tv.extension.servicedb.IServiceListEdit	10	removeServiceInfoFromDatabase
android.media.tv.extension.servicedb.IServiceListEdit	11	removeServiceInfoByListFromDatabase
android.media.tv.extension.servicedb.IServiceListEdit	12	getServiceListChannelIds
android.media.tv.extension.servicedb.IServiceListEdit	13	getServiceListInfoByChannelId
android.media.tv.extension.servicedb.IServiceListEdit	14	getTransportStreamInfoList
android.media.tv.extension.servicedb.IServiceListEdit	15	getTransportStreamInfoListForce
android.media.tv.extension.servicedb.IServiceListEdit	16	getNetworkInfoList
android.media.tv.extension.servicedb.IServiceListEdit	17	getSatelliteInfoList
android.media.tv.extension.servicedb.IServiceListEdit	18	toRecordInfoByType
android.media.tv.extension.servicedb.IServiceListEdit	19	putRecordIdList
android.media.tv.extension.servicedb.IServiceListEdit	20	addPredefinedServiceListInfo
android.media.tv.extension.servicedb.IServiceListEdit	21	addPredefinedChannelList
android.media.tv.extension.servicedb.IServiceListEdit	22	addPredefinedSatInfo
android.media.tv.extension.servicedb.IServiceListEditListener	1	onCompleted
android.media.tv.extension.servicedb.IServiceListExportListener	1	onExported
android.media.tv.extension.servicedb.IServiceListExportSession	1	exportServiceList
android.media.tv.extension.servicedb.IServiceListExportSession	2	release
android.media.tv.extension.servicedb.IServiceListImportListener	1	onImported
android.media.tv.extension.servicedb.IServiceListImportListener	2	onPreloaded
android.media.tv.extension.servicedb.IServiceListImportSession	1	importServiceList
android.media.tv.extension.servicedb.IServiceListImportSession	2	preload
android.media.tv.extension.servicedb.IServiceListImportSession	3	release
android.media.tv.extension.servicedb.IServiceListSetChannelListListener	1	onCompleted
android.media.tv.extension.servicedb.IServiceListSetChannelListSession	1	setChannelList
android.media.tv.extension.servicedb.IServiceListSetChannelListSession	2	release
android.media.tv.extension.servicedb.IServiceListTransferInterface	1	createExportSession
android.media.tv.extension.servicedb.IServiceListTransferInterface	2	createImportSession
android.media.tv.extension.servicedb.IServiceListTransferInterface	3	createSetChannelListSession
android.media.tv.extension.signal.IAnalogAudioInfo	1	getAnalogAudioInfo
android.media.tv.extension.signal.IAudioSignalInfo	1	getAudioSignalInfo
android.media.tv.extension.signal.IAudioSignalInfo	2	notifyMtsSelectTrackFlag
android.media.tv.extension.signal.IAudioSignalInfo	3	getMtsSelectedTrackId
android.media.tv.extension.signal.IAudioSignalInfo	4	addAudioSignalInfoListener
android.media.tv.extension.signal.IAudioSignalInfo	5	removeAudioSignalInfoListener
android.media.tv.extension.signal.IAudioSignalInfoListener	1	onAudioSignalInfoChanged
android.media.tv.extension.signal.IHdmiSignalInfoListener	1	onSignalInfoChanged
android.media.tv.extension.signal.IHdmiSignalInfoListener	2	onLowLatencyModeChanged
android.media.tv.extension.signal.IHdmiSignalInterface	1	addHdmiSignalInfoListener
android.media.tv.extension.signal.IHdmiSignalInterface	2	removeHdmiSignalInfoListener
android.media.tv.extension.signal.IHdmiSignalInterface	3	getHdmiSignalInfo
android.media.tv.extension.signal.IHdmiSignalInterface	4	setLowLatency
android.media.tv.extension.signal.IHdmiSignalInterface	5	setForceVrr
android.media.tv.extension.signal.ITunerFrontendSignalInfoInterface	1	getFrontendSignalInfo
android.media.tv.extension.signal.ITunerFrontendSignalInfoInterface	2	setFrontendSignalInfoListener
android.media.tv.extension.signal.ITunerFrontendSignalInfoListener	1	onFrontendStatusChanged
android.media.tv.extension.signal.IVideoSignalInfo	1	addVideoSignalInfoListener
android.media.tv.extension.signal.IVideoSignalInfo	2	removeVideoSignalInfoListener
android.media.tv.extension.signal.IVideoSignalInfo	3	getVideoSignalInfo
android.media.tv.extension.signal.IVideoSignalInfoListener	1	onVideoSignalInfoChanged
android.media.tv.extension.teletext.IDataServiceSignalInfo	1	getDataServiceSignalInfo
android.media.tv.extension.teletext.IDataServiceSignalInfo	2	addDataServiceSignalInfoListener
android.media.tv.extension.teletext.IDataServiceSignalInfo	3	removeDataServiceSignalInfoListener
android.media.tv.extension.teletext.IDataServiceSignalInfoListener	1	onDataServiceSignalInfoChanged
android.media.tv.extension.teletext.ITeletextPageSubCode	1	getTeletextPageNumber
android.media.tv.extension.teletext.ITeletextPageSubCode	2	setTeleltextPageNumber
android.media.tv.extension.teletext.ITeletextPageSubCode	3	getTeletextPageSubCode
android.media.tv.extension.teletext.ITeletextPageSubCode	4	setTeletextPageSubCode
android.media.tv.extension.teletext.ITeletextPageSubCode	5	getTeletextHasTopInfo
android.media.tv.extension.teletext.ITeletextPageSubCode	6	getTeletextTopBlockList
android.media.tv.extension.teletext.ITeletextPageSubCode	7	getTeletextTopGroupList
android.media.tv.extension.teletext.ITeletextPageSubCode	8	getTeletextTopPageList
android.media.tv.extension.time.IBroadcastTime	1	getUtcTime
android.media.tv.extension.time.IBroadcastTime	2	getLocalTime
android.media.tv.extension.time.IBroadcastTime	3	getTimeZoneInfo
android.media.tv.extension.time.IBroadcastTime	4	getUtcTimePerStream
android.media.tv.extension.time.IBroadcastTime	5	getLocalTimePerStream
android.media.tv.extension.tune.IChannelTunedInterface	1	addChannelTunedListener
android.media.tv.extension.tune.IChannelTunedInterface	2	removeChannelTunedListener
android.media.tv.extension.tune.IChannelTunedListener	1	onChannelTuned
android.media.tv.extension.tune.IMuxTune	1	createSession
android.media.tv.extension.tune.IMuxTuneSession	1	start
android.media.tv.extension.tune.IMuxTuneSession	2	stop
android.media.tv.extension.tune.IMuxTuneSession	3	release
android.media.tv.extension.tune.IMuxTuneSession	4	getSessionToken
android.media.tv.interactive.ITvInteractiveAppClient	1	onSessionCreated
android.media.tv.interactive.ITvInteractiveAppClient	2	onSessionReleased
android.media.tv.interactive.ITvInteractiveAppClient	3	onLayoutSurface
android.media.tv.interactive.ITvInteractiveAppClient	4	onBroadcastInfoRequest
android.media.tv.interactive.ITvInteractiveAppClient	5	onRemoveBroadcastInfo
android.media.tv.interactive.ITvInteractiveAppClient	6	onSessionStateChanged
android.media.tv.interactive.ITvInteractiveAppClient	7	onBiInteractiveAppCreated
android.media.tv.interactive.ITvInteractiveAppClient	8	onTeletextAppStateChanged
android.media.tv.interactive.ITvInteractiveAppClient	9	onAdBufferReady
android.media.tv.interactive.ITvInteractiveAppClient	10	onCommandRequest
android.media.tv.interactive.ITvInteractiveAppClient	11	onTimeShiftCommandRequest
android.media.tv.interactive.ITvInteractiveAppClient	12	onSetVideoBounds
android.media.tv.interactive.ITvInteractiveAppClient	13	onRequestCurrentVideoBounds
android.media.tv.interactive.ITvInteractiveAppClient	14	onRequestCurrentChannelUri
android.media.tv.interactive.ITvInteractiveAppClient	15	onRequestCurrentChannelLcn
android.media.tv.interactive.ITvInteractiveAppClient	16	onRequestStreamVolume
android.media.tv.interactive.ITvInteractiveAppClient	17	onRequestTrackInfoList
android.media.tv.interactive.ITvInteractiveAppClient	18	onRequestSelectedTrackInfo
android.media.tv.interactive.ITvInteractiveAppClient	19	onRequestCurrentTvInputId
android.media.tv.interactive.ITvInteractiveAppClient	20	onRequestTimeShiftMode
android.media.tv.interactive.ITvInteractiveAppClient	21	onRequestAvailableSpeeds
android.media.tv.interactive.ITvInteractiveAppClient	22	onRequestStartRecording
android.media.tv.interactive.ITvInteractiveAppClient	23	onRequestStopRecording
android.media.tv.interactive.ITvInteractiveAppClient	24	onRequestScheduleRecording
android.media.tv.interactive.ITvInteractiveAppClient	25	onRequestScheduleRecording2
android.media.tv.interactive.ITvInteractiveAppClient	26	onSetTvRecordingInfo
android.media.tv.interactive.ITvInteractiveAppClient	27	onRequestTvRecordingInfo
android.media.tv.interactive.ITvInteractiveAppClient	28	onRequestTvRecordingInfoList
android.media.tv.interactive.ITvInteractiveAppClient	29	onRequestSigning
android.media.tv.interactive.ITvInteractiveAppClient	30	onRequestSigning2
android.media.tv.interactive.ITvInteractiveAppClient	31	onRequestCertificate
android.media.tv.interactive.ITvInteractiveAppClient	32	onAdRequest
android.media.tv.interactive.ITvInteractiveAppManager	1	getTvInteractiveAppServiceList
android.media.tv.interactive.ITvInteractiveAppManager	2	getAppLinkInfoList
android.media.tv.interactive.ITvInteractiveAppManager	3	registerAppLinkInfo
android.media.tv.interactive.ITvInteractiveAppManager	4	unregisterAppLinkInfo
android.media.tv.interactive.ITvInteractiveAppManager	5	sendAppLinkCommand
android.media.tv.interactive.ITvInteractiveAppManager	6	startInteractiveApp
android.media.tv.interactive.ITvInteractiveAppManager	7	stopInteractiveApp
android.media.tv.interactive.ITvInteractiveAppManager	8	resetInteractiveApp
android.media.tv.interactive.ITvInteractiveAppManager	9	createBiInteractiveApp
android.media.tv.interactive.ITvInteractiveAppManager	10	destroyBiInteractiveApp
android.media.tv.interactive.ITvInteractiveAppManager	11	setTeletextAppEnabled
android.media.tv.interactive.ITvInteractiveAppManager	12	sendCurrentVideoBounds
android.media.tv.interactive.ITvInteractiveAppManager	13	sendCurrentChannelUri
android.media.tv.interactive.ITvInteractiveAppManager	14	sendCurrentChannelLcn
android.media.tv.interactive.ITvInteractiveAppManager	15	sendStreamVolume
android.media.tv.interactive.ITvInteractiveAppManager	16	sendTrackInfoList
android.media.tv.interactive.ITvInteractiveAppManager	17	sendCurrentTvInputId
android.media.tv.interactive.ITvInteractiveAppManager	18	sendTimeShiftMode
android.media.tv.interactive.ITvInteractiveAppManager	19	sendAvailableSpeeds
android.media.tv.interactive.ITvInteractiveAppManager	20	sendSigningResult
android.media.tv.interactive.ITvInteractiveAppManager	21	sendCertificate
android.media.tv.interactive.ITvInteractiveAppManager	22	sendTvRecordingInfo
android.media.tv.interactive.ITvInteractiveAppManager	23	sendTvRecordingInfoList
android.media.tv.interactive.ITvInteractiveAppManager	24	notifyError
android.media.tv.interactive.ITvInteractiveAppManager	25	notifyTimeShiftPlaybackParams
android.media.tv.interactive.ITvInteractiveAppManager	26	notifyTimeShiftStatusChanged
android.media.tv.interactive.ITvInteractiveAppManager	27	notifyTimeShiftStartPositionChanged
android.media.tv.interactive.ITvInteractiveAppManager	28	notifyTimeShiftCurrentPositionChanged
android.media.tv.interactive.ITvInteractiveAppManager	29	notifyRecordingConnectionFailed
android.media.tv.interactive.ITvInteractiveAppManager	30	notifyRecordingDisconnected
android.media.tv.interactive.ITvInteractiveAppManager	31	notifyRecordingTuned
android.media.tv.interactive.ITvInteractiveAppManager	32	notifyRecordingError
android.media.tv.interactive.ITvInteractiveAppManager	33	notifyRecordingScheduled
android.media.tv.interactive.ITvInteractiveAppManager	34	createSession
android.media.tv.interactive.ITvInteractiveAppManager	35	releaseSession
android.media.tv.interactive.ITvInteractiveAppManager	36	notifyTuned
android.media.tv.interactive.ITvInteractiveAppManager	37	notifyTrackSelected
android.media.tv.interactive.ITvInteractiveAppManager	38	notifyTracksChanged
android.media.tv.interactive.ITvInteractiveAppManager	39	notifyVideoAvailable
android.media.tv.interactive.ITvInteractiveAppManager	40	notifyVideoUnavailable
android.media.tv.interactive.ITvInteractiveAppManager	41	notifyVideoFreezeUpdated
android.media.tv.interactive.ITvInteractiveAppManager	42	notifyContentAllowed
android.media.tv.interactive.ITvInteractiveAppManager	43	notifyContentBlocked
android.media.tv.interactive.ITvInteractiveAppManager	44	notifySignalStrength
android.media.tv.interactive.ITvInteractiveAppManager	45	notifyRecordingStarted
android.media.tv.interactive.ITvInteractiveAppManager	46	notifyRecordingStopped
android.media.tv.interactive.ITvInteractiveAppManager	47	notifyTvMessage
android.media.tv.interactive.ITvInteractiveAppManager	48	setSurface
android.media.tv.interactive.ITvInteractiveAppManager	49	dispatchSurfaceChanged
android.media.tv.interactive.ITvInteractiveAppManager	50	notifyBroadcastInfoResponse
android.media.tv.interactive.ITvInteractiveAppManager	51	notifyAdResponse
android.media.tv.interactive.ITvInteractiveAppManager	52	notifyAdBufferConsumed
android.media.tv.interactive.ITvInteractiveAppManager	53	sendSelectedTrackInfo
android.media.tv.interactive.ITvInteractiveAppManager	54	createMediaView
android.media.tv.interactive.ITvInteractiveAppManager	55	relayoutMediaView
android.media.tv.interactive.ITvInteractiveAppManager	56	removeMediaView
android.media.tv.interactive.ITvInteractiveAppManager	57	registerCallback
android.media.tv.interactive.ITvInteractiveAppManager	58	unregisterCallback
android.media.tv.interactive.ITvInteractiveAppManagerCallback	1	onInteractiveAppServiceAdded
android.media.tv.interactive.ITvInteractiveAppManagerCallback	2	onInteractiveAppServiceRemoved
android.media.tv.interactive.ITvInteractiveAppManagerCallback	3	onInteractiveAppServiceUpdated
android.media.tv.interactive.ITvInteractiveAppManagerCallback	4	onTvInteractiveAppServiceInfoUpdated
android.media.tv.interactive.ITvInteractiveAppManagerCallback	5	onStateChanged
android.media.tv.interactive.ITvInteractiveAppService	1	registerCallback
android.media.tv.interactive.ITvInteractiveAppService	2	unregisterCallback
android.media.tv.interactive.ITvInteractiveAppService	3	createSession
android.media.tv.interactive.ITvInteractiveAppService	4	registerAppLinkInfo
android.media.tv.interactive.ITvInteractiveAppService	5	unregisterAppLinkInfo
android.media.tv.interactive.ITvInteractiveAppService	6	sendAppLinkCommand
android.media.tv.interactive.ITvInteractiveAppServiceCallback	1	onStateChanged
android.media.tv.interactive.ITvInteractiveAppSession	1	startInteractiveApp
android.media.tv.interactive.ITvInteractiveAppSession	2	stopInteractiveApp
android.media.tv.interactive.ITvInteractiveAppSession	3	resetInteractiveApp
android.media.tv.interactive.ITvInteractiveAppSession	4	createBiInteractiveApp
android.media.tv.interactive.ITvInteractiveAppSession	5	destroyBiInteractiveApp
android.media.tv.interactive.ITvInteractiveAppSession	6	setTeletextAppEnabled
android.media.tv.interactive.ITvInteractiveAppSession	7	sendCurrentVideoBounds
android.media.tv.interactive.ITvInteractiveAppSession	8	sendCurrentChannelUri
android.media.tv.interactive.ITvInteractiveAppSession	9	sendCurrentChannelLcn
android.media.tv.interactive.ITvInteractiveAppSession	10	sendStreamVolume
android.media.tv.interactive.ITvInteractiveAppSession	11	sendTrackInfoList
android.media.tv.interactive.ITvInteractiveAppSession	12	sendCurrentTvInputId
android.media.tv.interactive.ITvInteractiveAppSession	13	sendTimeShiftMode
android.media.tv.interactive.ITvInteractiveAppSession	14	sendAvailableSpeeds
android.media.tv.interactive.ITvInteractiveAppSession	15	sendSigningResult
android.media.tv.interactive.ITvInteractiveAppSession	16	sendCertificate
android.media.tv.interactive.ITvInteractiveAppSession	17	sendTvRecordingInfo
android.media.tv.interactive.ITvInteractiveAppSession	18	sendTvRecordingInfoList
android.media.tv.interactive.ITvInteractiveAppSession	19	notifyError
android.media.tv.interactive.ITvInteractiveAppSession	20	notifyTimeShiftPlaybackParams
android.media.tv.interactive.ITvInteractiveAppSession	21	notifyTimeShiftStatusChanged
android.media.tv.interactive.ITvInteractiveAppSession	22	notifyTimeShiftStartPositionChanged
android.media.tv.interactive.ITvInteractiveAppSession	23	notifyTimeShiftCurrentPositionChanged
android.media.tv.interactive.ITvInteractiveAppSession	24	notifyRecordingConnectionFailed
android.media.tv.interactive.ITvInteractiveAppSession	25	notifyRecordingDisconnected
android.media.tv.interactive.ITvInteractiveAppSession	26	notifyRecordingTuned
android.media.tv.interactive.ITvInteractiveAppSession	27	notifyRecordingError
android.media.tv.interactive.ITvInteractiveAppSession	28	notifyRecordingScheduled
android.media.tv.interactive.ITvInteractiveAppSession	29	release
android.media.tv.interactive.ITvInteractiveAppSession	30	notifyTuned
android.media.tv.interactive.ITvInteractiveAppSession	31	notifyTrackSelected
android.media.tv.interactive.ITvInteractiveAppSession	32	notifyTracksChanged
android.media.tv.interactive.ITvInteractiveAppSession	33	notifyVideoAvailable
android.media.tv.interactive.ITvInteractiveAppSession	34	notifyVideoUnavailable
android.media.tv.interactive.ITvInteractiveAppSession	35	notifyVideoFreezeUpdated
android.media.tv.interactive.ITvInteractiveAppSession	36	notifyContentAllowed
android.media.tv.interactive.ITvInteractiveAppSession	37	notifyContentBlocked
android.media.tv.interactive.ITvInteractiveAppSession	38	notifySignalStrength
android.media.tv.interactive.ITvInteractiveAppSession	39	notifyRecordingStarted
android.media.tv.interactive.ITvInteractiveAppSession	40	notifyRecordingStopped
android.media.tv.interactive.ITvInteractiveAppSession	41	notifyTvMessage
android.media.tv.interactive.ITvInteractiveAppSession	42	setSurface
android.media.tv.interactive.ITvInteractiveAppSession	43	dispatchSurfaceChanged
android.media.tv.interactive.ITvInteractiveAppSession	44	notifyBroadcastInfoResponse
android.media.tv.interactive.ITvInteractiveAppSession	45	notifyAdResponse
android.media.tv.interactive.ITvInteractiveAppSession	46	notifyAdBufferConsumed
android.media.tv.interactive.ITvInteractiveAppSession	47	sendSelectedTrackInfo
android.media.tv.interactive.ITvInteractiveAppSession	48	createMediaView
android.media.tv.interactive.ITvInteractiveAppSession	49	relayoutMediaView
android.media.tv.interactive.ITvInteractiveAppSession	50	removeMediaView
android.media.tv.interactive.ITvInteractiveAppSessionCallback	1	onSessionCreated
android.media.tv.interactive.ITvInteractiveAppSessionCallback	2	onLayoutSurface
android.media.tv.interactive.ITvInteractiveAppSessionCallback	3	onBroadcastInfoRequest
android.media.tv.interactive.ITvInteractiveAppSessionCallback	4	onRemoveBroadcastInfo
android.media.tv.interactive.ITvInteractiveAppSessionCallback	5	onSessionStateChanged
android.media.tv.interactive.ITvInteractiveAppSessionCallback	6	onBiInteractiveAppCreated
android.media.tv.interactive.ITvInteractiveAppSessionCallback	7	onTeletextAppStateChanged
android.media.tv.interactive.ITvInteractiveAppSessionCallback	8	onAdBufferReady
android.media.tv.interactive.ITvInteractiveAppSessionCallback	9	onCommandRequest
android.media.tv.interactive.ITvInteractiveAppSessionCallback	10	onTimeShiftCommandRequest
android.media.tv.interactive.ITvInteractiveAppSessionCallback	11	onSetVideoBounds
android.media.tv.interactive.ITvInteractiveAppSessionCallback	12	onRequestCurrentVideoBounds
android.media.tv.interactive.ITvInteractiveAppSessionCallback	13	onRequestCurrentChannelUri
android.media.tv.interactive.ITvInteractiveAppSessionCallback	14	onRequestCurrentChannelLcn
android.media.tv.interactive.ITvInteractiveAppSessionCallback	15	onRequestStreamVolume
android.media.tv.interactive.ITvInteractiveAppSessionCallback	16	onRequestTrackInfoList
android.media.tv.interactive.ITvInteractiveAppSessionCallback	17	onRequestCurrentTvInputId
android.media.tv.interactive.ITvInteractiveAppSessionCallback	18	onRequestTimeShiftMode
android.media.tv.interactive.ITvInteractiveAppSessionCallback	19	onRequestAvailableSpeeds
android.media.tv.interactive.ITvInteractiveAppSessionCallback	20	onRequestSelectedTrackInfo
android.media.tv.interactive.ITvInteractiveAppSessionCallback	21	onRequestStartRecording
android.media.tv.interactive.ITvInteractiveAppSessionCallback	22	onRequestStopRecording
android.media.tv.interactive.ITvInteractiveAppSessionCallback	23	onRequestScheduleRecording
android.media.tv.interactive.ITvInteractiveAppSessionCallback	24	onRequestScheduleRecording2
android.media.tv.interactive.ITvInteractiveAppSessionCallback	25	onSetTvRecordingInfo
android.media.tv.interactive.ITvInteractiveAppSessionCallback	26	onRequestTvRecordingInfo
android.media.tv.interactive.ITvInteractiveAppSessionCallback	27	onRequestTvRecordingInfoList
android.media.tv.interactive.ITvInteractiveAppSessionCallback	28	onRequestSigning
android.media.tv.interactive.ITvInteractiveAppSessionCallback	29	onRequestSigning2
android.media.tv.interactive.ITvInteractiveAppSessionCallback	30	onRequestCertificate
android.media.tv.interactive.ITvInteractiveAppSessionCallback	31	onAdRequest
android.media.tv.tunerresourcemanager.IResourcesReclaimListener	1	onReclaimResources
android.media.tv.tunerresourcemanager.ITunerResourceManager	1	registerClientProfile
android.media.tv.tunerresourcemanager.ITunerResourceManager	2	unregisterClientProfile
android.media.tv.tunerresourcemanager.ITunerResourceManager	3	updateClientPriority
android.media.tv.tunerresourcemanager.ITunerResourceManager	4	hasUnusedFrontend
android.media.tv.tunerresourcemanager.ITunerResourceManager	5	isLowestPriority
android.media.tv.tunerresourcemanager.ITunerResourceManager	6	setFrontendInfoList
android.media.tv.tunerresourcemanager.ITunerResourceManager	7	updateCasInfo
android.media.tv.tunerresourcemanager.ITunerResourceManager	8	setDemuxInfoList
android.media.tv.tunerresourcemanager.ITunerResourceManager	9	setLnbInfoList
android.media.tv.tunerresourcemanager.ITunerResourceManager	10	setResourceOwnershipRetention
android.media.tv.tunerresourcemanager.ITunerResourceManager	11	requestFrontend
android.media.tv.tunerresourcemanager.ITunerResourceManager	12	setMaxNumberOfFrontends
android.media.tv.tunerresourcemanager.ITunerResourceManager	13	getMaxNumberOfFrontends
android.media.tv.tunerresourcemanager.ITunerResourceManager	14	shareFrontend
android.media.tv.tunerresourcemanager.ITunerResourceManager	15	transferOwner
android.media.tv.tunerresourcemanager.ITunerResourceManager	16	requestDemux
android.media.tv.tunerresourcemanager.ITunerResourceManager	17	requestDescrambler
android.media.tv.tunerresourcemanager.ITunerResourceManager	18	requestCasSession
android.media.tv.tunerresourcemanager.ITunerResourceManager	19	requestCiCam
android.media.tv.tunerresourcemanager.ITunerResourceManager	20	requestLnb
android.media.tv.tunerresourcemanager.ITunerResourceManager	21	releaseFrontend
android.media.tv.tunerresourcemanager.ITunerResourceManager	22	releaseDemux
android.media.tv.tunerresourcemanager.ITunerResourceManager	23	releaseDescrambler
android.media.tv.tunerresourcemanager.ITunerResourceManager	24	releaseCasSession
android.media.tv.tunerresourcemanager.ITunerResourceManager	25	releaseCiCam
android.media.tv.tunerresourcemanager.ITunerResourceManager	26	releaseLnb
android.media.tv.tunerresourcemanager.ITunerResourceManager	27	isHigherPriority
android.media.tv.tunerresourcemanager.ITunerResourceManager	28	storeResourceMap
android.media.tv.tunerresourcemanager.ITunerResourceManager	29	clearResourceMap
android.media.tv.tunerresourcemanager.ITunerResourceManager	30	restoreResourceMap
android.media.tv.tunerresourcemanager.ITunerResourceManager	31	acquireLock
android.media.tv.tunerresourcemanager.ITunerResourceManager	32	releaseLock
android.media.tv.tunerresourcemanager.ITunerResourceManager	33	getClientPriority
android.media.tv.tunerresourcemanager.ITunerResourceManager	34	getConfigPriority
android.net.IIpConnectivityMetrics	1	logEvent
android.net.IIpConnectivityMetrics	2	logDefaultNetworkValidity
android.net.IIpConnectivityMetrics	3	logDefaultNetworkEvent
android.net.IIpConnectivityMetrics	4	addNetdEventCallback
android.net.IIpConnectivityMetrics	5	removeNetdEventCallback
android.net.IIpMemoryStore	1	storeNetworkAttributes
android.net.IIpMemoryStore	2	storeBlob
android.net.IIpMemoryStore	3	findL2Key
android.net.IIpMemoryStore	4	isSameNetwork
android.net.IIpMemoryStore	5	retrieveNetworkAttributes
android.net.IIpMemoryStore	6	retrieveBlob
android.net.IIpMemoryStore	7	factoryReset
android.net.IIpMemoryStore	8	delete
android.net.IIpMemoryStore	9	deleteCluster
android.net.IIpMemoryStore	10	storeNetworkEvent
android.net.IIpMemoryStore	11	retrieveNetworkEventCount
android.net.IIpMemoryStore	16777214	getInterfaceHash
android.net.IIpMemoryStore	16777215	getInterfaceVersion
android.net.IIpMemoryStoreCallbacks	1	onIpMemoryStoreFetched
android.net.IIpMemoryStoreCallbacks	16777214	getInterfaceHash
android.net.IIpMemoryStoreCallbacks	16777215	getInterfaceVersion
android.net.INetd	1	isAlive
android.net.INetd	2	firewallReplaceUidChain
android.net.INetd	3	bandwidthEnableDataSaver
android.net.INetd	4	networkCreatePhysical
android.net.INetd	5	networkCreateVpn
android.net.INetd	6	networkDestroy
android.net.INetd	7	networkAddInterface
android.net.INetd	8	networkRemoveInterface
android.net.INetd	9	networkAddUidRanges
android.net.INetd	10	networkRemoveUidRanges
android.net.INetd	11	networkRejectNonSecureVpn
android.net.INetd	12	socketDestroy
android.net.INetd	13	tetherApplyDnsInterfaces
android.net.INetd	14	tetherGetStats
android.net.INetd	15	interfaceAddAddress
android.net.INetd	16	interfaceDelAddress
android.net.INetd	17	getProcSysNet
android.net.INetd	18	setProcSysNet
android.net.INetd	19	ipSecSetEncapSocketOwner
android.net.INetd	20	ipSecAllocateSpi
android.net.INetd	21	ipSecAddSecurityAssociation
android.net.INetd	22	ipSecDeleteSecurityAssociation
android.net.INetd	23	ipSecApplyTransportModeTransform
android.net.INetd	24	ipSecRemoveTransportModeTransform
android.net.INetd	25	ipSecAddSecurityPolicy
android.net.INetd	26	ipSecUpdateSecurityPolicy
android.net.INetd	27	ipSecDeleteSecurityPolicy
android.net.INetd	28	ipSecAddTunnelInterface
android.net.INetd	29	ipSecUpdateTunnelInterface
android.net.INetd	30	ipSecRemoveTunnelInterface
android.net.INetd	31	wakeupAddInterface
android.net.INetd	32	wakeupDelInterface
android.net.INetd	33	setIPv6AddrGenMode
android.net.INetd	34	idletimerAddInterface
android.net.INetd	35	idletimerRemoveInterface
android.net.INetd	36	strictUidCleartextPenalty
android.net.INetd	37	clatdStart
android.net.INetd	38	clatdStop
android.net.INetd	39	ipfwdEnabled
android.net.INetd	40	ipfwdGetRequesterList
android.net.INetd	41	ipfwdEnableForwarding
android.net.INetd	42	ipfwdDisableForwarding
android.net.INetd	43	ipfwdAddInterfaceForward
android.net.INetd	44	ipfwdRemoveInterfaceForward
android.net.INetd	45	bandwidthSetInterfaceQuota
android.net.INetd	46	bandwidthRemoveInterfaceQuota
android.net.INetd	47	bandwidthSetInterfaceAlert
android.net.INetd	48	bandwidthRemoveInterfaceAlert
android.net.INetd	49	bandwidthSetGlobalAlert
android.net.INetd	50	bandwidthAddNaughtyApp
android.net.INetd	51	bandwidthRemoveNaughtyApp
android.net.INetd	52	bandwidthAddNiceApp
android.net.INetd	53	bandwidthRemoveNiceApp
android.net.INetd	54	tetherStart
android.net.INetd	55	tetherStop
android.net.INetd	56	tetherIsEnabled
android.net.INetd	57	tetherInterfaceAdd
android.net.INetd	58	tetherInterfaceRemove
android.net.INetd	59	tetherInterfaceList
android.net.INetd	60	tetherDnsSet
android.net.INetd	61	tetherDnsList
android.net.INetd	62	networkAddRoute
android.net.INetd	63	networkRemoveRoute
android.net.INetd	64	networkAddLegacyRoute
android.net.INetd	65	networkRemoveLegacyRoute
android.net.INetd	66	networkGetDefault
android.net.INetd	67	networkSetDefault
android.net.INetd	68	networkClearDefault
android.net.INetd	69	networkSetPermissionForNetwork
android.net.INetd	70	networkSetPermissionForUser
android.net.INetd	71	networkClearPermissionForUser
android.net.INetd	72	trafficSetNetPermForUids
android.net.INetd	73	networkSetProtectAllow
android.net.INetd	74	networkSetProtectDeny
android.net.INetd	75	networkCanProtect
android.net.INetd	76	firewallSetFirewallType
android.net.INetd	77	firewallSetInterfaceRule
android.net.INetd	78	firewallSetUidRule
android.net.INetd	79	firewallEnableChildChain
android.net.INetd	80	interfaceGetList
android.net.INetd	81	interfaceGetCfg
android.net.INetd	82	interfaceSetCfg
android.net.INetd	83	interfaceSetIPv6PrivacyExtensions
android.net.INetd	84	interfaceClearAddrs
android.net.INetd	85	interfaceSetEnableIPv6
android.net.INetd	86	interfaceSetMtu
android.net.INetd	87	tetherAddForward
android.net.INetd	88	tetherRemoveForward
android.net.INetd	89	setTcpRWmemorySize
android.net.INetd	90	registerUnsolicitedEventListener
android.net.INetd	91	firewallAddUidInterfaceRules
android.net.INetd	92	firewallRemoveUidInterfaceRules
android.net.INetd	93	trafficSwapActiveStatsMap
android.net.INetd	94	getOemNetd
android.net.INetd	95	tetherStartWithConfiguration
android.net.INetd	96	getFwmarkForNetwork
android.net.INetd	97	networkAddRouteParcel
android.net.INetd	98	networkUpdateRouteParcel
android.net.INetd	99	networkRemoveRouteParcel
android.net.INetd	100	tetherOffloadRuleAdd
android.net.INetd	101	tetherOffloadRuleRemove
android.net.INetd	102	tetherOffloadGetStats
android.net.INetd	103	tetherOffloadSetInterfaceQuota
android.net.INetd	104	tetherOffloadGetAndClearStats
android.net.INetd	105	networkCreate
android.net.INetd	106	networkAddUidRangesParcel
android.net.INetd	107	networkRemoveUidRangesParcel
android.net.INetd	108	ipSecMigrate
android.net.INetd	109	setNetworkAllowlist
android.net.INetd	110	networkAllowBypassVpnOnNetwork
android.net.INetd	16777214	getInterfaceHash
android.net.INetd	16777215	getInterfaceVersion
android.net.INetdEventCallback	1	onDnsEvent
android.net.INetdEventCallback	2	onNat64PrefixEvent
android.net.INetdEventCallback	3	onPrivateDnsValidationEvent
android.net.INetdEventCallback	4	onConnectEvent
android.net.INetdUnsolicitedEventListener	1	onInterfaceClassActivityChanged
android.net.INetdUnsolicitedEventListener	2	onQuotaLimitReached
android.net.INetdUnsolicitedEventListener	3	onInterfaceDnsServerInfo
android.net.INetdUnsolicitedEventListener	4	onInterfaceAddressUpdated
android.net.INetdUnsolicitedEventListener	5	onInterfaceAddressRemoved
android.net.INetdUnsolicitedEventListener	6	onInterfaceAdded
android.net.INetdUnsolicitedEventListener	7	onInterfaceRemoved
android.net.INetdUnsolicitedEventListener	8	onInterfaceChanged
android.net.INetdUnsolicitedEventListener	9	onInterfaceLinkStateChanged
android.net.INetdUnsolicitedEventListener	10	onRouteChanged
android.net.INetdUnsolicitedEventListener	11	onStrictCleartextDetected
android.net.INetdUnsolicitedEventListener	16777214	getInterfaceHash
android.net.INetdUnsolicitedEventListener	16777215	getInterfaceVersion
android.net.INetworkManagementEventObserver	1	interfaceStatusChanged
android.net.INetworkManagementEventObserver	2	interfaceLinkStateChanged
android.net.INetworkManagementEventObserver	3	interfaceAdded
android.net.INetworkManagementEventObserver	4	interfaceRemoved
android.net.INetworkManagementEventObserver	5	addressUpdated
android.net.INetworkManagementEventObserver	6	addressRemoved
android.net.INetworkManagementEventObserver	7	limitReached
android.net.INetworkManagementEventObserver	8	interfaceClassDataActivityChanged
android.net.INetworkManagementEventObserver	9	interfaceDnsServerInfo
android.net.INetworkManagementEventObserver	10	routeUpdated
android.net.INetworkManagementEventObserver	11	routeRemoved
android.net.INetworkMonitor	1	start
android.net.INetworkMonitor	2	launchCaptivePortalApp
android.net.INetworkMonitor	3	notifyCaptivePortalAppFinished
android.net.INetworkMonitor	4	setAcceptPartialConnectivity
android.net.INetworkMonitor	5	forceReevaluation
android.net.INetworkMonitor	6	notifyPrivateDnsChanged
android.net.INetworkMonitor	7	notifyDnsResponse
android.net.INetworkMonitor	8	notifyNetworkConnected
android.net.INetworkMonitor	9	notifyNetworkDisconnected
android.net.INetworkMonitor	10	notifyLinkPropertiesChanged
android.net.INetworkMonitor	11	notifyNetworkCapabilitiesChanged
android.net.INetworkMonitor	12	notifyNetworkConnectedParcel
android.net.INetworkMonitor	16777214	getInterfaceHash
android.net.INetworkMonitor	16777215	getInterfaceVersion
android.net.INetworkMonitorCallbacks	1	onNetworkMonitorCreated
android.net.INetworkMonitorCallbacks	2	notifyNetworkTested
android.net.INetworkMonitorCallbacks	3	notifyPrivateDnsConfigResolved
android.net.INetworkMonitorCallbacks	4	showProvisioningNotification
android.net.INetworkMonitorCallbacks	5	hideProvisioningNotification
android.net.INetworkMonitorCallbacks	6	notifyProbeStatusChanged
android.net.INetworkMonitorCallbacks	7	notifyNetworkTestedWithExtras
android.net.INetworkMonitorCallbacks	8	notifyDataStallSuspected
android.net.INetworkMonitorCallbacks	9	notifyCaptivePortalDataChanged
android.net.INetworkMonitorCallbacks	16777214	getInterfaceHash
android.net.INetworkMonitorCallbacks	16777215	getInterfaceVersion
android.net.INetworkPolicyListener	1	onUidRulesChanged
android.net.INetworkPolicyListener	2	onMeteredIfacesChanged
android.net.INetworkPolicyListener	3	onRestrictBackgroundChanged
android.net.INetworkPolicyListener	4	onUidPoliciesChanged
android.net.INetworkPolicyListener	5	onSubscriptionOverride
android.net.INetworkPolicyListener	6	onSubscriptionPlansChanged
android.net.INetworkPolicyListener	7	onBlockedReasonChanged
android.net.INetworkPolicyManager	1	setUidPolicy
android.net.INetworkPolicyManager	2	addUidPolicy
android.net.INetworkPolicyManager	3	removeUidPolicy
android.net.INetworkPolicyManager	4	getUidPolicy
android.net.INetworkPolicyManager	5	getUidsWithPolicy
android.net.INetworkPolicyManager	6	registerListener
android.net.INetworkPolicyManager	7	unregisterListener
android.net.INetworkPolicyManager	8	setNetworkPolicies
android.net.INetworkPolicyManager	9	getNetworkPolicies
android.net.INetworkPolicyManager	10	snoozeLimit
android.net.INetworkPolicyManager	11	setRestrictBackground
android.net.INetworkPolicyManager	12	getRestrictBackground
android.net.INetworkPolicyManager	13	getRestrictBackgroundByCaller
android.net.INetworkPolicyManager	14	getRestrictBackgroundStatus
android.net.INetworkPolicyManager	15	setDeviceIdleMode
android.net.INetworkPolicyManager	16	setWifiMeteredOverride
android.net.INetworkPolicyManager	17	getMultipathPreference
android.net.INetworkPolicyManager	18	getSubscriptionPlan
android.net.INetworkPolicyManager	19	notifyStatsProviderWarningOrLimitReached
android.net.INetworkPolicyManager	20	getSubscriptionPlans
android.net.INetworkPolicyManager	21	setSubscriptionPlans
android.net.INetworkPolicyManager	22	getSubscriptionPlansOwner
android.net.INetworkPolicyManager	23	setSubscriptionOverride
android.net.INetworkPolicyManager	24	factoryReset
android.net.INetworkPolicyManager	25	isUidNetworkingBlocked
android.net.INetworkPolicyManager	26	isUidRestrictedOnMeteredNetworks
android.net.INetworkRecommendationProvider	1	requestScores
android.net.INetworkScoreCache	1	updateScores
android.net.INetworkScoreCache	2	clearScores
android.net.INetworkScoreService	1	updateScores
android.net.INetworkScoreService	2	clearScores
android.net.INetworkScoreService	3	setActiveScorer
android.net.INetworkScoreService	4	disableScoring
android.net.INetworkScoreService	5	registerNetworkScoreCache
android.net.INetworkScoreService	6	unregisterNetworkScoreCache
android.net.INetworkScoreService	7	requestScores
android.net.INetworkScoreService	8	isCallerActiveScorer
android.net.INetworkScoreService	9	getActiveScorerPackage
android.net.INetworkScoreService	10	getActiveScorer
android.net.INetworkScoreService	11	getAllValidScorers
android.net.INetworkStackConnector	1	makeDhcpServer
android.net.INetworkStackConnector	2	makeNetworkMonitor
android.net.INetworkStackConnector	3	makeIpClient
android.net.INetworkStackConnector	4	fetchIpMemoryStore
android.net.INetworkStackConnector	5	allowTestUid
android.net.INetworkStackConnector	16777214	getInterfaceHash
android.net.INetworkStackConnector	16777215	getInterfaceVersion
android.net.INetworkStackStatusCallback	1	onStatusAvailable
android.net.INetworkStackStatusCallback	16777214	getInterfaceHash
android.net.INetworkStackStatusCallback	16777215	getInterfaceVersion
android.net.IPacProxyInstalledListener	1	onPacProxyInstalled
android.net.IPacProxyManager	1	addListener
android.net.IPacProxyManager	2	removeListener
android.net.IPacProxyManager	3	setCurrentProxyScriptUrl
android.net.IVpnManager	1	prepareVpn
android.net.IVpnManager	2	setVpnPackageAuthorization
android.net.IVpnManager	3	establishVpn
android.net.IVpnManager	4	addVpnAddress
android.net.IVpnManager	5	removeVpnAddress
android.net.IVpnManager	6	setUnderlyingNetworksForVpn
android.net.IVpnManager	7	provisionVpnProfile
android.net.IVpnManager	8	deleteVpnProfile
android.net.IVpnManager	9	startVpnProfile
android.net.IVpnManager	10	stopVpnProfile
android.net.IVpnManager	11	getProvisionedVpnProfileState
android.net.IVpnManager	12	setAppExclusionList
android.net.IVpnManager	13	getAppExclusionList
android.net.IVpnManager	14	isAlwaysOnVpnPackageSupported
android.net.IVpnManager	15	setAlwaysOnVpnPackage
android.net.IVpnManager	16	getAlwaysOnVpnPackage
android.net.IVpnManager	17	isVpnLockdownEnabled
android.net.IVpnManager	18	getVpnLockdownAllowlist
android.net.IVpnManager	19	isCallerCurrentAlwaysOnVpnApp
android.net.IVpnManager	20	isCallerCurrentAlwaysOnVpnLockdownApp
android.net.IVpnManager	21	startLegacyVpn
android.net.IVpnManager	22	getLegacyVpnInfo
android.net.IVpnManager	23	updateLockdownVpn
android.net.IVpnManager	24	getFromVpnProfileStore
android.net.IVpnManager	25	putIntoVpnProfileStore
android.net.IVpnManager	26	removeFromVpnProfileStore
android.net.IVpnManager	27	listFromVpnProfileStore
android.net.IVpnManager	28	getVpnConfig
android.net.IVpnManager	29	factoryReset
android.net.dhcp.IDhcpEventCallbacks	1	onLeasesChanged
android.net.dhcp.IDhcpEventCallbacks	2	onNewPrefixRequest
android.net.dhcp.IDhcpEventCallbacks	16777214	getInterfaceHash
android.net.dhcp.IDhcpEventCallbacks	16777215	getInterfaceVersion
android.net.dhcp.IDhcpServer	1	start
android.net.dhcp.IDhcpServer	2	updateParams
android.net.dhcp.IDhcpServer	3	stop
android.net.dhcp.IDhcpServer	4	startWithCallbacks
android.net.dhcp.IDhcpServer	16777214	getInterfaceHash
android.net.dhcp.IDhcpServer	16777215	getInterfaceVersion
android.net.dhcp.IDhcpServerCallbacks	1	onDhcpServerCreated
android.net.dhcp.IDhcpServerCallbacks	16777214	getInterfaceHash
android.net.dhcp.IDhcpServerCallbacks	16777215	getInterfaceVersion
android.net.ip.IIpClient	1	completedPreDhcpAction
android.net.ip.IIpClient	2	confirmConfiguration
android.net.ip.IIpClient	3	readPacketFilterComplete
android.net.ip.IIpClient	4	shutdown
android.net.ip.IIpClient	5	startProvisioning
android.net.ip.IIpClient	6	stop
android.net.ip.IIpClient	7	setTcpBufferSizes
android.net.ip.IIpClient	8	setHttpProxy
android.net.ip.IIpClient	9	setMulticastFilter
android.net.ip.IIpClient	10	addKeepalivePacketFilter
android.net.ip.IIpClient	11	removeKeepalivePacketFilter
android.net.ip.IIpClient	12	setL2KeyAndGroupHint
android.net.ip.IIpClient	13	addNattKeepalivePacketFilter
android.net.ip.IIpClient	14	notifyPreconnectionComplete
android.net.ip.IIpClient	15	updateLayer2Information
android.net.ip.IIpClient	16	updateApfCapabilities
android.net.ip.IIpClient	16777214	getInterfaceHash
android.net.ip.IIpClient	16777215	getInterfaceVersion
android.net.ip.IIpClientCallbacks	1	onIpClientCreated
android.net.ip.IIpClientCallbacks	2	onPreDhcpAction
android.net.ip.IIpClientCallbacks	3	onPostDhcpAction
android.net.ip.IIpClientCallbacks	4	onNewDhcpResults
android.net.ip.IIpClientCallbacks	5	onProvisioningSuccess
android.net.ip.IIpClientCallbacks	6	onProvisioningFailure
android.net.ip.IIpClientCallbacks	7	onLinkPropertiesChange
android.net.ip.IIpClientCallbacks	8	onReachabilityLost
android.net.ip.IIpClientCallbacks	9	onQuit
android.net.ip.IIpClientCallbacks	10	installPacketFilter
android.net.ip.IIpClientCallbacks	11	startReadPacketFilter
android.net.ip.IIpClientCallbacks	12	setFallbackMulticastFilter
android.net.ip.IIpClientCallbacks	13	setNeighborDiscoveryOffload
android.net.ip.IIpClientCallbacks	14	onPreconnectionStart
android.net.ip.IIpClientCallbacks	15	onReachabilityFailure
android.net.ip.IIpClientCallbacks	16	setMaxDtimMultiplier
android.net.ip.IIpClientCallbacks	16777214	getInterfaceHash
android.net.ip.IIpClientCallbacks	16777215	getInterfaceVersion
android.net.ipmemorystore.IOnBlobRetrievedListener	1	onBlobRetrieved
android.net.ipmemorystore.IOnBlobRetrievedListener	16777214	getInterfaceHash
android.net.ipmemorystore.IOnBlobRetrievedListener	16777215	getInterfaceVersion
android.net.ipmemorystore.IOnL2KeyResponseListener	1	onL2KeyResponse
android.net.ipmemorystore.IOnL2KeyResponseListener	16777214	getInterfaceHash
android.net.ipmemorystore.IOnL2KeyResponseListener	16777215	getInterfaceVersion
android.net.ipmemorystore.IOnNetworkAttributesRetrievedListener	1	onNetworkAttributesRetrieved
android.net.ipmemorystore.IOnNetworkAttributesRetrievedListener	16777214	getInterfaceHash
android.net.ipmemorystore.IOnNetworkAttributesRetrievedListener	16777215	getInterfaceVersion
android.net.ipmemorystore.IOnNetworkEventCountRetrievedListener	1	onNetworkEventCountRetrieved
android.net.ipmemorystore.IOnNetworkEventCountRetrievedListener	16777214	getInterfaceHash
android.net.ipmemorystore.IOnNetworkEventCountRetrievedListener	16777215	getInterfaceVersion
android.net.ipmemorystore.IOnSameL3NetworkResponseListener	1	onSameL3NetworkResponse
android.net.ipmemorystore.IOnSameL3NetworkResponseListener	16777214	getInterfaceHash
android.net.ipmemorystore.IOnSameL3NetworkResponseListener	16777215	getInterfaceVersion
android.net.ipmemorystore.IOnStatusAndCountListener	1	onComplete
android.net.ipmemorystore.IOnStatusAndCountListener	16777214	getInterfaceHash
android.net.ipmemorystore.IOnStatusAndCountListener	16777215	getInterfaceVersion
android.net.ipmemorystore.IOnStatusListener	1	onComplete
android.net.ipmemorystore.IOnStatusListener	16777214	getInterfaceHash
android.net.ipmemorystore.IOnStatusListener	16777215	getInterfaceVersion
android.net.metrics.INetdEventListener	1	onDnsEvent
android.net.metrics.INetdEventListener	2	onPrivateDnsValidationEvent
android.net.metrics.INetdEventListener	3	onConnectEvent
android.net.metrics.INetdEventListener	4	onWakeupEvent
android.net.metrics.INetdEventListener	5	onTcpSocketStatsEvent
android.net.metrics.INetdEventListener	6	onNat64PrefixEvent
android.net.metrics.INetdEventListener	16777214	getInterfaceHash
android.net.metrics.INetdEventListener	16777215	getInterfaceVersion
android.net.sip.ISipService	1	open
android.net.sip.ISipService	2	open3
android.net.sip.ISipService	3	close
android.net.sip.ISipService	4	isOpened
android.net.sip.ISipService	5	isRegistered
android.net.sip.ISipService	6	setRegistrationListener
android.net.sip.ISipService	7	createSession
android.net.sip.ISipService	8	getPendingSession
android.net.sip.ISipService	9	getProfiles
android.net.sip.ISipSession	1	getLocalIp
android.net.sip.ISipSession	2	getLocalProfile
android.net.sip.ISipSession	3	getPeerProfile
android.net.sip.ISipSession	4	getState
android.net.sip.ISipSession	5	isInCall
android.net.sip.ISipSession	6	getCallId
android.net.sip.ISipSession	7	setListener
android.net.sip.ISipSession	8	register
android.net.sip.ISipSession	9	unregister
android.net.sip.ISipSession	10	makeCall
android.net.sip.ISipSession	11	answerCall
android.net.sip.ISipSession	12	endCall
android.net.sip.ISipSession	13	changeCall
android.net.sip.ISipSessionListener	1	onCalling
android.net.sip.ISipSessionListener	2	onRinging
android.net.sip.ISipSessionListener	3	onRingingBack
android.net.sip.ISipSessionListener	4	onCallEstablished
android.net.sip.ISipSessionListener	5	onCallEnded
android.net.sip.ISipSessionListener	6	onCallBusy
android.net.sip.ISipSessionListener	7	onCallTransferring
android.net.sip.ISipSessionListener	8	onError
android.net.sip.ISipSessionListener	9	onCallChangeFailed
android.net.sip.ISipSessionListener	10	onRegistering
android.net.sip.ISipSessionListener	11	onRegistrationDone
android.net.sip.ISipSessionListener	12	onRegistrationFailed
android.net.sip.ISipSessionListener	13	onRegistrationTimeout
android.net.vcn.IVcnManagementService	1	setVcnConfig
android.net.vcn.IVcnManagementService	2	clearVcnConfig
android.net.vcn.IVcnManagementService	3	getConfiguredSubscriptionGroups
android.net.vcn.IVcnManagementService	4	addVcnUnderlyingNetworkPolicyListener
android.net.vcn.IVcnManagementService	5	removeVcnUnderlyingNetworkPolicyListener
android.net.vcn.IVcnManagementService	6	getUnderlyingNetworkPolicy
android.net.vcn.IVcnManagementService	7	registerVcnStatusCallback
android.net.vcn.IVcnManagementService	8	unregisterVcnStatusCallback
android.net.vcn.IVcnStatusCallback	1	onVcnStatusChanged
android.net.vcn.IVcnStatusCallback	2	onGatewayConnectionError
android.net.vcn.IVcnUnderlyingNetworkPolicyListener	1	onPolicyChanged
android.net.wifi.nl80211.IApInterface	1	registerCallback
android.net.wifi.nl80211.IApInterface	2	getInterfaceName
android.net.wifi.nl80211.IApInterfaceEventCallback	1	onConnectedClientsChanged
android.net.wifi.nl80211.IApInterfaceEventCallback	2	onSoftApChannelSwitched
android.net.wifi.nl80211.IClientInterface	1	getPacketCounters
android.net.wifi.nl80211.IClientInterface	2	signalPoll
android.net.wifi.nl80211.IClientInterface	3	getMacAddress
android.net.wifi.nl80211.IClientInterface	4	getInterfaceName
android.net.wifi.nl80211.IClientInterface	5	getWifiScannerImpl
android.net.wifi.nl80211.IClientInterface	6	SendMgmtFrame
android.net.wifi.nl80211.IInterfaceEventCallback	1	OnClientInterfaceReady
android.net.wifi.nl80211.IInterfaceEventCallback	2	OnApInterfaceReady
android.net.wifi.nl80211.IInterfaceEventCallback	3	OnClientTorndownEvent
android.net.wifi.nl80211.IInterfaceEventCallback	4	OnApTorndownEvent
android.net.wifi.nl80211.IPnoScanEvent	1	OnPnoNetworkFound
android.net.wifi.nl80211.IPnoScanEvent	2	OnPnoScanFailed
android.net.wifi.nl80211.IScanEvent	1	OnScanResultReady
android.net.wifi.nl80211.IScanEvent	2	OnScanFailed
android.net.wifi.nl80211.IScanEvent	3	OnScanRequestFailed
android.net.wifi.nl80211.ISendMgmtFrameEvent	1	OnAck
android.net.wifi.nl80211.ISendMgmtFrameEvent	2	OnFailure
android.net.wifi.nl80211.IWifiScannerImpl	1	getScanResults
android.net.wifi.nl80211.IWifiScannerImpl	2	getPnoScanResults
android.net.wifi.nl80211.IWifiScannerImpl	3	getMaxSsidsPerScan
android.net.wifi.nl80211.IWifiScannerImpl	4	scan
android.net.wifi.nl80211.IWifiScannerImpl	5	scanRequest
android.net.wifi.nl80211.IWifiScannerImpl	6	subscribeScanEvents
android.net.wifi.nl80211.IWifiScannerImpl	7	unsubscribeScanEvents
android.net.wifi.nl80211.IWifiScannerImpl	8	subscribePnoScanEvents
android.net.wifi.nl80211.IWifiScannerImpl	9	unsubscribePnoScanEvents
android.net.wifi.nl80211.IWifiScannerImpl	10	startPnoScan
android.net.wifi.nl80211.IWifiScannerImpl	11	stopPnoScan
android.net.wifi.nl80211.IWifiScannerImpl	12	abortScan
android.net.wifi.nl80211.IWificond	1	createApInterface
android.net.wifi.nl80211.IWificond	2	createClientInterface
android.net.wifi.nl80211.IWificond	3	tearDownApInterface
android.net.wifi.nl80211.IWificond	4	tearDownClientInterface
android.net.wifi.nl80211.IWificond	5	tearDownInterfaces
android.net.wifi.nl80211.IWificond	6	GetClientInterfaces
android.net.wifi.nl80211.IWificond	7	GetApInterfaces
android.net.wifi.nl80211.IWificond	8	getAvailable2gChannels
android.net.wifi.nl80211.IWificond	9	getAvailable5gNonDFSChannels
android.net.wifi.nl80211.IWificond	10	getAvailableDFSChannels
android.net.wifi.nl80211.IWificond	11	getAvailable6gChannels
android.net.wifi.nl80211.IWificond	12	getAvailable60gChannels
android.net.wifi.nl80211.IWificond	13	RegisterCallback
android.net.wifi.nl80211.IWificond	14	UnregisterCallback
android.net.wifi.nl80211.IWificond	15	registerWificondEventCallback
android.net.wifi.nl80211.IWificond	16	unregisterWificondEventCallback
android.net.wifi.nl80211.IWificond	17	getDeviceWiphyCapabilities
android.net.wifi.nl80211.IWificond	18	notifyCountryCodeChanged
android.net.wifi.nl80211.IWificondEventCallback	1	OnRegDomainChanged
android.net.wifi.sharedconnectivity.service.ISharedConnectivityCallback	1	onHotspotNetworksUpdated
android.net.wifi.sharedconnectivity.service.ISharedConnectivityCallback	2	onHotspotNetworkConnectionStatusChanged
android.net.wifi.sharedconnectivity.service.ISharedConnectivityCallback	3	onKnownNetworksUpdated
android.net.wifi.sharedconnectivity.service.ISharedConnectivityCallback	4	onKnownNetworkConnectionStatusChanged
android.net.wifi.sharedconnectivity.service.ISharedConnectivityCallback	5	onSharedConnectivitySettingsChanged
android.net.wifi.sharedconnectivity.service.ISharedConnectivityCallback	6	onServiceConnected
android.net.wifi.sharedconnectivity.service.ISharedConnectivityCallback	7	onServiceDisconnected
android.net.wifi.sharedconnectivity.service.ISharedConnectivityService	1	registerCallback
android.net.wifi.sharedconnectivity.service.ISharedConnectivityService	2	unregisterCallback
android.net.wifi.sharedconnectivity.service.ISharedConnectivityService	3	connectHotspotNetwork
android.net.wifi.sharedconnectivity.service.ISharedConnectivityService	4	disconnectHotspotNetwork
android.net.wifi.sharedconnectivity.service.ISharedConnectivityService	5	connectKnownNetwork
android.net.wifi.sharedconnectivity.service.ISharedConnectivityService	6	forgetKnownNetwork
android.net.wifi.sharedconnectivity.service.ISharedConnectivityService	7	getHotspotNetworks
android.net.wifi.sharedconnectivity.service.ISharedConnectivityService	8	getKnownNetworks
android.net.wifi.sharedconnectivity.service.ISharedConnectivityService	9	getSettingsState
android.net.wifi.sharedconnectivity.service.ISharedConnectivityService	10	getHotspotNetworkConnectionStatus
android.net.wifi.sharedconnectivity.service.ISharedConnectivityService	11	getKnownNetworkConnectionStatus
android.os.IBatteryPropertiesRegistrar	1	getProperty
android.os.IBatteryPropertiesRegistrar	2	scheduleUpdate
android.os.ICancellationSignal	1	cancel
android.os.IClientCallback	1	onClients
android.os.IDeviceIdentifiersPolicyService	1	getSerial
android.os.IDeviceIdentifiersPolicyService	2	getSerialForPackage
android.os.IDeviceIdleController	1	addPowerSaveWhitelistApp
android.os.IDeviceIdleController	2	addPowerSaveWhitelistApps
android.os.IDeviceIdleController	3	removePowerSaveWhitelistApp
android.os.IDeviceIdleController	4	removeSystemPowerWhitelistApp
android.os.IDeviceIdleController	5	restoreSystemPowerWhitelistApp
android.os.IDeviceIdleController	6	getRemovedSystemPowerWhitelistApps
android.os.IDeviceIdleController	7	getSystemPowerWhitelistExceptIdle
android.os.IDeviceIdleController	8	getSystemPowerWhitelist
android.os.IDeviceIdleController	9	getUserPowerWhitelist
android.os.IDeviceIdleController	10	getFullPowerWhitelistExceptIdle
android.os.IDeviceIdleController	11	getFullPowerWhitelist
android.os.IDeviceIdleController	12	getAppIdWhitelistExceptIdle
android.os.IDeviceIdleController	13	getAppIdWhitelist
android.os.IDeviceIdleController	14	getAppIdUserWhitelist
android.os.IDeviceIdleController	15	getAppIdTempWhitelist
android.os.IDeviceIdleController	16	isPowerSaveWhitelistExceptIdleApp
android.os.IDeviceIdleController	17	isPowerSaveWhitelistApp
android.os.IDeviceIdleController	18	addPowerSaveTempWhitelistApp
android.os.IDeviceIdleController	19	addPowerSaveTempWhitelistAppForMms
android.os.IDeviceIdleController	20	addPowerSaveTempWhitelistAppForSms
android.os.IDeviceIdleController	21	whitelistAppTemporarily
android.os.IDeviceIdleController	22	exitIdle
android.os.IDumpstate	1	preDumpUiData
android.os.IDumpstate	2	startBugreport
android.os.IDumpstate	3	cancelBugreport
android.os.IDumpstate	4	retrieveBugreport
android.os.IDumpstateListener	1	onProgress
android.os.IDumpstateListener	2	onError
android.os.IDumpstateListener	3	onFinished
android.os.IDumpstateListener	4	onScreenshotTaken
android.os.IDumpstateListener	5	onUiIntensiveBugreportDumpsFinished
android.os.IExternalVibrationController	1	mute
android.os.IExternalVibrationController	2	unmute
android.os.IExternalVibratorService	1	onExternalVibrationStart
android.os.IExternalVibratorService	2	onExternalVibrationStop
android.os.IHardwarePropertiesManager	1	getDeviceTemperatures
android.os.IHardwarePropertiesManager	2	getCpuUsages
android.os.IHardwarePropertiesManager	3	getFanSpeeds
android.os.IHintManager	1	createHintSessionWithConfig
android.os.IHintManager	2	getHintSessionPreferredRate
android.os.IHintManager	3	setHintSessionThreads
android.os.IHintManager	4	getHintSessionThreadIds
android.os.IHintManager	5	getSessionChannel
android.os.IHintManager	6	closeSessionChannel
android.os.IHintManager	7	getCpuHeadroom
android.os.IHintManager	8	getCpuHeadroomMinIntervalMillis
android.os.IHintManager	9	getGpuHeadroom
android.os.IHintManager	10	getGpuHeadroomMinIntervalMillis
android.os.IHintManager	11	getMaxGraphicsPipelineThreadsCount
android.os.IHintManager	12	passSessionManagerBinder
android.os.IHintSession	1	updateTargetWorkDuration
android.os.IHintSession	2	reportActualWorkDuration
android.os.IHintSession	3	close
android.os.IHintSession	4	sendHint
android.os.IHintSession	5	setMode
android.os.IHintSession	6	reportActualWorkDuration2
android.os.IHintSession	7	associateToLayers
android.os.IIdmap2	1	getIdmapPath
android.os.IIdmap2	2	removeIdmap
android.os.IIdmap2	3	verifyIdmap
android.os.IIdmap2	4	createIdmap
android.os.IIdmap2	5	createFabricatedOverlay
android.os.IIdmap2	6	deleteFabricatedOverlay
android.os.IIdmap2	7	acquireFabricatedOverlayIterator
android.os.IIdmap2	8	releaseFabricatedOverlayIterator
android.os.IIdmap2	9	nextFabricatedOverlayInfos
android.os.IIdmap2	10	dumpIdmap
android.os.IIncidentAuthListener	1	onReportApproved
android.os.IIncidentAuthListener	2	onReportDenied
android.os.IIncidentCompanion	1	authorizeReport
android.os.IIncidentCompanion	2	cancelAuthorization
android.os.IIncidentCompanion	3	sendReportReadyBroadcast
android.os.IIncidentCompanion	4	getPendingReports
android.os.IIncidentCompanion	5	approveReport
android.os.IIncidentCompanion	6	denyReport
android.os.IIncidentCompanion	7	getIncidentReportList
android.os.IIncidentCompanion	8	getIncidentReport
android.os.IIncidentCompanion	9	deleteIncidentReports
android.os.IIncidentCompanion	10	deleteAllIncidentReports
android.os.IIncidentDumpCallback	1	onDumpSection
android.os.IIncidentManager	1	reportIncident
android.os.IIncidentManager	2	reportIncidentToStream
android.os.IIncidentManager	3	reportIncidentToDumpstate
android.os.IIncidentManager	4	registerSection
android.os.IIncidentManager	5	unregisterSection
android.os.IIncidentManager	6	systemRunning
android.os.IIncidentManager	7	getIncidentReportList
android.os.IIncidentManager	8	getIncidentReport
android.os.IIncidentManager	9	deleteIncidentReports
android.os.IIncidentManager	10	deleteAllIncidentReports
android.os.IIncidentReportStatusListener	1	onReportStarted
android.os.IIncidentReportStatusListener	2	onReportSectionStatus
android.os.IIncidentReportStatusListener	3	onReportFinished
android.os.IIncidentReportStatusListener	4	onReportFailed
android.os.IInstalld	1	createUserData
android.os.IInstalld	2	destroyUserData
android.os.IInstalld	3	setFirstBoot
android.os.IInstalld	4	createAppData
android.os.IInstalld	5	createAppDataBatched
android.os.IInstalld	6	reconcileSdkData
android.os.IInstalld	7	restoreconAppData
android.os.IInstalld	8	migrateAppData
android.os.IInstalld	9	clearAppData
android.os.IInstalld	10	destroyAppData
android.os.IInstalld	11	fixupAppData
android.os.IInstalld	12	getAppSize
android.os.IInstalld	13	getUserSize
android.os.IInstalld	14	getExternalSize
android.os.IInstalld	15	getAppCrates
android.os.IInstalld	16	getUserCrates
android.os.IInstalld	17	setAppQuota
android.os.IInstalld	18	moveCompleteApp
android.os.IInstalld	19	dexopt
android.os.IInstalld	20	controlDexOptBlocking
android.os.IInstalld	21	rmdex
android.os.IInstalld	22	mergeProfiles
android.os.IInstalld	23	dumpProfiles
android.os.IInstalld	24	copySystemProfile
android.os.IInstalld	25	clearAppProfiles
android.os.IInstalld	26	destroyAppProfiles
android.os.IInstalld	27	deleteReferenceProfile
android.os.IInstalld	28	createProfileSnapshot
android.os.IInstalld	29	destroyProfileSnapshot
android.os.IInstalld	30	rmPackageDir
android.os.IInstalld	31	freeCache
android.os.IInstalld	32	linkNativeLibraryDirectory
android.os.IInstalld	33	createOatDir
android.os.IInstalld	34	linkFile
android.os.IInstalld	35	moveAb
android.os.IInstalld	36	deleteOdex
android.os.IInstalld	37	reconcileSecondaryDexFile
android.os.IInstalld	38	hashSecondaryDexFile
android.os.IInstalld	39	invalidateMounts
android.os.IInstalld	40	isQuotaSupported
android.os.IInstalld	41	prepareAppProfile
android.os.IInstalld	42	snapshotAppData
android.os.IInstalld	43	restoreAppDataSnapshot
android.os.IInstalld	44	destroyAppDataSnapshot
android.os.IInstalld	45	destroyCeSnapshotsNotSpecified
android.os.IInstalld	46	tryMountDataMirror
android.os.IInstalld	47	onPrivateVolumeRemoved
android.os.IInstalld	48	migrateLegacyObbData
android.os.IInstalld	49	cleanupInvalidPackageDirs
android.os.IInstalld	50	getOdexVisibility
android.os.IInstalld	51	createFsveritySetupAuthToken
android.os.IInstalld	52	enableFsverity
android.os.ILogd	1	approve
android.os.ILogd	2	decline
android.os.IMessenger	1	send
android.os.INetworkManagementService	1	registerObserver
android.os.INetworkManagementService	2	unregisterObserver
android.os.INetworkManagementService	3	listInterfaces
android.os.INetworkManagementService	4	getInterfaceConfig
android.os.INetworkManagementService	5	setInterfaceConfig
android.os.INetworkManagementService	6	clearInterfaceAddresses
android.os.INetworkManagementService	7	setInterfaceDown
android.os.INetworkManagementService	8	setInterfaceUp
android.os.INetworkManagementService	9	setInterfaceIpv6PrivacyExtensions
android.os.INetworkManagementService	10	disableIpv6
android.os.INetworkManagementService	11	enableIpv6
android.os.INetworkManagementService	12	setIPv6AddrGenMode
android.os.INetworkManagementService	13	shutdown
android.os.INetworkManagementService	14	setInterfaceQuota
android.os.INetworkManagementService	15	removeInterfaceQuota
android.os.INetworkManagementService	16	setInterfaceAlert
android.os.INetworkManagementService	17	removeInterfaceAlert
android.os.INetworkManagementService	18	setUidOnMeteredNetworkDenylist
android.os.INetworkManagementService	19	setUidOnMeteredNetworkAllowlist
android.os.INetworkManagementService	20	setDataSaverModeEnabled
android.os.INetworkManagementService	21	setUidCleartextNetworkPolicy
android.os.INetworkManagementService	22	isBandwidthControlEnabled
android.os.INetworkManagementService	23	setFirewallEnabled
android.os.INetworkManagementService	24	isFirewallEnabled
android.os.INetworkManagementService	25	setFirewallUidRule
android.os.INetworkManagementService	26	setFirewallUidRules
android.os.INetworkManagementService	27	setFirewallChainEnabled
android.os.INetworkManagementService	28	allowProtect
android.os.INetworkManagementService	29	denyProtect
android.os.INetworkManagementService	30	isNetworkRestricted
android.os.IPermissionController	1	checkPermission
android.os.IPermissionController	2	noteOp
android.os.IPermissionController	3	getPackagesForUid
android.os.IPermissionController	4	isRuntimePermission
android.os.IPermissionController	5	getPackageUid
android.os.IPowerManager	1	acquireWakeLock
android.os.IPowerManager	2	acquireWakeLockWithUid
android.os.IPowerManager	3	releaseWakeLock
android.os.IPowerManager	4	updateWakeLockUids
android.os.IPowerManager	5	setPowerBoost
android.os.IPowerManager	6	setPowerMode
android.os.IPowerManager	7	setPowerModeChecked
android.os.IPowerManager	8	updateWakeLockWorkSource
android.os.IPowerManager	9	updateWakeLockCallback
android.os.IPowerManager	10	isWakeLockLevelSupported
android.os.IPowerManager	11	isWakeLockLevelSupportedWithDisplayId
android.os.IPowerManager	12	userActivity
android.os.IPowerManager	13	wakeUp
android.os.IPowerManager	14	wakeUpWithDisplayId
android.os.IPowerManager	15	goToSleep
android.os.IPowerManager	16	goToSleepWithDisplayId
android.os.IPowerManager	17	nap
android.os.IPowerManager	18	getBrightnessConstraint
android.os.IPowerManager	19	isInteractive
android.os.IPowerManager	20	isDisplayInteractive
android.os.IPowerManager	21	areAutoPowerSaveModesEnabled
android.os.IPowerManager	22	isPowerSaveMode
android.os.IPowerManager	23	getPowerSaveState
android.os.IPowerManager	24	setPowerSaveModeEnabled
android.os.IPowerManager	25	isBatterySaverSupported
android.os.IPowerManager	26	getFullPowerSavePolicy
android.os.IPowerManager	27	setFullPowerSavePolicy
android.os.IPowerManager	28	setDynamicPowerSaveHint
android.os.IPowerManager	29	setAdaptivePowerSavePolicy
android.os.IPowerManager	30	setAdaptivePowerSaveEnabled
android.os.IPowerManager	31	getPowerSaveModeTrigger
android.os.IPowerManager	32	setBatteryDischargePrediction
android.os.IPowerManager	33	getBatteryDischargePrediction
android.os.IPowerManager	34	isBatteryDischargePredictionPersonalized
android.os.IPowerManager	35	isDeviceIdleMode
android.os.IPowerManager	36	isLightDeviceIdleMode
android.os.IPowerManager	37	isLowPowerStandbySupported
android.os.IPowerManager	38	isLowPowerStandbyEnabled
android.os.IPowerManager	39	setLowPowerStandbyEnabled
android.os.IPowerManager	40	setLowPowerStandbyActiveDuringMaintenance
android.os.IPowerManager	41	forceLowPowerStandbyActive
android.os.IPowerManager	42	setLowPowerStandbyPolicy
android.os.IPowerManager	43	getLowPowerStandbyPolicy
android.os.IPowerManager	44	isExemptFromLowPowerStandby
android.os.IPowerManager	45	isReasonAllowedInLowPowerStandby
android.os.IPowerManager	46	isFeatureAllowedInLowPowerStandby
android.os.IPowerManager	47	acquireLowPowerStandbyPorts
android.os.IPowerManager	48	releaseLowPowerStandbyPorts
android.os.IPowerManager	49	getActiveLowPowerStandbyPorts
android.os.IPowerManager	50	reboot
android.os.IPowerManager	51	rebootSafeMode
android.os.IPowerManager	52	shutdown
android.os.IPowerManager	53	crash
android.os.IPowerManager	54	getLastShutdownReason
android.os.IPowerManager	55	getLastSleepReason
android.os.IPowerManager	56	setStayOnSetting
android.os.IPowerManager	57	boostScreenBrightness
android.os.IPowerManager	58	acquireWakeLockAsync
android.os.IPowerManager	59	releaseWakeLockAsync
android.os.IPowerManager	60	updateWakeLockUidsAsync
android.os.IPowerManager	61	isScreenBrightnessBoosted
android.os.IPowerManager	62	setAttentionLight
android.os.IPowerManager	63	setDozeAfterScreenOff
android.os.IPowerManager	64	isAmbientDisplayAvailable
android.os.IPowerManager	65	suppressAmbientDisplay
android.os.IPowerManager	66	isAmbientDisplaySuppressedForToken
android.os.IPowerManager	67	isAmbientDisplaySuppressed
android.os.IPowerManager	68	isAmbientDisplaySuppressedForTokenByApp
android.os.IPowerManager	69	forceSuspend
android.os.IPowerStatsService	1	getSupportedPowerMonitors
android.os.IPowerStatsService	2	getPowerMonitorReadings
android.os.IProcessInfoService	1	getProcessStatesFromPids
android.os.IProcessInfoService	2	getProcessStatesAndOomScoresFromPids
android.os.IProgressListener	1	onStarted
android.os.IProgressListener	2	onProgress
android.os.IProgressListener	3	onFinished
android.os.IRecoverySystem	1	allocateSpaceForUpdate
android.os.IRecoverySystem	2	uncrypt
android.os.IRecoverySystem	3	setupBcb
android.os.IRecoverySystem	4	clearBcb
android.os.IRecoverySystem	5	rebootRecoveryWithCommand
android.os.IRecoverySystem	6	requestLskf
android.os.IRecoverySystem	7	clearLskf
android.os.IRecoverySystem	8	isLskfCaptured
android.os.IRecoverySystem	9	rebootWithLskfAssumeSlotSwitch
android.os.IRecoverySystem	10	rebootWithLskf
android.os.IRecoverySystemProgressListener	1	onProgress
android.os.IRemoteCallback	1	sendResult
android.os.ISchedulingPolicyService	1	requestPriority
android.os.ISchedulingPolicyService	2	requestCpusetBoost
android.os.ISecurityStateManager	1	getGlobalSecurityState
android.os.IServiceCallback	1	onRegistration
android.os.IServiceManager	1	getService
android.os.IServiceManager	2	getService2
android.os.IServiceManager	3	checkService
android.os.IServiceManager	4	addService
android.os.IServiceManager	5	listServices
android.os.IServiceManager	6	registerForNotifications
android.os.IServiceManager	7	unregisterForNotifications
android.os.IServiceManager	8	isDeclared
android.os.IServiceManager	9	getDeclaredInstances
android.os.IServiceManager	10	updatableViaApex
android.os.IServiceManager	11	getUpdatableNames
android.os.IServiceManager	12	getConnectionInfo
android.os.IServiceManager	13	registerClientCallback
android.os.IServiceManager	14	tryUnregisterService
android.os.IServiceManager	15	getServiceDebugInfo
android.os.IStatsBootstrapAtomService	1	reportBootstrapAtom
android.os.IStoraged	1	onUserStarted
android.os.IStoraged	2	onUserStopped
android.os.IStoraged	3	getRecentPerf
android.os.ISystemConfig	1	getDisabledUntilUsedPreinstalledCarrierApps
android.os.ISystemConfig	2	getDisabledUntilUsedPreinstalledCarrierAssociatedApps
android.os.ISystemConfig	3	getDisabledUntilUsedPreinstalledCarrierAssociatedAppEntries
android.os.ISystemConfig	4	getSystemPermissionUids
android.os.ISystemConfig	5	getEnabledComponentOverrides
android.os.ISystemConfig	6	getDefaultVrComponents
android.os.ISystemConfig	7	getPreventUserDisablePackages
android.os.ISystemConfig	8	getEnhancedConfirmationTrustedPackages
android.os.ISystemConfig	9	getEnhancedConfirmationTrustedInstallers
android.os.ISystemUpdateManager	1	retrieveSystemUpdateInfo
android.os.ISystemUpdateManager	2	updateSystemUpdateInfo
android.os.IThermalEventListener	1	notifyThrottling
android.os.IThermalHeadroomListener	1	onHeadroomChange
android.os.IThermalService	1	registerThermalEventListener
android.os.IThermalService	2	registerThermalEventListenerWithType
android.os.IThermalService	3	unregisterThermalEventListener
android.os.IThermalService	4	getCurrentTemperatures
android.os.IThermalService	5	getCurrentTemperaturesWithType
android.os.IThermalService	6	registerThermalStatusListener
android.os.IThermalService	7	unregisterThermalStatusListener
android.os.IThermalService	8	getCurrentThermalStatus
android.os.IThermalService	9	getCurrentCoolingDevices
android.os.IThermalService	10	getCurrentCoolingDevicesWithType
android.os.IThermalService	11	getThermalHeadroom
android.os.IThermalService	12	getThermalHeadroomThresholds
android.os.IThermalService	13	registerThermalHeadroomListener
android.os.IThermalService	14	unregisterThermalHeadroomListener
android.os.IThermalStatusListener	1	onStatusChange
android.os.ITradeInMode	1	start
android.os.ITradeInMode	2	isEvaluationModeAllowed
android.os.ITradeInMode	3	enterEvaluationMode
android.os.IUpdateEngine	1	applyPayload
android.os.IUpdateEngine	2	applyPayloadFd
android.os.IUpdateEngine	3	bind
android.os.IUpdateEngine	4	unbind
android.os.IUpdateEngine	5	suspend
android.os.IUpdateEngine	6	resume
android.os.IUpdateEngine	7	cancel
android.os.IUpdateEngine	8	resetStatus
android.os.IUpdateEngine	9	setShouldSwitchSlotOnReboot
android.os.IUpdateEngine	10	resetShouldSwitchSlotOnReboot
android.os.IUpdateEngine	11	verifyPayloadApplicable
android.os.IUpdateEngine	12	allocateSpaceForPayload
android.os.IUpdateEngine	13	cleanupSuccessfulUpdate
android.os.IUpdateEngine	14	triggerPostinstall
android.os.IUpdateEngineCallback	1	onStatusUpdate
android.os.IUpdateEngineCallback	2	onPayloadApplicationComplete
android.os.IUpdateEngineStable	1	applyPayloadFd
android.os.IUpdateEngineStable	2	bind
android.os.IUpdateEngineStable	3	unbind
android.os.IUpdateEngineStable	16777214	getInterfaceHash
android.os.IUpdateEngineStable	16777215	getInterfaceVersion
android.os.IUpdateEngineStableCallback	1	onStatusUpdate
android.os.IUpdateEngineStableCallback	2	onPayloadApplicationComplete
android.os.IUpdateEngineStableCallback	16777214	getInterfaceHash
android.os.IUpdateEngineStableCallback	16777215	getInterfaceVersion
android.os.IUpdateLock	1	acquireUpdateLock
android.os.IUpdateLock	2	releaseUpdateLock
android.os.IUserManager	1	getCredentialOwnerProfile
android.os.IUserManager	2	getProfileParentId
android.os.IUserManager	3	createUserWithThrow
android.os.IUserManager	4	preCreateUserWithThrow
android.os.IUserManager	5	createProfileForUserWithThrow
android.os.IUserManager	6	createRestrictedProfileWithThrow
android.os.IUserManager	7	getPreInstallableSystemPackages
android.os.IUserManager	8	setUserEnabled
android.os.IUserManager	9	setUserAdmin
android.os.IUserManager	10	revokeUserAdmin
android.os.IUserManager	11	evictCredentialEncryptionKey
android.os.IUserManager	12	removeUser
android.os.IUserManager	13	removeUserEvenWhenDisallowed
android.os.IUserManager	14	setUserName
android.os.IUserManager	15	setUserIcon
android.os.IUserManager	16	getUserIcon
android.os.IUserManager	17	getPrimaryUser
android.os.IUserManager	18	getMainUserId
android.os.IUserManager	19	getCommunalProfileId
android.os.IUserManager	20	getPreviousFullUserToEnterForeground
android.os.IUserManager	21	getUsers
android.os.IUserManager	22	getProfiles
android.os.IUserManager	23	getProfileIds
android.os.IUserManager	24	isUserTypeEnabled
android.os.IUserManager	25	canAddMoreUsersOfType
android.os.IUserManager	26	getRemainingCreatableUserCount
android.os.IUserManager	27	getRemainingCreatableProfileCount
android.os.IUserManager	28	canAddMoreProfilesToUser
android.os.IUserManager	29	canAddMoreManagedProfiles
android.os.IUserManager	30	getProfileParent
android.os.IUserManager	31	isSameProfileGroup
android.os.IUserManager	32	isHeadlessSystemUserMode
android.os.IUserManager	33	isUserOfType
android.os.IUserManager	34	getUserInfo
android.os.IUserManager	35	getUserPropertiesCopy
android.os.IUserManager	36	getUserAccount
android.os.IUserManager	37	setUserAccount
android.os.IUserManager	38	getUserCreationTime
android.os.IUserManager	39	getUserSwitchability
android.os.IUserManager	40	isUserSwitcherEnabled
android.os.IUserManager	41	isRestricted
android.os.IUserManager	42	canHaveRestrictedProfile
android.os.IUserManager	43	canAddPrivateProfile
android.os.IUserManager	44	getUserSerialNumber
android.os.IUserManager	45	getUserHandle
android.os.IUserManager	46	getUserRestrictionSource
android.os.IUserManager	47	getUserRestrictionSources
android.os.IUserManager	48	getUserRestrictions
android.os.IUserManager	49	hasBaseUserRestriction
android.os.IUserManager	50	hasUserRestriction
android.os.IUserManager	51	hasUserRestrictionOnAnyUser
android.os.IUserManager	52	isSettingRestrictedForUser
android.os.IUserManager	53	addUserRestrictionsListener
android.os.IUserManager	54	setUserRestriction
android.os.IUserManager	55	setApplicationRestrictions
android.os.IUserManager	56	getApplicationRestrictions
android.os.IUserManager	57	getApplicationRestrictionsForUser
android.os.IUserManager	58	setDefaultGuestRestrictions
android.os.IUserManager	59	getDefaultGuestRestrictions
android.os.IUserManager	60	removeUserWhenPossible
android.os.IUserManager	61	markGuestForDeletion
android.os.IUserManager	62	getGuestUsers
android.os.IUserManager	63	isQuietModeEnabled
android.os.IUserManager	64	createUserWithAttributes
android.os.IUserManager	65	setSeedAccountData
android.os.IUserManager	66	getSeedAccountName
android.os.IUserManager	67	getSeedAccountType
android.os.IUserManager	68	getSeedAccountOptions
android.os.IUserManager	69	clearSeedAccountData
android.os.IUserManager	70	someUserHasSeedAccount
android.os.IUserManager	71	someUserHasAccount
android.os.IUserManager	72	getProfileType
android.os.IUserManager	73	isDemoUser
android.os.IUserManager	74	isAdminUser
android.os.IUserManager	75	isPreCreated
android.os.IUserManager	76	createProfileForUserEvenWhenDisallowedWithThrow
android.os.IUserManager	77	isUserUnlockingOrUnlocked
android.os.IUserManager	78	getUserIconBadgeResId
android.os.IUserManager	79	getUserBadgeResId
android.os.IUserManager	80	getUserBadgeNoBackgroundResId
android.os.IUserManager	81	getUserBadgeLabelResId
android.os.IUserManager	82	getUserBadgeColorResId
android.os.IUserManager	83	getUserBadgeDarkColorResId
android.os.IUserManager	84	getUserStatusBarIconResId
android.os.IUserManager	85	hasBadge
android.os.IUserManager	86	getProfileLabelResId
android.os.IUserManager	87	getProfileAccessibilityLabelResId
android.os.IUserManager	88	isUserUnlocked
android.os.IUserManager	89	isUserRunning
android.os.IUserManager	90	isUserForeground
android.os.IUserManager	91	isUserVisible
android.os.IUserManager	92	getVisibleUsers
android.os.IUserManager	93	getMainDisplayIdAssignedToUser
android.os.IUserManager	94	isForegroundUserAdmin
android.os.IUserManager	95	isUserNameSet
android.os.IUserManager	96	hasRestrictedProfiles
android.os.IUserManager	97	requestQuietModeEnabled
android.os.IUserManager	98	getUserName
android.os.IUserManager	99	getUserStartRealtime
android.os.IUserManager	100	getUserUnlockRealtime
android.os.IUserManager	101	setUserEphemeral
android.os.IUserManager	102	setBootUser
android.os.IUserManager	103	getBootUser
android.os.IUserManager	104	getProfileIdsExcludingHidden
android.os.IUserRestrictionsListener	1	onUserRestrictionsChanged
android.os.IVibratorManagerService	1	getVibratorIds
android.os.IVibratorManagerService	2	getCapabilities
android.os.IVibratorManagerService	3	getVibratorInfo
android.os.IVibratorManagerService	4	isVibrating
android.os.IVibratorManagerService	5	registerVibratorStateListener
android.os.IVibratorManagerService	6	unregisterVibratorStateListener
android.os.IVibratorManagerService	7	setAlwaysOnEffect
android.os.IVibratorManagerService	8	vibrate
android.os.IVibratorManagerService	9	cancelVibrate
android.os.IVibratorManagerService	10	performHapticFeedback
android.os.IVibratorManagerService	11	performHapticFeedbackForInputDevice
android.os.IVibratorManagerService	12	startVendorVibrationSession
android.os.IVibratorStateListener	1	onVibrating
android.os.IVold	1	setListener
android.os.IVold	2	abortFuse
android.os.IVold	3	monitor
android.os.IVold	4	reset
android.os.IVold	5	shutdown
android.os.IVold	6	onUserAdded
android.os.IVold	7	onUserRemoved
android.os.IVold	8	onUserStarted
android.os.IVold	9	onUserStopped
android.os.IVold	10	addAppIds
android.os.IVold	11	addSandboxIds
android.os.IVold	12	onSecureKeyguardStateChanged
android.os.IVold	13	partition
android.os.IVold	14	forgetPartition
android.os.IVold	15	mount
android.os.IVold	16	unmount
android.os.IVold	17	format
android.os.IVold	18	benchmark
android.os.IVold	19	moveStorage
android.os.IVold	20	remountUid
android.os.IVold	21	remountAppStorageDirs
android.os.IVold	22	unmountAppStorageDirs
android.os.IVold	23	setupAppDir
android.os.IVold	24	fixupAppDir
android.os.IVold	25	ensureAppDirsCreated
android.os.IVold	26	createObb
android.os.IVold	27	destroyObb
android.os.IVold	28	fstrim
android.os.IVold	29	runIdleMaint
android.os.IVold	30	abortIdleMaint
android.os.IVold	31	getStorageLifeTime
android.os.IVold	32	setGCUrgentPace
android.os.IVold	33	refreshLatestWrite
android.os.IVold	34	getWriteAmount
android.os.IVold	35	mountAppFuse
android.os.IVold	36	unmountAppFuse
android.os.IVold	37	fbeEnable
android.os.IVold	38	initUser0
android.os.IVold	39	mountFstab
android.os.IVold	40	encryptFstab
android.os.IVold	41	setStorageBindingSeed
android.os.IVold	42	createUserStorageKeys
android.os.IVold	43	destroyUserStorageKeys
android.os.IVold	44	setCeStorageProtection
android.os.IVold	45	getUnlockedUsers
android.os.IVold	46	unlockCeStorage
android.os.IVold	47	lockCeStorage
android.os.IVold	48	prepareUserStorage
android.os.IVold	49	destroyUserStorage
android.os.IVold	50	prepareSandboxForApp
android.os.IVold	51	destroySandboxForApp
android.os.IVold	52	startCheckpoint
android.os.IVold	53	needsCheckpoint
android.os.IVold	54	needsRollback
android.os.IVold	55	isCheckpointing
android.os.IVold	56	abortChanges
android.os.IVold	57	commitChanges
android.os.IVold	58	prepareCheckpoint
android.os.IVold	59	restoreCheckpoint
android.os.IVold	60	restoreCheckpointPart
android.os.IVold	61	markBootAttempt
android.os.IVold	62	supportsCheckpoint
android.os.IVold	63	supportsBlockCheckpoint
android.os.IVold	64	supportsFileCheckpoint
android.os.IVold	65	resetCheckpoint
android.os.IVold	66	earlyBootEnded
android.os.IVold	67	createStubVolume
android.os.IVold	68	destroyStubVolume
android.os.IVold	69	openAppFuseFile
android.os.IVold	70	incFsEnabled
android.os.IVold	71	mountIncFs
android.os.IVold	72	unmountIncFs
android.os.IVold	73	setIncFsMountOptions
android.os.IVold	74	bindMount
android.os.IVold	75	destroyDsuMetadataKey
android.os.IVold	76	getStorageSize
android.os.IVold	77	getStorageRemainingLifetime
android.os.IVoldListener	1	onDiskCreated
android.os.IVoldListener	2	onDiskScanned
android.os.IVoldListener	3	onDiskMetadataChanged
android.os.IVoldListener	4	onDiskDestroyed
android.os.IVoldListener	5	onVolumeCreated
android.os.IVoldListener	6	onVolumeStateChanged
android.os.IVoldListener	7	onVolumeMetadataChanged
android.os.IVoldListener	8	onVolumePathChanged
android.os.IVoldListener	9	onVolumeInternalPathChanged
android.os.IVoldListener	10	onVolumeDestroyed
android.os.IVoldMountCallback	1	onVolumeChecking
android.os.IVoldTaskListener	1	onStatus
android.os.IVoldTaskListener	2	onFinished
android.os.IWakeLockCallback	1	onStateChanged
android.os.image.IDynamicSystemService	1	startInstallation
android.os.image.IDynamicSystemService	2	createPartition
android.os.image.IDynamicSystemService	3	closePartition
android.os.image.IDynamicSystemService	4	finishInstallation
android.os.image.IDynamicSystemService	5	getInstallationProgress
android.os.image.IDynamicSystemService	6	abort
android.os.image.IDynamicSystemService	7	isInUse
android.os.image.IDynamicSystemService	8	isInstalled
android.os.image.IDynamicSystemService	9	isEnabled
android.os.image.IDynamicSystemService	10	remove
android.os.image.IDynamicSystemService	11	setEnable
android.os.image.IDynamicSystemService	12	setAshmem
android.os.image.IDynamicSystemService	13	submitFromAshmem
android.os.image.IDynamicSystemService	14	getAvbPublicKey
android.os.image.IDynamicSystemService	15	suggestScratchSize
android.os.image.IDynamicSystemService	16	getActiveDsuSlot
android.os.incremental.IIncrementalService	1	openStorage
android.os.incremental.IIncrementalService	2	createStorage
android.os.incremental.IIncrementalService	3	createLinkedStorage
android.os.incremental.IIncrementalService	4	startLoading
android.os.incremental.IIncrementalService	5	onInstallationComplete
android.os.incremental.IIncrementalService	6	makeBindMount
android.os.incremental.IIncrementalService	7	deleteBindMount
android.os.incremental.IIncrementalService	8	makeDirectory
android.os.incremental.IIncrementalService	9	makeDirectories
android.os.incremental.IIncrementalService	10	makeFile
android.os.incremental.IIncrementalService	11	makeFileFromRange
android.os.incremental.IIncrementalService	12	makeLink
android.os.incremental.IIncrementalService	13	unlink
android.os.incremental.IIncrementalService	14	isFileFullyLoaded
android.os.incremental.IIncrementalService	15	isFullyLoaded
android.os.incremental.IIncrementalService	16	getLoadingProgress
android.os.incremental.IIncrementalService	17	getMetadataByPath
android.os.incremental.IIncrementalService	18	getMetadataById
android.os.incremental.IIncrementalService	19	deleteStorage
android.os.incremental.IIncrementalService	20	disallowReadLogs
android.os.incremental.IIncrementalService	21	configureNativeBinaries
android.os.incremental.IIncrementalService	22	waitForNativeBinariesExtraction
android.os.incremental.IIncrementalService	23	registerLoadingProgressListener
android.os.incremental.IIncrementalService	24	unregisterLoadingProgressListener
android.os.incremental.IIncrementalService	25	getMetrics
android.os.incremental.IIncrementalServiceConnector	1	setStorageParams
android.os.incremental.IStorageHealthListener	1	onHealthStatus
android.os.incremental.IStorageLoadingProgressListener	1	onStorageLoadingProgressChanged
android.os.instrumentation.IDynamicInstrumentationManager	1	getExecutableMethodFileOffsets
android.os.instrumentation.IOffsetCallback	1	onResult
android.os.logcat.ILogcatManagerService	1	startThread
android.os.logcat.ILogcatManagerService	2	finishThread
android.os.storage.IObbActionListener	1	onObbResult
android.os.storage.IStorageEventListener	1	onUsbMassStorageConnectionChanged
android.os.storage.IStorageEventListener	2	onStorageStateChanged
android.os.storage.IStorageEventListener	3	onVolumeStateChanged
android.os.storage.IStorageEventListener	4	onVolumeRecordChanged
android.os.storage.IStorageEventListener	5	onVolumeForgotten
android.os.storage.IStorageEventListener	6	onDiskScanned
android.os.storage.IStorageEventListener	7	onDiskDestroyed
android.os.storage.IStorageManager	1	registerListener
android.os.storage.IStorageManager	2	unregisterListener
android.os.storage.IStorageManager	20	shutdown
android.os.storage.IStorageManager	22	mountObb
android.os.storage.IStorageManager	23	unmountObb
android.os.storage.IStorageManager	24	isObbMounted
android.os.storage.IStorageManager	25	getMountedObbPath
android.os.storage.IStorageManager	30	getVolumeList
android.os.storage.IStorageManager	35	mkdirs
android.os.storage.IStorageManager	42	lastMaintenance
android.os.storage.IStorageManager	43	runMaintenance
android.os.storage.IStorageManager	45	getDisks
android.os.storage.IStorageManager	46	getVolumes
android.os.storage.IStorageManager	47	getVolumeRecords
android.os.storage.IStorageManager	48	mount
android.os.storage.IStorageManager	49	unmount
android.os.storage.IStorageManager	50	format
android.os.storage.IStorageManager	51	partitionPublic
android.os.storage.IStorageManager	52	partitionPrivate
android.os.storage.IStorageManager	53	partitionMixed
android.os.storage.IStorageManager	54	setVolumeNickname
android.os.storage.IStorageManager	55	setVolumeUserFlags
android.os.storage.IStorageManager	56	forgetVolume
android.os.storage.IStorageManager	57	forgetAllVolumes
android.os.storage.IStorageManager	58	getPrimaryStorageUuid
android.os.storage.IStorageManager	59	setPrimaryStorageUuid
android.os.storage.IStorageManager	60	benchmark
android.os.storage.IStorageManager	61	setDebugFlags
android.os.storage.IStorageManager	62	createUserStorageKeys
android.os.storage.IStorageManager	63	destroyUserStorageKeys
android.os.storage.IStorageManager	64	unlockCeStorage
android.os.storage.IStorageManager	65	lockCeStorage
android.os.storage.IStorageManager	66	isCeStorageUnlocked
android.os.storage.IStorageManager	67	prepareUserStorage
android.os.storage.IStorageManager	68	destroyUserStorage
android.os.storage.IStorageManager	71	setCeStorageProtection
android.os.storage.IStorageManager	73	fstrim
android.os.storage.IStorageManager	74	mountProxyFileDescriptorBridge
android.os.storage.IStorageManager	75	openProxyFileDescriptor
android.os.storage.IStorageManager	76	getCacheQuotaBytes
android.os.storage.IStorageManager	77	getCacheSizeBytes
android.os.storage.IStorageManager	78	getAllocatableBytes
android.os.storage.IStorageManager	79	allocateBytes
android.os.storage.IStorageManager	80	runIdleMaintenance
android.os.storage.IStorageManager	81	abortIdleMaintenance
android.os.storage.IStorageManager	84	commitChanges
android.os.storage.IStorageManager	85	supportsCheckpoint
android.os.storage.IStorageManager	86	startCheckpoint
android.os.storage.IStorageManager	87	needsCheckpoint
android.os.storage.IStorageManager	88	abortChanges
android.os.storage.IStorageManager	90	fixupAppDir
android.os.storage.IStorageManager	91	disableAppDataIsolation
android.os.storage.IStorageManager	92	getManageSpaceActivityIntent
android.os.storage.IStorageManager	93	notifyAppIoBlocked
android.os.storage.IStorageManager	94	notifyAppIoResumed
android.os.storage.IStorageManager	95	getExternalStorageMountMode
android.os.storage.IStorageManager	96	isAppIoBlocked
android.os.storage.IStorageManager	97	setCloudMediaProvider
android.os.storage.IStorageManager	98	getCloudMediaProvider
android.os.storage.IStorageManager	99	getInternalStorageBlockDeviceSize
android.os.storage.IStorageManager	100	getInternalStorageRemainingLifetime
android.os.storage.IStorageShutdownObserver	1	onShutDownComplete
android.os.vibrator.IVibrationSession	1	vibrate
android.os.vibrator.IVibrationSession	2	finishSession
android.os.vibrator.IVibrationSession	3	cancelSession
android.os.vibrator.IVibrationSessionCallback	1	onStarted
android.os.vibrator.IVibrationSessionCallback	2	onFinishing
android.os.vibrator.IVibrationSessionCallback	3	onFinished
android.permission.ILegacyPermissionManager	1	checkDeviceIdentifierAccess
android.permission.ILegacyPermissionManager	2	checkPhoneNumberAccess
android.permission.ILegacyPermissionManager	3	grantDefaultPermissionsToEnabledCarrierApps
android.permission.ILegacyPermissionManager	4	grantDefaultPermissionsToEnabledImsServices
android.permission.ILegacyPermissionManager	5	grantDefaultPermissionsToEnabledTelephonyDataServices
android.permission.ILegacyPermissionManager	6	revokeDefaultPermissionsFromDisabledTelephonyDataServices
android.permission.ILegacyPermissionManager	7	grantDefaultPermissionsToActiveLuiApp
android.permission.ILegacyPermissionManager	8	revokeDefaultPermissionsFromLuiApps
android.permission.ILegacyPermissionManager	9	grantDefaultPermissionsToCarrierServiceApp
android.permission.IOnPermissionsChangeListener	1	onPermissionsChanged
android.permission.IPermissionChecker	1	checkPermission
android.permission.IPermissionChecker	2	finishDataDelivery
android.permission.IPermissionChecker	3	checkOp
android.permission.IPermissionController	1	revokeRuntimePermissions
android.permission.IPermissionController	2	getRuntimePermissionBackup
android.permission.IPermissionController	3	stageAndApplyRuntimePermissionsBackup
android.permission.IPermissionController	4	applyStagedRuntimePermissionBackup
android.permission.IPermissionController	5	getAppPermissions
android.permission.IPermissionController	6	revokeRuntimePermission
android.permission.IPermissionController	7	countPermissionApps
android.permission.IPermissionController	8	getPermissionUsages
android.permission.IPermissionController	9	setRuntimePermissionGrantStateByDeviceAdminFromParams
android.permission.IPermissionController	10	grantOrUpgradeDefaultRuntimePermissions
android.permission.IPermissionController	11	notifyOneTimePermissionSessionTimeout
android.permission.IPermissionController	12	updateUserSensitiveForApp
android.permission.IPermissionController	13	getPrivilegesDescriptionStringForProfile
android.permission.IPermissionController	14	getPlatformPermissionsForGroup
android.permission.IPermissionController	15	getGroupOfPlatformPermission
android.permission.IPermissionController	16	getUnusedAppCount
android.permission.IPermissionController	17	getHibernationEligibility
android.permission.IPermissionController	18	revokeSelfPermissionsOnKill
android.permission.IPermissionManager	1	getAllPermissionGroups
android.permission.IPermissionManager	2	getPermissionGroupInfo
android.permission.IPermissionManager	3	getPermissionInfo
android.permission.IPermissionManager	4	queryPermissionsByGroup
android.permission.IPermissionManager	5	addPermission
android.permission.IPermissionManager	6	removePermission
android.permission.IPermissionManager	7	getPermissionFlags
android.permission.IPermissionManager	8	updatePermissionFlags
android.permission.IPermissionManager	9	updatePermissionFlagsForAllApps
android.permission.IPermissionManager	10	addOnPermissionsChangeListener
android.permission.IPermissionManager	11	removeOnPermissionsChangeListener
android.permission.IPermissionManager	12	getAllowlistedRestrictedPermissions
android.permission.IPermissionManager	13	addAllowlistedRestrictedPermission
android.permission.IPermissionManager	14	removeAllowlistedRestrictedPermission
android.permission.IPermissionManager	15	grantRuntimePermission
android.permission.IPermissionManager	16	revokeRuntimePermission
android.permission.IPermissionManager	17	revokePostNotificationPermissionWithoutKillForTest
android.permission.IPermissionManager	18	shouldShowRequestPermissionRationale
android.permission.IPermissionManager	19	isPermissionRevokedByPolicy
android.permission.IPermissionManager	20	getSplitPermissions
android.permission.IPermissionManager	21	startOneTimePermissionSession
android.permission.IPermissionManager	22	stopOneTimePermissionSession
android.permission.IPermissionManager	23	getAutoRevokeExemptionRequestedPackages
android.permission.IPermissionManager	24	getAutoRevokeExemptionGrantedPackages
android.permission.IPermissionManager	25	setAutoRevokeExempted
android.permission.IPermissionManager	26	isAutoRevokeExempted
android.permission.IPermissionManager	27	registerAttributionSource
android.permission.IPermissionManager	28	getRegisteredAttributionSourceCount
android.permission.IPermissionManager	29	isRegisteredAttributionSource
android.permission.IPermissionManager	30	checkPermission
android.permission.IPermissionManager	31	checkUidPermission
android.permission.IPermissionManager	32	getAllPermissionStates
android.print.ILayoutResultCallback	1	onLayoutStarted
android.print.ILayoutResultCallback	2	onLayoutFinished
android.print.ILayoutResultCallback	3	onLayoutFailed
android.print.ILayoutResultCallback	4	onLayoutCanceled
android.print.IPrintDocumentAdapter	1	setObserver
android.print.IPrintDocumentAdapter	2	start
android.print.IPrintDocumentAdapter	3	layout
android.print.IPrintDocumentAdapter	4	write
android.print.IPrintDocumentAdapter	5	finish
android.print.IPrintDocumentAdapterObserver	1	onDestroy
android.print.IPrintJobStateChangeListener	1	onPrintJobStateChanged
android.print.IPrintManager	1	getPrintJobInfos
android.print.IPrintManager	2	getPrintJobInfo
android.print.IPrintManager	3	print
android.print.IPrintManager	4	cancelPrintJob
android.print.IPrintManager	5	restartPrintJob
android.print.IPrintManager	6	addPrintJobStateChangeListener
android.print.IPrintManager	7	removePrintJobStateChangeListener
android.print.IPrintManager	8	addPrintServicesChangeListener
android.print.IPrintManager	9	removePrintServicesChangeListener
android.print.IPrintManager	10	getPrintServices
android.print.IPrintManager	11	setPrintServiceEnabled
android.print.IPrintManager	12	isPrintServiceEnabled
android.print.IPrintManager	13	addPrintServiceRecommendationsChangeListener
android.print.IPrintManager	14	removePrintServiceRecommendationsChangeListener
android.print.IPrintManager	15	getPrintServiceRecommendations
android.print.IPrintManager	16	createPrinterDiscoverySession
android.print.IPrintManager	17	startPrinterDiscovery
android.print.IPrintManager	18	stopPrinterDiscovery
android.print.IPrintManager	19	validatePrinters
android.print.IPrintManager	20	startPrinterStateTracking
android.print.IPrintManager	21	getCustomPrinterIcon
android.print.IPrintManager	22	stopPrinterStateTracking
android.print.IPrintManager	23	destroyPrinterDiscoverySession
android.print.IPrintManager	24	getBindInstantServiceAllowed
android.print.IPrintManager	25	setBindInstantServiceAllowed
android.print.IPrintServicesChangeListener	1	onPrintServicesChanged
android.print.IPrintSpooler	1	removeObsoletePrintJobs
android.print.IPrintSpooler	2	getPrintJobInfos
android.print.IPrintSpooler	3	getPrintJobInfo
android.print.IPrintSpooler	4	createPrintJob
android.print.IPrintSpooler	5	setPrintJobState
android.print.IPrintSpooler	6	setProgress
android.print.IPrintSpooler	7	setStatus
android.print.IPrintSpooler	8	setStatusRes
android.print.IPrintSpooler	9	onCustomPrinterIconLoaded
android.print.IPrintSpooler	10	getCustomPrinterIcon
android.print.IPrintSpooler	11	clearCustomPrinterIconCache
android.print.IPrintSpooler	12	setPrintJobTag
android.print.IPrintSpooler	13	writePrintJobData
android.print.IPrintSpooler	14	setClient
android.print.IPrintSpooler	15	setPrintJobCancelling
android.print.IPrintSpooler	16	pruneApprovedPrintServices
android.print.IPrintSpoolerCallbacks	1	onGetPrintJobInfosResult
android.print.IPrintSpoolerCallbacks	2	onCancelPrintJobResult
android.print.IPrintSpoolerCallbacks	3	onSetPrintJobStateResult
android.print.IPrintSpoolerCallbacks	4	onSetPrintJobTagResult
android.print.IPrintSpoolerCallbacks	5	onGetPrintJobInfoResult
android.print.IPrintSpoolerCallbacks	6	onGetCustomPrinterIconResult
android.print.IPrintSpoolerCallbacks	7	onCustomPrinterIconCached
android.print.IPrintSpoolerCallbacks	8	customPrinterIconCacheCleared
android.print.IPrintSpoolerClient	1	onPrintJobQueued
android.print.IPrintSpoolerClient	2	onAllPrintJobsForServiceHandled
android.print.IPrintSpoolerClient	3	onAllPrintJobsHandled
android.print.IPrintSpoolerClient	4	onPrintJobStateChanged
android.print.IPrinterDiscoveryObserver	1	onPrintersAdded
android.print.IPrinterDiscoveryObserver	2	onPrintersRemoved
android.print.IWriteResultCallback	1	onWriteStarted
android.print.IWriteResultCallback	2	onWriteFinished
android.print.IWriteResultCallback	3	onWriteFailed
android.print.IWriteResultCallback	4	onWriteCanceled
android.printservice.IPrintService	1	setClient
android.printservice.IPrintService	2	requestCancelPrintJob
android.printservice.IPrintService	3	onPrintJobQueued
android.printservice.IPrintService	4	createPrinterDiscoverySession
android.printservice.IPrintService	5	startPrinterDiscovery
android.printservice.IPrintService	6	stopPrinterDiscovery
android.printservice.IPrintService	7	validatePrinters
android.printservice.IPrintService	8	startPrinterStateTracking
android.printservice.IPrintService	9	requestCustomPrinterIcon
android.printservice.IPrintService	10	stopPrinterStateTracking
android.printservice.IPrintService	11	destroyPrinterDiscoverySession
android.printservice.IPrintServiceClient	1	getPrintJobInfos
android.printservice.IPrintServiceClient	2	getPrintJobInfo
android.printservice.IPrintServiceClient	3	setPrintJobState
android.printservice.IPrintServiceClient	4	setPrintJobTag
android.printservice.IPrintServiceClient	5	writePrintJobData
android.printservice.IPrintServiceClient	6	setProgress
android.printservice.IPrintServiceClient	7	setStatus
android.printservice.IPrintServiceClient	8	setStatusRes
android.printservice.IPrintServiceClient	9	onPrintersAdded
android.printservice.IPrintServiceClient	10	onPrintersRemoved
android.printservice.IPrintServiceClient	11	onCustomPrinterIconLoaded
android.printservice.recommendation.IRecommendationService	1	registerCallbacks
android.printservice.recommendation.IRecommendationServiceCallbacks	1	onRecommendationsUpdated
android.printservice.recommendation.IRecommendationsChangeListener	1	onRecommendationsChanged
android.se.omapi.ISecureElementChannel	1	close
android.se.omapi.ISecureElementChannel	2	isClosed
android.se.omapi.ISecureElementChannel	3	isBasicChannel
android.se.omapi.ISecureElementChannel	4	getSelectResponse
android.se.omapi.ISecureElementChannel	5	transmit
android.se.omapi.ISecureElementChannel	6	selectNext
android.se.omapi.ISecureElementChannel	16777214	getInterfaceHash
android.se.omapi.ISecureElementChannel	16777215	getInterfaceVersion
android.se.omapi.ISecureElementListener	16777214	getInterfaceHash
android.se.omapi.ISecureElementListener	16777215	getInterfaceVersion
android.se.omapi.ISecureElementReader	1	isSecureElementPresent
android.se.omapi.ISecureElementReader	2	openSession
android.se.omapi.ISecureElementReader	3	closeSessions
android.se.omapi.ISecureElementReader	4	reset
android.se.omapi.ISecureElementReader	16777214	getInterfaceHash
android.se.omapi.ISecureElementReader	16777215	getInterfaceVersion
android.se.omapi.ISecureElementService	1	getReaders
android.se.omapi.ISecureElementService	2	getReader
android.se.omapi.ISecureElementService	3	isNfcEventAllowed
android.se.omapi.ISecureElementService	16777214	getInterfaceHash
android.se.omapi.ISecureElementService	16777215	getInterfaceVersion
android.se.omapi.ISecureElementSession	1	getAtr
android.se.omapi.ISecureElementSession	2	close
android.se.omapi.ISecureElementSession	3	closeChannels
android.se.omapi.ISecureElementSession	4	isClosed
android.se.omapi.ISecureElementSession	5	openBasicChannel
android.se.omapi.ISecureElementSession	6	openLogicalChannel
android.se.omapi.ISecureElementSession	16777214	getInterfaceHash
android.se.omapi.ISecureElementSession	16777215	getInterfaceVersion
android.security.IFileIntegrityService	1	isApkVeritySupported
android.security.IFileIntegrityService	2	isAppSourceCertificateTrusted
android.security.IFileIntegrityService	3	createAuthToken
android.security.IFileIntegrityService	4	setupFsverity
android.security.IKeyChainAliasCallback	1	alias
android.security.IKeyChainService	1	requestPrivateKey
android.security.IKeyChainService	2	getCertificate
android.security.IKeyChainService	3	getCaCertificates
android.security.IKeyChainService	4	isUserSelectable
android.security.IKeyChainService	5	setUserSelectable
android.security.IKeyChainService	6	generateKeyPair
android.security.IKeyChainService	7	setKeyPairCertificate
android.security.IKeyChainService	8	installCaCertificate
android.security.IKeyChainService	9	installKeyPair
android.security.IKeyChainService	10	removeKeyPair
android.security.IKeyChainService	11	containsKeyPair
android.security.IKeyChainService	12	getGrants
android.security.IKeyChainService	13	deleteCaCertificate
android.security.IKeyChainService	14	reset
android.security.IKeyChainService	15	getUserCaAliases
android.security.IKeyChainService	16	getSystemCaAliases
android.security.IKeyChainService	17	containsCaAlias
android.security.IKeyChainService	18	getEncodedCaCertificate
android.security.IKeyChainService	19	getCaCertificateChainAliases
android.security.IKeyChainService	20	setCredentialManagementApp
android.security.IKeyChainService	21	hasCredentialManagementApp
android.security.IKeyChainService	22	getCredentialManagementAppPackageName
android.security.IKeyChainService	23	getCredentialManagementAppPolicy
android.security.IKeyChainService	24	getPredefinedAliasForPackageAndUri
android.security.IKeyChainService	25	removeCredentialManagementApp
android.security.IKeyChainService	26	isCredentialManagementApp
android.security.IKeyChainService	27	setGrant
android.security.IKeyChainService	28	hasGrant
android.security.IKeyChainService	29	getWifiKeyGrantAsUser
android.security.advancedprotection.IAdvancedProtectionCallback	1	onAdvancedProtectionChanged
android.security.advancedprotection.IAdvancedProtectionService	1	isAdvancedProtectionEnabled
android.security.advancedprotection.IAdvancedProtectionService	2	registerAdvancedProtectionCallback
android.security.advancedprotection.IAdvancedProtectionService	3	unregisterAdvancedProtectionCallback
android.security.advancedprotection.IAdvancedProtectionService	4	setAdvancedProtectionEnabled
android.security.advancedprotection.IAdvancedProtectionService	5	getAdvancedProtectionFeatures
android.security.apc.IConfirmationCallback	1	onCompleted
android.security.apc.IProtectedConfirmation	1	presentPrompt
android.security.apc.IProtectedConfirmation	2	cancelPrompt
android.security.apc.IProtectedConfirmation	3	isSupported
android.security.attestationverification.IAttestationVerificationManagerService	1	verifyAttestation
android.security.attestationverification.IAttestationVerificationManagerService	2	verifyToken
android.security.attestationverification.IAttestationVerificationService	1	onVerifyAttestation
android.security.authenticationpolicy.IAuthenticationPolicyService	1	enableSecureLockDevice
android.security.authenticationpolicy.IAuthenticationPolicyService	2	disableSecureLockDevice
android.security.authorization.IKeystoreAuthorization	1	addAuthToken
android.security.authorization.IKeystoreAuthorization	2	onDeviceUnlocked
android.security.authorization.IKeystoreAuthorization	3	onDeviceLocked
android.security.authorization.IKeystoreAuthorization	4	onWeakUnlockMethodsExpired
android.security.authorization.IKeystoreAuthorization	5	onNonLskfUnlockMethodsExpired
android.security.authorization.IKeystoreAuthorization	6	getAuthTokensForCredStore
android.security.authorization.IKeystoreAuthorization	7	getLastAuthTime
android.security.identity.ICredential	1	createEphemeralKeyPair
android.security.identity.ICredential	2	setReaderEphemeralPublicKey
android.security.identity.ICredential	3	deleteCredential
android.security.identity.ICredential	4	deleteWithChallenge
android.security.identity.ICredential	5	proveOwnership
android.security.identity.ICredential	6	getCredentialKeyCertificateChain
android.security.identity.ICredential	7	selectAuthKey
android.security.identity.ICredential	8	getEntries
android.security.identity.ICredential	9	setAvailableAuthenticationKeys
android.security.identity.ICredential	10	getAuthKeysNeedingCertification
android.security.identity.ICredential	11	storeStaticAuthenticationData
android.security.identity.ICredential	12	storeStaticAuthenticationDataWithExpiration
android.security.identity.ICredential	13	getAuthenticationDataUsageCount
android.security.identity.ICredential	14	getAuthenticationDataExpirations
android.security.identity.ICredential	15	update
android.security.identity.ICredentialStore	1	getSecurityHardwareInfo
android.security.identity.ICredentialStore	2	createCredential
android.security.identity.ICredentialStore	3	getCredentialByName
android.security.identity.ICredentialStore	4	createPresentationSession
android.security.identity.ICredentialStoreFactory	1	getCredentialStore
android.security.identity.ISession	1	getEphemeralKeyPair
android.security.identity.ISession	2	getAuthChallenge
android.security.identity.ISession	3	setReaderEphemeralPublicKey
android.security.identity.ISession	4	setSessionTranscript
android.security.identity.ISession	5	getCredentialForPresentation
android.security.identity.IWritableCredential	1	getCredentialKeyCertificateChain
android.security.identity.IWritableCredential	2	personalize
android.security.intrusiondetection.IIntrusionDetectionEventTransport	1	initialize
android.security.intrusiondetection.IIntrusionDetectionEventTransport	2	addData
android.security.intrusiondetection.IIntrusionDetectionEventTransport	3	release
android.security.intrusiondetection.IIntrusionDetectionService	1	addStateCallback
android.security.intrusiondetection.IIntrusionDetectionService	2	removeStateCallback
android.security.intrusiondetection.IIntrusionDetectionService	3	enable
android.security.intrusiondetection.IIntrusionDetectionService	4	disable
android.security.intrusiondetection.IIntrusionDetectionServiceCommandCallback	1	onSuccess
android.security.intrusiondetection.IIntrusionDetectionServiceCommandCallback	2	onFailure
android.security.intrusiondetection.IIntrusionDetectionServiceStateCallback	1	onStateChange
android.security.legacykeystore.ILegacyKeystore	1	get
android.security.legacykeystore.ILegacyKeystore	2	put
android.security.legacykeystore.ILegacyKeystore	3	remove
android.security.legacykeystore.ILegacyKeystore	4	list
android.security.maintenance.IKeystoreMaintenance	1	onUserAdded
android.security.maintenance.IKeystoreMaintenance	2	initUserSuperKeys
android.security.maintenance.IKeystoreMaintenance	3	onUserRemoved
android.security.maintenance.IKeystoreMaintenance	4	onUserLskfRemoved
android.security.maintenance.IKeystoreMaintenance	5	clearNamespace
android.security.maintenance.IKeystoreMaintenance	6	earlyBootEnded
android.security.maintenance.IKeystoreMaintenance	7	migrateKeyNamespace
android.security.maintenance.IKeystoreMaintenance	8	deleteAllKeys
android.security.maintenance.IKeystoreMaintenance	9	getAppUidsAffectedBySid
android.security.metrics.IKeystoreMetrics	1	pullMetrics
android.security.rkp.IGetKeyCallback	1	onSuccess
android.security.rkp.IGetKeyCallback	2	onCancel
android.security.rkp.IGetKeyCallback	3	onError
android.security.rkp.IGetRegistrationCallback	1	onSuccess
android.security.rkp.IGetRegistrationCallback	2	onCancel
android.security.rkp.IGetRegistrationCallback	3	onError
android.security.rkp.IRegistration	1	getKey
android.security.rkp.IRegistration	2	cancelGetKey
android.security.rkp.IRegistration	3	storeUpgradedKeyAsync
android.security.rkp.IRemoteProvisioning	1	getRegistration
android.security.rkp.IStoreUpgradedKeyCallback	1	onSuccess
android.security.rkp.IStoreUpgradedKeyCallback	2	onError
android.service.ambientcontext.IAmbientContextDetectionService	1	startDetection
android.service.ambientcontext.IAmbientContextDetectionService	2	stopDetection
android.service.ambientcontext.IAmbientContextDetectionService	3	queryServiceStatus
android.service.appprediction.IPredictionService	1	onCreatePredictionSession
android.service.appprediction.IPredictionService	2	notifyAppTargetEvent
android.service.appprediction.IPredictionService	3	notifyLaunchLocationShown
android.service.appprediction.IPredictionService	4	sortAppTargets
android.service.appprediction.IPredictionService	5	registerPredictionUpdates
android.service.appprediction.IPredictionService	6	unregisterPredictionUpdates
android.service.appprediction.IPredictionService	7	requestPredictionUpdate
android.service.appprediction.IPredictionService	8	onDestroyPredictionSession
android.service.appprediction.IPredictionService	9	requestServiceFeatures
android.service.assist.classification.IFieldClassificationCallback	1	onCancellable
android.service.assist.classification.IFieldClassificationCallback	2	onSuccess
android.service.assist.classification.IFieldClassificationCallback	3	onFailure
android.service.assist.classification.IFieldClassificationCallback	4	isCompleted
android.service.assist.classification.IFieldClassificationCallback	5	cancel
android.service.assist.classification.IFieldClassificationService	1	onConnected
android.service.assist.classification.IFieldClassificationService	2	onDisconnected
android.service.assist.classification.IFieldClassificationService	3	onFieldClassificationRequest
android.service.attention.IAttentionCallback	1	onSuccess
android.service.attention.IAttentionCallback	2	onFailure
android.service.attention.IAttentionService	1	checkAttention
android.service.attention.IAttentionService	2	cancelAttentionCheck
android.service.attention.IAttentionService	3	onStartProximityUpdates
android.service.attention.IAttentionService	4	onStopProximityUpdates
android.service.attention.IProximityUpdateCallback	1	onProximityUpdate
android.service.autofill.IAutoFillService	1	onConnectedStateChanged
android.service.autofill.IAutoFillService	2	onFillRequest
android.service.autofill.IAutoFillService	3	onFillCredentialRequest
android.service.autofill.IAutoFillService	4	onSaveRequest
android.service.autofill.IAutoFillService	5	onSavedPasswordCountRequest
android.service.autofill.IAutoFillService	6	onConvertCredentialRequest
android.service.autofill.IAutoFillService	7	onSessionDestroyed
android.service.autofill.IAutofillFieldClassificationService	1	calculateScores
android.service.autofill.IConvertCredentialCallback	1	onSuccess
android.service.autofill.IConvertCredentialCallback	2	onFailure
android.service.autofill.IFillCallback	1	onCancellable
android.service.autofill.IFillCallback	2	onSuccess
android.service.autofill.IFillCallback	3	onFailure
android.service.autofill.IInlineSuggestionRenderService	1	renderSuggestion
android.service.autofill.IInlineSuggestionRenderService	2	getInlineSuggestionsRendererInfo
android.service.autofill.IInlineSuggestionRenderService	3	destroySuggestionViews
android.service.autofill.IInlineSuggestionUi	1	getSurfacePackage
android.service.autofill.IInlineSuggestionUi	2	releaseSurfaceControlViewHost
android.service.autofill.IInlineSuggestionUiCallback	1	onClick
android.service.autofill.IInlineSuggestionUiCallback	2	onLongClick
android.service.autofill.IInlineSuggestionUiCallback	3	onContent
android.service.autofill.IInlineSuggestionUiCallback	4	onError
android.service.autofill.IInlineSuggestionUiCallback	5	onTransferTouchFocusToImeWindow
android.service.autofill.IInlineSuggestionUiCallback	6	onStartIntentSender
android.service.autofill.ISaveCallback	1	onSuccess
android.service.autofill.ISaveCallback	2	onFailure
android.service.autofill.ISurfacePackageResultCallback	1	onResult
android.service.autofill.augmented.IAugmentedAutofillService	1	onConnected
android.service.autofill.augmented.IAugmentedAutofillService	2	onDisconnected
android.service.autofill.augmented.IAugmentedAutofillService	3	onFillRequest
android.service.autofill.augmented.IAugmentedAutofillService	4	onDestroyAllFillWindowsRequest
android.service.autofill.augmented.IFillCallback	1	onCancellable
android.service.autofill.augmented.IFillCallback	2	onSuccess
android.service.autofill.augmented.IFillCallback	3	isCompleted
android.service.autofill.augmented.IFillCallback	4	cancel
android.service.carrier.IApnSourceService	1	getApns
android.service.carrier.ICarrierMessagingCallback	1	onFilterComplete
android.service.carrier.ICarrierMessagingCallback	2	onSendSmsComplete
android.service.carrier.ICarrierMessagingCallback	3	onSendMultipartSmsComplete
android.service.carrier.ICarrierMessagingCallback	4	onSendMmsComplete
android.service.carrier.ICarrierMessagingCallback	5	onDownloadMmsComplete
android.service.carrier.ICarrierMessagingService	1	filterSms
android.service.carrier.ICarrierMessagingService	2	sendTextSms
android.service.carrier.ICarrierMessagingService	3	sendDataSms
android.service.carrier.ICarrierMessagingService	4	sendMultipartTextSms
android.service.carrier.ICarrierMessagingService	5	sendMms
android.service.carrier.ICarrierMessagingService	6	downloadMms
android.service.carrier.ICarrierService	1	getCarrierConfig
android.service.chooser.IChooserTargetResult	1	sendResult
android.service.chooser.IChooserTargetService	1	getChooserTargets
android.service.contentcapture.IContentCaptureService	1	onConnected
android.service.contentcapture.IContentCaptureService	2	onDisconnected
android.service.contentcapture.IContentCaptureService	3	onSessionStarted
android.service.contentcapture.IContentCaptureService	4	onSessionFinished
android.service.contentcapture.IContentCaptureService	5	onActivitySnapshot
android.service.contentcapture.IContentCaptureService	6	onDataRemovalRequest
android.service.contentcapture.IContentCaptureService	7	onDataShared
android.service.contentcapture.IContentCaptureService	8	onActivityEvent
android.service.contentcapture.IContentCaptureServiceCallback	1	setContentCaptureWhitelist
android.service.contentcapture.IContentCaptureServiceCallback	2	setContentCaptureConditions
android.service.contentcapture.IContentCaptureServiceCallback	3	disableSelf
android.service.contentcapture.IContentCaptureServiceCallback	4	writeSessionFlush
android.service.contentcapture.IContentProtectionAllowlistCallback	1	setAllowlist
android.service.contentcapture.IContentProtectionService	1	onLoginDetected
android.service.contentcapture.IContentProtectionService	2	onUpdateAllowlistRequest
android.service.contentcapture.IDataShareCallback	1	accept
android.service.contentcapture.IDataShareCallback	2	reject
android.service.contentcapture.IDataShareReadAdapter	1	start
android.service.contentcapture.IDataShareReadAdapter	2	error
android.service.contentcapture.IDataShareReadAdapter	3	finish
android.service.contentsuggestions.IContentSuggestionsService	1	provideContextImage
android.service.contentsuggestions.IContentSuggestionsService	2	suggestContentSelections
android.service.contentsuggestions.IContentSuggestionsService	3	classifyContentSelections
android.service.contentsuggestions.IContentSuggestionsService	4	notifyInteraction
android.service.controls.IControlsActionCallback	1	accept
android.service.controls.IControlsProvider	1	load
android.service.controls.IControlsProvider	2	loadSuggested
android.service.controls.IControlsProvider	3	subscribe
android.service.controls.IControlsProvider	4	action
android.service.controls.IControlsSubscriber	1	onSubscribe
android.service.controls.IControlsSubscriber	2	onNext
android.service.controls.IControlsSubscriber	3	onError
android.service.controls.IControlsSubscriber	4	onComplete
android.service.controls.IControlsSubscription	1	request
android.service.controls.IControlsSubscription	2	cancel
android.service.credentials.IBeginCreateCredentialCallback	1	onSuccess
android.service.credentials.IBeginCreateCredentialCallback	2	onFailure
android.service.credentials.IBeginCreateCredentialCallback	3	onCancellable
android.service.credentials.IBeginGetCredentialCallback	1	onSuccess
android.service.credentials.IBeginGetCredentialCallback	2	onFailure
android.service.credentials.IBeginGetCredentialCallback	3	onCancellable
android.service.credentials.IClearCredentialStateCallback	1	onSuccess
android.service.credentials.IClearCredentialStateCallback	2	onFailure
android.service.credentials.IClearCredentialStateCallback	3	onCancellable
android.service.credentials.ICredentialProviderService	1	onBeginGetCredential
android.service.credentials.ICredentialProviderService	2	onBeginCreateCredential
android.service.credentials.ICredentialProviderService	3	onClearCredentialState
android.service.displayhash.IDisplayHashingService	1	generateDisplayHash
android.service.displayhash.IDisplayHashingService	2	verifyDisplayHash
android.service.displayhash.IDisplayHashingService	3	getDisplayHashAlgorithms
android.service.displayhash.IDisplayHashingService	4	getIntervalBetweenRequestsMillis
android.service.dreams.IDreamManager	1	dream
android.service.dreams.IDreamManager	2	awaken
android.service.dreams.IDreamManager	3	setDreamComponents
android.service.dreams.IDreamManager	4	getDreamComponents
android.service.dreams.IDreamManager	5	getDefaultDreamComponentForUser
android.service.dreams.IDreamManager	6	testDream
android.service.dreams.IDreamManager	7	isDreaming
android.service.dreams.IDreamManager	8	isDreamingOrInPreview
android.service.dreams.IDreamManager	9	canStartDreaming
android.service.dreams.IDreamManager	10	finishSelf
android.service.dreams.IDreamManager	11	startDozing
android.service.dreams.IDreamManager	12	stopDozing
android.service.dreams.IDreamManager	13	forceAmbientDisplayEnabled
android.service.dreams.IDreamManager	14	getDreamComponentsForUser
android.service.dreams.IDreamManager	15	setDreamComponentsForUser
android.service.dreams.IDreamManager	16	setSystemDreamComponent
android.service.dreams.IDreamManager	17	registerDreamOverlayService
android.service.dreams.IDreamManager	18	startDreamActivity
android.service.dreams.IDreamManager	19	setDreamIsObscured
android.service.dreams.IDreamManager	20	startDozingOneway
android.service.dreams.IDreamManager	21	finishSelfOneway
android.service.dreams.IDreamOverlay	1	getClient
android.service.dreams.IDreamOverlayCallback	1	onExitRequested
android.service.dreams.IDreamOverlayCallback	2	onRedirectWake
android.service.dreams.IDreamOverlayClient	1	startDream
android.service.dreams.IDreamOverlayClient	2	wakeUp
android.service.dreams.IDreamOverlayClient	3	endDream
android.service.dreams.IDreamOverlayClient	4	onWakeRequested
android.service.dreams.IDreamOverlayClient	5	comeToFront
android.service.dreams.IDreamOverlayClientCallback	1	onDreamOverlayClient
android.service.dreams.IDreamService	1	attach
android.service.dreams.IDreamService	2	detach
android.service.dreams.IDreamService	3	wakeUp
android.service.dreams.IDreamService	4	comeToFront
android.service.euicc.IDeleteSubscriptionCallback	1	onComplete
android.service.euicc.IDownloadSubscriptionCallback	1	onComplete
android.service.euicc.IEraseSubscriptionsCallback	1	onComplete
android.service.euicc.IEuiccService	1	downloadSubscription
android.service.euicc.IEuiccService	2	getDownloadableSubscriptionMetadata
android.service.euicc.IEuiccService	3	getEid
android.service.euicc.IEuiccService	4	getOtaStatus
android.service.euicc.IEuiccService	5	startOtaIfNecessary
android.service.euicc.IEuiccService	6	getEuiccProfileInfoList
android.service.euicc.IEuiccService	7	getDefaultDownloadableSubscriptionList
android.service.euicc.IEuiccService	8	getEuiccInfo
android.service.euicc.IEuiccService	9	deleteSubscription
android.service.euicc.IEuiccService	10	switchToSubscription
android.service.euicc.IEuiccService	11	updateSubscriptionNickname
android.service.euicc.IEuiccService	12	eraseSubscriptions
android.service.euicc.IEuiccService	13	eraseSubscriptionsWithOptions
android.service.euicc.IEuiccService	14	retainSubscriptionsForFactoryReset
android.service.euicc.IEuiccService	15	dump
android.service.euicc.IEuiccService	16	getAvailableMemoryInBytes
android.service.euicc.IEuiccServiceDumpResultCallback	1	onComplete
android.service.euicc.IGetAvailableMemoryInBytesCallback	1	onSuccess
android.service.euicc.IGetAvailableMemoryInBytesCallback	2	onUnsupportedOperationException
android.service.euicc.IGetDefaultDownloadableSubscriptionListCallback	1	onComplete
android.service.euicc.IGetDownloadableSubscriptionMetadataCallback	1	onComplete
android.service.euicc.IGetEidCallback	1	onSuccess
android.service.euicc.IGetEuiccInfoCallback	1	onSuccess
android.service.euicc.IGetEuiccProfileInfoListCallback	1	onComplete
android.service.euicc.IGetOtaStatusCallback	1	onSuccess
android.service.euicc.IOtaStatusChangedCallback	1	onOtaStatusChanged
android.service.euicc.IRetainSubscriptionsForFactoryResetCallback	1	onComplete
android.service.euicc.ISwitchToSubscriptionCallback	1	onComplete
android.service.euicc.IUpdateSubscriptionNicknameCallback	1	onComplete
android.service.games.IGameService	1	connected
android.service.games.IGameService	2	disconnected
android.service.games.IGameService	3	gameStarted
android.service.games.IGameServiceController	1	createGameSession
android.service.games.IGameSession	1	onDestroyed
android.service.games.IGameSession	2	onTransientSystemBarVisibilityFromRevealGestureChanged
android.service.games.IGameSession	3	onTaskFocusChanged
android.service.games.IGameSessionController	1	takeScreenshot
android.service.games.IGameSessionController	2	restartGame
android.service.games.IGameSessionService	1	create
android.service.gatekeeper.IGateKeeperService	1	enroll
android.service.gatekeeper.IGateKeeperService	2	verify
android.service.gatekeeper.IGateKeeperService	3	verifyChallenge
android.service.gatekeeper.IGateKeeperService	4	getSecureUserId
android.service.gatekeeper.IGateKeeperService	5	clearSecureUserId
android.service.gatekeeper.IGateKeeperService	6	reportDeviceSetupComplete
android.service.media.IMediaBrowserService	1	connect
android.service.media.IMediaBrowserService	2	disconnect
android.service.media.IMediaBrowserService	3	addSubscriptionDeprecated
android.service.media.IMediaBrowserService	4	removeSubscriptionDeprecated
android.service.media.IMediaBrowserService	5	getMediaItem
android.service.media.IMediaBrowserService	6	addSubscription
android.service.media.IMediaBrowserService	7	removeSubscription
android.service.media.IMediaBrowserServiceCallbacks	1	onConnect
android.service.media.IMediaBrowserServiceCallbacks	2	onConnectFailed
android.service.media.IMediaBrowserServiceCallbacks	3	onLoadChildren
android.service.media.IMediaBrowserServiceCallbacks	4	onDisconnect
android.service.notification.IConditionListener	1	onConditionsReceived
android.service.notification.IConditionProvider	1	onConnected
android.service.notification.IConditionProvider	2	onSubscribe
android.service.notification.IConditionProvider	3	onUnsubscribe
android.service.notification.INotificationListener	1	onListenerConnected
android.service.notification.INotificationListener	2	onNotificationPosted
android.service.notification.INotificationListener	3	onNotificationPostedFull
android.service.notification.INotificationListener	4	onStatusBarIconsBehaviorChanged
android.service.notification.INotificationListener	5	onNotificationRemoved
android.service.notification.INotificationListener	6	onNotificationRemovedFull
android.service.notification.INotificationListener	7	onNotificationRankingUpdate
android.service.notification.INotificationListener	8	onListenerHintsChanged
android.service.notification.INotificationListener	9	onInterruptionFilterChanged
android.service.notification.INotificationListener	10	onNotificationChannelModification
android.service.notification.INotificationListener	11	onNotificationChannelGroupModification
android.service.notification.INotificationListener	12	onNotificationEnqueuedWithChannel
android.service.notification.INotificationListener	13	onNotificationEnqueuedWithChannelFull
android.service.notification.INotificationListener	14	onNotificationSnoozedUntilContext
android.service.notification.INotificationListener	15	onNotificationSnoozedUntilContextFull
android.service.notification.INotificationListener	16	onNotificationsSeen
android.service.notification.INotificationListener	17	onPanelRevealed
android.service.notification.INotificationListener	18	onPanelHidden
android.service.notification.INotificationListener	19	onNotificationVisibilityChanged
android.service.notification.INotificationListener	20	onNotificationExpansionChanged
android.service.notification.INotificationListener	21	onNotificationDirectReply
android.service.notification.INotificationListener	22	onSuggestedReplySent
android.service.notification.INotificationListener	23	onActionClicked
android.service.notification.INotificationListener	24	onNotificationClicked
android.service.notification.INotificationListener	25	onAllowedAdjustmentsChanged
android.service.notification.INotificationListener	26	onNotificationFeedbackReceived
android.service.notification.IStatusBarNotificationHolder	1	get
android.service.oemlock.IOemLockService	1	getLockName
android.service.oemlock.IOemLockService	2	setOemUnlockAllowedByCarrier
android.service.oemlock.IOemLockService	3	isOemUnlockAllowedByCarrier
android.service.oemlock.IOemLockService	4	setOemUnlockAllowedByUser
android.service.oemlock.IOemLockService	5	isOemUnlockAllowedByUser
android.service.oemlock.IOemLockService	6	isOemUnlockAllowed
android.service.oemlock.IOemLockService	7	isDeviceOemUnlocked
android.service.ondeviceintelligence.IOnDeviceIntelligenceService	1	getVersion
android.service.ondeviceintelligence.IOnDeviceIntelligenceService	2	getFeature
android.service.ondeviceintelligence.IOnDeviceIntelligenceService	3	listFeatures
android.service.ondeviceintelligence.IOnDeviceIntelligenceService	4	getFeatureDetails
android.service.ondeviceintelligence.IOnDeviceIntelligenceService	5	getReadOnlyFileDescriptor
android.service.ondeviceintelligence.IOnDeviceIntelligenceService	6	getReadOnlyFeatureFileDescriptorMap
android.service.ondeviceintelligence.IOnDeviceIntelligenceService	7	requestFeatureDownload
android.service.ondeviceintelligence.IOnDeviceIntelligenceService	8	registerRemoteServices
android.service.ondeviceintelligence.IOnDeviceIntelligenceService	9	notifyInferenceServiceConnected
android.service.ondeviceintelligence.IOnDeviceIntelligenceService	10	notifyInferenceServiceDisconnected
android.service.ondeviceintelligence.IOnDeviceIntelligenceService	11	ready
android.service.ondeviceintelligence.IOnDeviceSandboxedInferenceService	1	registerRemoteStorageService
android.service.ondeviceintelligence.IOnDeviceSandboxedInferenceService	2	requestTokenInfo
android.service.ondeviceintelligence.IOnDeviceSandboxedInferenceService	3	processRequest
android.service.ondeviceintelligence.IOnDeviceSandboxedInferenceService	4	processRequestStreaming
android.service.ondeviceintelligence.IOnDeviceSandboxedInferenceService	5	updateProcessingState
android.service.ondeviceintelligence.IProcessingUpdateStatusCallback	2	onSuccess
android.service.ondeviceintelligence.IProcessingUpdateStatusCallback	3	onFailure
android.service.ondeviceintelligence.IRemoteProcessingService	1	updateProcessingState
android.service.ondeviceintelligence.IRemoteStorageService	1	getReadOnlyFileDescriptor
android.service.ondeviceintelligence.IRemoteStorageService	2	getReadOnlyFeatureFileDescriptorMap
android.service.persistentdata.IPersistentDataBlockService	1	write
android.service.persistentdata.IPersistentDataBlockService	2	read
android.service.persistentdata.IPersistentDataBlockService	3	wipe
android.service.persistentdata.IPersistentDataBlockService	4	getDataBlockSize
android.service.persistentdata.IPersistentDataBlockService	5	getMaximumDataBlockSize
android.service.persistentdata.IPersistentDataBlockService	6	setOemUnlockEnabled
android.service.persistentdata.IPersistentDataBlockService	7	getOemUnlockEnabled
android.service.persistentdata.IPersistentDataBlockService	8	getFlashLockState
android.service.persistentdata.IPersistentDataBlockService	9	hasFrpCredentialHandle
android.service.persistentdata.IPersistentDataBlockService	10	getPersistentDataPackageName
android.service.persistentdata.IPersistentDataBlockService	11	isFactoryResetProtectionActive
android.service.persistentdata.IPersistentDataBlockService	12	deactivateFactoryResetProtection
android.service.persistentdata.IPersistentDataBlockService	13	setFactoryResetProtectionSecret
android.service.quickaccesswallet.IQuickAccessWalletService	1	onWalletCardsRequested
android.service.quickaccesswallet.IQuickAccessWalletService	2	onWalletCardSelected
android.service.quickaccesswallet.IQuickAccessWalletService	3	onWalletDismissed
android.service.quickaccesswallet.IQuickAccessWalletService	4	registerWalletServiceEventListener
android.service.quickaccesswallet.IQuickAccessWalletService	5	unregisterWalletServiceEventListener
android.service.quickaccesswallet.IQuickAccessWalletService	6	onTargetActivityIntentRequested
android.service.quickaccesswallet.IQuickAccessWalletService	7	onGestureTargetActivityIntentRequested
android.service.quickaccesswallet.IQuickAccessWalletServiceCallbacks	1	onGetWalletCardsSuccess
android.service.quickaccesswallet.IQuickAccessWalletServiceCallbacks	2	onGetWalletCardsFailure
android.service.quickaccesswallet.IQuickAccessWalletServiceCallbacks	3	onWalletServiceEvent
android.service.quickaccesswallet.IQuickAccessWalletServiceCallbacks	4	onTargetActivityPendingIntentReceived
android.service.quickaccesswallet.IQuickAccessWalletServiceCallbacks	5	onGestureTargetActivityPendingIntentReceived
android.service.quicksettings.IQSService	1	getTile
android.service.quicksettings.IQSService	2	updateQsTile
android.service.quicksettings.IQSService	3	updateStatusIcon
android.service.quicksettings.IQSService	4	onShowDialog
android.service.quicksettings.IQSService	5	onStartActivity
android.service.quicksettings.IQSService	6	startActivity
android.service.quicksettings.IQSService	7	isLocked
android.service.quicksettings.IQSService	8	isSecure
android.service.quicksettings.IQSService	9	startUnlockAndRun
android.service.quicksettings.IQSService	10	onDialogHidden
android.service.quicksettings.IQSService	11	onStartSuccessful
android.service.quicksettings.IQSTileService	1	onTileAdded
android.service.quicksettings.IQSTileService	2	onTileRemoved
android.service.quicksettings.IQSTileService	3	onStartListening
android.service.quicksettings.IQSTileService	4	onStopListening
android.service.quicksettings.IQSTileService	5	onClick
android.service.quicksettings.IQSTileService	6	onUnlockComplete
android.service.remotelockscreenvalidation.IRemoteLockscreenValidationCallback	1	onSuccess
android.service.remotelockscreenvalidation.IRemoteLockscreenValidationCallback	2	onFailure
android.service.remotelockscreenvalidation.IRemoteLockscreenValidationService	1	validateLockscreenGuess
android.service.resolver.IResolverRankerResult	1	sendResult
android.service.resolver.IResolverRankerService	1	predict
android.service.resolver.IResolverRankerService	2	train
android.service.resumeonreboot.IResumeOnRebootService	1	wrapSecret
android.service.resumeonreboot.IResumeOnRebootService	2	unwrap
android.service.rotationresolver.IRotationResolverCallback	1	onCancellable
android.service.rotationresolver.IRotationResolverCallback	2	onSuccess
android.service.rotationresolver.IRotationResolverCallback	3	onFailure
android.service.rotationresolver.IRotationResolverService	1	resolveRotation
android.service.search.ISearchUiService	1	onCreateSearchSession
android.service.search.ISearchUiService	2	onQuery
android.service.search.ISearchUiService	3	onNotifyEvent
android.service.search.ISearchUiService	4	onRegisterEmptyQueryResultUpdateCallback
android.service.search.ISearchUiService	5	onUnregisterEmptyQueryResultUpdateCallback
android.service.search.ISearchUiService	6	onDestroy
android.service.settings.preferences.IGetValueCallback	2	onSuccess
android.service.settings.preferences.IGetValueCallback	3	onFailure
android.service.settings.preferences.IMetadataCallback	1	onSuccess
android.service.settings.preferences.IMetadataCallback	2	onFailure
android.service.settings.preferences.ISetValueCallback	1	onSuccess
android.service.settings.preferences.ISetValueCallback	2	onFailure
android.service.settings.preferences.ISettingsPreferenceService	2	getAllPreferenceMetadata
android.service.settings.preferences.ISettingsPreferenceService	3	getPreferenceValue
android.service.settings.preferences.ISettingsPreferenceService	4	setPreferenceValue
android.service.settings.suggestions.ISuggestionService	2	getSuggestions
android.service.settings.suggestions.ISuggestionService	3	dismissSuggestion
android.service.settings.suggestions.ISuggestionService	4	launchSuggestion
android.service.smartspace.ISmartspaceService	1	onCreateSmartspaceSession
android.service.smartspace.ISmartspaceService	2	notifySmartspaceEvent
android.service.smartspace.ISmartspaceService	3	requestSmartspaceUpdate
android.service.smartspace.ISmartspaceService	4	registerSmartspaceUpdates
android.service.smartspace.ISmartspaceService	5	unregisterSmartspaceUpdates
android.service.smartspace.ISmartspaceService	6	onDestroySmartspaceSession
android.service.storage.IExternalStorageService	1	startSession
android.service.storage.IExternalStorageService	2	endSession
android.service.storage.IExternalStorageService	3	notifyVolumeStateChanged
android.service.storage.IExternalStorageService	4	freeCache
android.service.storage.IExternalStorageService	5	notifyAnrDelayStarted
android.service.textclassifier.ITextClassifierCallback	1	onSuccess
android.service.textclassifier.ITextClassifierCallback	2	onFailure
android.service.textclassifier.ITextClassifierService	1	onSuggestSelection
android.service.textclassifier.ITextClassifierService	2	onClassifyText
android.service.textclassifier.ITextClassifierService	3	onGenerateLinks
android.service.textclassifier.ITextClassifierService	4	onSelectionEvent
android.service.textclassifier.ITextClassifierService	5	onTextClassifierEvent
android.service.textclassifier.ITextClassifierService	6	onCreateTextClassificationSession
android.service.textclassifier.ITextClassifierService	7	onDestroyTextClassificationSession
android.service.textclassifier.ITextClassifierService	8	onDetectLanguage
android.service.textclassifier.ITextClassifierService	9	onSuggestConversationActions
android.service.textclassifier.ITextClassifierService	10	onConnectedStateChanged
android.service.timezone.ITimeZoneProvider	1	startUpdates
android.service.timezone.ITimeZoneProvider	2	stopUpdates
android.service.timezone.ITimeZoneProviderManager	1	onTimeZoneProviderEvent
android.service.translation.ITranslationCallback	1	onTranslationResponse
android.service.translation.ITranslationService	1	onConnected
android.service.translation.ITranslationService	2	onDisconnected
android.service.translation.ITranslationService	3	onCreateTranslationSession
android.service.translation.ITranslationService	4	onTranslationCapabilitiesRequest
android.service.trust.ITrustAgentService	1	onUnlockAttempt
android.service.trust.ITrustAgentService	2	onUserRequestedUnlock
android.service.trust.ITrustAgentService	3	onUserMayRequestUnlock
android.service.trust.ITrustAgentService	4	onUnlockLockout
android.service.trust.ITrustAgentService	5	onTrustTimeout
android.service.trust.ITrustAgentService	6	onDeviceLocked
android.service.trust.ITrustAgentService	7	onDeviceUnlocked
android.service.trust.ITrustAgentService	8	onConfigure
android.service.trust.ITrustAgentService	9	setCallback
android.service.trust.ITrustAgentService	10	onEscrowTokenAdded
android.service.trust.ITrustAgentService	11	onTokenStateReceived
android.service.trust.ITrustAgentService	12	onEscrowTokenRemoved
android.service.trust.ITrustAgentServiceCallback	1	grantTrust
android.service.trust.ITrustAgentServiceCallback	2	revokeTrust
android.service.trust.ITrustAgentServiceCallback	3	lockUser
android.service.trust.ITrustAgentServiceCallback	4	setManagingTrust
android.service.trust.ITrustAgentServiceCallback	5	onConfigureCompleted
android.service.trust.ITrustAgentServiceCallback	6	addEscrowToken
android.service.trust.ITrustAgentServiceCallback	7	isEscrowTokenActive
android.service.trust.ITrustAgentServiceCallback	8	removeEscrowToken
android.service.trust.ITrustAgentServiceCallback	9	unlockUserWithToken
android.service.trust.ITrustAgentServiceCallback	10	showKeyguardErrorMessage
android.service.voice.IDetectorSessionStorageService	1	openFile
android.service.voice.IDetectorSessionVisualQueryDetectionCallback	1	onAttentionGained
android.service.voice.IDetectorSessionVisualQueryDetectionCallback	2	onAttentionLost
android.service.voice.IDetectorSessionVisualQueryDetectionCallback	3	onQueryDetected
android.service.voice.IDetectorSessionVisualQueryDetectionCallback	4	onResultDetected
android.service.voice.IDetectorSessionVisualQueryDetectionCallback	5	onQueryFinished
android.service.voice.IDetectorSessionVisualQueryDetectionCallback	6	onQueryRejected
android.service.voice.IDspHotwordDetectionCallback	1	onDetected
android.service.voice.IDspHotwordDetectionCallback	2	onRejected
android.service.voice.IMicrophoneHotwordDetectionVoiceInteractionCallback	1	onDetected
android.service.voice.IMicrophoneHotwordDetectionVoiceInteractionCallback	2	onHotwordDetectionServiceFailure
android.service.voice.IMicrophoneHotwordDetectionVoiceInteractionCallback	3	onRejected
android.service.voice.ISandboxedDetectionService	1	detectFromDspSource
android.service.voice.ISandboxedDetectionService	2	detectFromMicrophoneSource
android.service.voice.ISandboxedDetectionService	3	detectWithVisualSignals
android.service.voice.ISandboxedDetectionService	4	updateState
android.service.voice.ISandboxedDetectionService	5	updateAudioFlinger
android.service.voice.ISandboxedDetectionService	6	updateContentCaptureManager
android.service.voice.ISandboxedDetectionService	7	updateRecognitionServiceManager
android.service.voice.ISandboxedDetectionService	8	ping
android.service.voice.ISandboxedDetectionService	9	stopDetection
android.service.voice.ISandboxedDetectionService	10	registerRemoteStorageService
android.service.voice.IVisualQueryDetectionVoiceInteractionCallback	1	onQueryDetected
android.service.voice.IVisualQueryDetectionVoiceInteractionCallback	2	onResultDetected
android.service.voice.IVisualQueryDetectionVoiceInteractionCallback	3	onQueryFinished
android.service.voice.IVisualQueryDetectionVoiceInteractionCallback	4	onQueryRejected
android.service.voice.IVisualQueryDetectionVoiceInteractionCallback	5	onVisualQueryDetectionServiceFailure
android.service.voice.IVoiceInteractionService	1	ready
android.service.voice.IVoiceInteractionService	2	soundModelsChanged
android.service.voice.IVoiceInteractionService	3	shutdown
android.service.voice.IVoiceInteractionService	4	launchVoiceAssistFromKeyguard
android.service.voice.IVoiceInteractionService	5	getActiveServiceSupportedActions
android.service.voice.IVoiceInteractionService	6	prepareToShowSession
android.service.voice.IVoiceInteractionService	7	showSessionFailed
android.service.voice.IVoiceInteractionService	8	detectorRemoteExceptionOccurred
android.service.voice.IVoiceInteractionSession	1	show
android.service.voice.IVoiceInteractionSession	2	hide
android.service.voice.IVoiceInteractionSession	3	handleAssist
android.service.voice.IVoiceInteractionSession	4	handleScreenshot
android.service.voice.IVoiceInteractionSession	5	taskStarted
android.service.voice.IVoiceInteractionSession	6	taskFinished
android.service.voice.IVoiceInteractionSession	7	closeSystemDialogs
android.service.voice.IVoiceInteractionSession	8	onLockscreenShown
android.service.voice.IVoiceInteractionSession	9	destroy
android.service.voice.IVoiceInteractionSession	10	notifyVisibleActivityInfoChanged
android.service.voice.IVoiceInteractionSessionService	1	newSession
android.service.vr.IPersistentVrStateCallbacks	1	onPersistentVrStateChanged
android.service.vr.IVrListener	1	focusedActivityChanged
android.service.vr.IVrManager	1	registerListener
android.service.vr.IVrManager	2	unregisterListener
android.service.vr.IVrManager	3	registerPersistentVrStateListener
android.service.vr.IVrManager	4	unregisterPersistentVrStateListener
android.service.vr.IVrManager	5	getVrModeState
android.service.vr.IVrManager	6	getPersistentVrModeEnabled
android.service.vr.IVrManager	7	setPersistentVrModeEnabled
android.service.vr.IVrManager	8	setVr2dDisplayProperties
android.service.vr.IVrManager	9	getVr2dDisplayId
android.service.vr.IVrManager	10	setAndBindCompositor
android.service.vr.IVrManager	11	setStandbyEnabled
android.service.vr.IVrStateCallbacks	1	onVrStateChanged
android.service.wallpaper.IWallpaperConnection	1	attachEngine
android.service.wallpaper.IWallpaperConnection	2	engineShown
android.service.wallpaper.IWallpaperConnection	3	setWallpaper
android.service.wallpaper.IWallpaperConnection	4	onWallpaperColorsChanged
android.service.wallpaper.IWallpaperConnection	5	onLocalWallpaperColorsChanged
android.service.wallpaper.IWallpaperEngine	1	setDesiredSize
android.service.wallpaper.IWallpaperEngine	2	setDisplayPadding
android.service.wallpaper.IWallpaperEngine	3	setVisibility
android.service.wallpaper.IWallpaperEngine	4	onScreenTurningOn
android.service.wallpaper.IWallpaperEngine	5	onScreenTurnedOn
android.service.wallpaper.IWallpaperEngine	6	setInAmbientMode
android.service.wallpaper.IWallpaperEngine	7	dispatchPointer
android.service.wallpaper.IWallpaperEngine	8	dispatchWallpaperCommand
android.service.wallpaper.IWallpaperEngine	9	requestWallpaperColors
android.service.wallpaper.IWallpaperEngine	10	destroy
android.service.wallpaper.IWallpaperEngine	11	setZoomOut
android.service.wallpaper.IWallpaperEngine	12	resizePreview
android.service.wallpaper.IWallpaperEngine	13	removeLocalColorsAreas
android.service.wallpaper.IWallpaperEngine	14	addLocalColorsAreas
android.service.wallpaper.IWallpaperEngine	15	mirrorSurfaceControl
android.service.wallpaper.IWallpaperEngine	16	applyDimming
android.service.wallpaper.IWallpaperEngine	17	setWallpaperFlags
android.service.wallpaper.IWallpaperEngine	18	onApplyWallpaper
android.service.wallpaper.IWallpaperService	1	attach
android.service.wallpaper.IWallpaperService	2	detach
android.service.wallpapereffectsgeneration.IWallpaperEffectsGenerationService	1	onGenerateCinematicEffect
android.service.watchdog.IExplicitHealthCheckService	1	setCallback
android.service.watchdog.IExplicitHealthCheckService	2	request
android.service.watchdog.IExplicitHealthCheckService	3	cancel
android.service.watchdog.IExplicitHealthCheckService	4	getSupportedPackages
android.service.watchdog.IExplicitHealthCheckService	5	getRequestedPackages
android.service.wearable.IWearableSensingService	1	provideSecureConnection
android.service.wearable.IWearableSensingService	2	provideConcurrentSecureConnection
android.service.wearable.IWearableSensingService	3	provideReadOnlyParcelFileDescriptor
android.service.wearable.IWearableSensingService	4	provideDataStream
android.service.wearable.IWearableSensingService	5	provideData
android.service.wearable.IWearableSensingService	6	registerDataRequestObserver
android.service.wearable.IWearableSensingService	7	unregisterDataRequestObserver
android.service.wearable.IWearableSensingService	8	startHotwordRecognition
android.service.wearable.IWearableSensingService	9	stopHotwordRecognition
android.service.wearable.IWearableSensingService	10	onValidatedByHotwordDetectionService
android.service.wearable.IWearableSensingService	11	stopActiveHotwordAudio
android.service.wearable.IWearableSensingService	12	startDetection
android.service.wearable.IWearableSensingService	13	stopDetection
android.service.wearable.IWearableSensingService	14	queryServiceStatus
android.service.wearable.IWearableSensingService	15	killProcess
android.speech.IModelDownloadListener	1	onProgress
android.speech.IModelDownloadListener	2	onSuccess
android.speech.IModelDownloadListener	3	onScheduled
android.speech.IModelDownloadListener	4	onError
android.speech.IRecognitionListener	1	onReadyForSpeech
android.speech.IRecognitionListener	2	onBeginningOfSpeech
android.speech.IRecognitionListener	3	onRmsChanged
android.speech.IRecognitionListener	4	onBufferReceived
android.speech.IRecognitionListener	5	onEndOfSpeech
android.speech.IRecognitionListener	6	onError
android.speech.IRecognitionListener	7	onResults
android.speech.IRecognitionListener	8	onPartialResults
android.speech.IRecognitionListener	9	onSegmentResults
android.speech.IRecognitionListener	10	onEndOfSegmentedSession
android.speech.IRecognitionListener	11	onLanguageDetection
android.speech.IRecognitionListener	12	onEvent
android.speech.IRecognitionService	1	startListening
android.speech.IRecognitionService	2	stopListening
android.speech.IRecognitionService	3	cancel
android.speech.IRecognitionService	4	checkRecognitionSupport
android.speech.IRecognitionService	5	triggerModelDownload
android.speech.IRecognitionServiceManager	1	createSession
android.speech.IRecognitionServiceManager	2	setTemporaryComponent
android.speech.IRecognitionServiceManagerCallback	1	onSuccess
android.speech.IRecognitionServiceManagerCallback	2	onError
android.speech.IRecognitionSupportCallback	1	onSupportResult
android.speech.IRecognitionSupportCallback	2	onError
android.speech.tts.ITextToSpeechCallback	1	onStart
android.speech.tts.ITextToSpeechCallback	2	onSuccess
android.speech.tts.ITextToSpeechCallback	3	onStop
android.speech.tts.ITextToSpeechCallback	4	onError
android.speech.tts.ITextToSpeechCallback	5	onBeginSynthesis
android.speech.tts.ITextToSpeechCallback	6	onAudioAvailable
android.speech.tts.ITextToSpeechCallback	7	onRangeStart
android.speech.tts.ITextToSpeechManager	1	createSession
android.speech.tts.ITextToSpeechService	1	speak
android.speech.tts.ITextToSpeechService	2	synthesizeToFileDescriptor
android.speech.tts.ITextToSpeechService	3	playAudio
android.speech.tts.ITextToSpeechService	4	playSilence
android.speech.tts.ITextToSpeechService	5	isSpeaking
android.speech.tts.ITextToSpeechService	6	stop
android.speech.tts.ITextToSpeechService	7	getLanguage
android.speech.tts.ITextToSpeechService	8	getClientDefaultLanguage
android.speech.tts.ITextToSpeechService	9	isLanguageAvailable
android.speech.tts.ITextToSpeechService	10	getFeaturesForLanguage
android.speech.tts.ITextToSpeechService	11	loadLanguage
android.speech.tts.ITextToSpeechService	12	setCallback
android.speech.tts.ITextToSpeechService	13	getVoices
android.speech.tts.ITextToSpeechService	14	loadVoice
android.speech.tts.ITextToSpeechService	15	getDefaultVoiceNameFor
android.speech.tts.ITextToSpeechSession	1	disconnect
android.speech.tts.ITextToSpeechSessionCallback	1	onConnected
android.speech.tts.ITextToSpeechSessionCallback	2	onDisconnected
android.speech.tts.ITextToSpeechSessionCallback	3	onError
android.system.keystore2.IKeystoreOperation	1	updateAad
android.system.keystore2.IKeystoreOperation	2	update
android.system.keystore2.IKeystoreOperation	3	finish
android.system.keystore2.IKeystoreOperation	4	abort
android.system.keystore2.IKeystoreOperation	16777214	getInterfaceHash
android.system.keystore2.IKeystoreOperation	16777215	getInterfaceVersion
android.system.keystore2.IKeystoreSecurityLevel	1	createOperation
android.system.keystore2.IKeystoreSecurityLevel	2	generateKey
android.system.keystore2.IKeystoreSecurityLevel	3	importKey
android.system.keystore2.IKeystoreSecurityLevel	4	importWrappedKey
android.system.keystore2.IKeystoreSecurityLevel	5	convertStorageKeyToEphemeral
android.system.keystore2.IKeystoreSecurityLevel	6	deleteKey
android.system.keystore2.IKeystoreSecurityLevel	16777214	getInterfaceHash
android.system.keystore2.IKeystoreSecurityLevel	16777215	getInterfaceVersion
android.system.keystore2.IKeystoreService	1	getSecurityLevel
android.system.keystore2.IKeystoreService	2	getKeyEntry
android.system.keystore2.IKeystoreService	3	updateSubcomponent
android.system.keystore2.IKeystoreService	4	listEntries
android.system.keystore2.IKeystoreService	5	deleteKey
android.system.keystore2.IKeystoreService	6	grant
android.system.keystore2.IKeystoreService	7	ungrant
android.system.keystore2.IKeystoreService	8	getNumberOfEntries
android.system.keystore2.IKeystoreService	9	listEntriesBatched
android.system.keystore2.IKeystoreService	16777214	getInterfaceHash
android.system.keystore2.IKeystoreService	16777215	getInterfaceVersion
android.system.suspend.internal.ISuspendControlServiceInternal	1	enableAutosuspend
android.system.suspend.internal.ISuspendControlServiceInternal	2	forceSuspend
android.system.suspend.internal.ISuspendControlServiceInternal	3	getWakeLockStats
android.system.suspend.internal.ISuspendControlServiceInternal	4	getWakeLockStatsFiltered
android.system.suspend.internal.ISuspendControlServiceInternal	5	getWakeupStats
android.system.suspend.internal.ISuspendControlServiceInternal	6	getSuspendStats
android.telephony.IBooleanConsumer	1	accept
android.telephony.IBootstrapAuthenticationCallback	1	onKeysAvailable
android.telephony.IBootstrapAuthenticationCallback	2	onAuthenticationFailure
android.telephony.ICellBroadcastService	1	handleGsmCellBroadcastSms
android.telephony.ICellBroadcastService	2	handleCdmaCellBroadcastSms
android.telephony.ICellBroadcastService	3	handleCdmaScpMessage
android.telephony.ICellBroadcastService	4	getCellBroadcastAreaInfo
android.telephony.ICellInfoCallback	1	onCellInfo
android.telephony.ICellInfoCallback	2	onError
android.telephony.IIntegerConsumer	1	accept
android.telephony.INetworkService	1	createNetworkServiceProvider
android.telephony.INetworkService	2	removeNetworkServiceProvider
android.telephony.INetworkService	3	requestNetworkRegistrationInfo
android.telephony.INetworkService	4	registerForNetworkRegistrationInfoChanged
android.telephony.INetworkService	5	unregisterForNetworkRegistrationInfoChanged
android.telephony.INetworkServiceCallback	1	onRequestNetworkRegistrationInfoComplete
android.telephony.INetworkServiceCallback	2	onNetworkStateChanged
android.telephony.data.IDataService	1	createDataServiceProvider
android.telephony.data.IDataService	2	removeDataServiceProvider
android.telephony.data.IDataService	3	setupDataCall
android.telephony.data.IDataService	4	deactivateDataCall
android.telephony.data.IDataService	5	setInitialAttachApn
android.telephony.data.IDataService	6	setDataProfile
android.telephony.data.IDataService	7	requestDataCallList
android.telephony.data.IDataService	8	registerForDataCallListChanged
android.telephony.data.IDataService	9	unregisterForDataCallListChanged
android.telephony.data.IDataService	10	startHandover
android.telephony.data.IDataService	11	cancelHandover
android.telephony.data.IDataService	12	registerForUnthrottleApn
android.telephony.data.IDataService	13	unregisterForUnthrottleApn
android.telephony.data.IDataService	14	requestNetworkValidation
android.telephony.data.IDataServiceCallback	1	onSetupDataCallComplete
android.telephony.data.IDataServiceCallback	2	onDeactivateDataCallComplete
android.telephony.data.IDataServiceCallback	3	onSetInitialAttachApnComplete
android.telephony.data.IDataServiceCallback	4	onSetDataProfileComplete
android.telephony.data.IDataServiceCallback	5	onRequestDataCallListComplete
android.telephony.data.IDataServiceCallback	6	onDataCallListChanged
android.telephony.data.IDataServiceCallback	7	onHandoverStarted
android.telephony.data.IDataServiceCallback	8	onHandoverCancelled
android.telephony.data.IDataServiceCallback	9	onApnUnthrottled
android.telephony.data.IDataServiceCallback	10	onDataProfileUnthrottled
android.telephony.data.IQualifiedNetworksService	1	createNetworkAvailabilityProvider
android.telephony.data.IQualifiedNetworksService	2	removeNetworkAvailabilityProvider
android.telephony.data.IQualifiedNetworksService	3	reportThrottleStatusChanged
android.telephony.data.IQualifiedNetworksService	4	reportEmergencyDataNetworkPreferredTransportChanged
android.telephony.data.IQualifiedNetworksServiceCallback	1	onQualifiedNetworkTypesChanged
android.telephony.data.IQualifiedNetworksServiceCallback	2	onNetworkValidationRequested
android.telephony.data.IQualifiedNetworksServiceCallback	3	onReconnectQualifiedNetworkType
android.telephony.gba.IGbaService	1	authenticationRequest
android.telephony.ims.aidl.ICapabilityExchangeEventListener	1	onRequestPublishCapabilities
android.telephony.ims.aidl.ICapabilityExchangeEventListener	2	onUnpublish
android.telephony.ims.aidl.ICapabilityExchangeEventListener	3	onPublishUpdated
android.telephony.ims.aidl.ICapabilityExchangeEventListener	4	onRemoteCapabilityRequest
android.telephony.ims.aidl.IFeatureProvisioningCallback	1	onFeatureProvisioningChanged
android.telephony.ims.aidl.IFeatureProvisioningCallback	2	onRcsFeatureProvisioningChanged
android.telephony.ims.aidl.IImsCallSessionListener	1	callSessionInitiating
android.telephony.ims.aidl.IImsCallSessionListener	2	callSessionInitiatingFailed
android.telephony.ims.aidl.IImsCallSessionListener	3	callSessionProgressing
android.telephony.ims.aidl.IImsCallSessionListener	4	callSessionInitiated
android.telephony.ims.aidl.IImsCallSessionListener	5	callSessionInitiatedFailed
android.telephony.ims.aidl.IImsCallSessionListener	6	callSessionTerminated
android.telephony.ims.aidl.IImsCallSessionListener	7	callSessionHeld
android.telephony.ims.aidl.IImsCallSessionListener	8	callSessionHoldFailed
android.telephony.ims.aidl.IImsCallSessionListener	9	callSessionHoldReceived
android.telephony.ims.aidl.IImsCallSessionListener	10	callSessionResumed
android.telephony.ims.aidl.IImsCallSessionListener	11	callSessionResumeFailed
android.telephony.ims.aidl.IImsCallSessionListener	12	callSessionResumeReceived
android.telephony.ims.aidl.IImsCallSessionListener	13	callSessionMergeStarted
android.telephony.ims.aidl.IImsCallSessionListener	14	callSessionMergeComplete
android.telephony.ims.aidl.IImsCallSessionListener	15	callSessionMergeFailed
android.telephony.ims.aidl.IImsCallSessionListener	16	callSessionUpdated
android.telephony.ims.aidl.IImsCallSessionListener	17	callSessionUpdateFailed
android.telephony.ims.aidl.IImsCallSessionListener	18	callSessionUpdateReceived
android.telephony.ims.aidl.IImsCallSessionListener	19	callSessionConferenceExtended
android.telephony.ims.aidl.IImsCallSessionListener	20	callSessionConferenceExtendFailed
android.telephony.ims.aidl.IImsCallSessionListener	21	callSessionConferenceExtendReceived
android.telephony.ims.aidl.IImsCallSessionListener	22	callSessionInviteParticipantsRequestDelivered
android.telephony.ims.aidl.IImsCallSessionListener	23	callSessionInviteParticipantsRequestFailed
android.telephony.ims.aidl.IImsCallSessionListener	24	callSessionRemoveParticipantsRequestDelivered
android.telephony.ims.aidl.IImsCallSessionListener	25	callSessionRemoveParticipantsRequestFailed
android.telephony.ims.aidl.IImsCallSessionListener	26	callSessionConferenceStateUpdated
android.telephony.ims.aidl.IImsCallSessionListener	27	callSessionUssdMessageReceived
android.telephony.ims.aidl.IImsCallSessionListener	28	callSessionHandover
android.telephony.ims.aidl.IImsCallSessionListener	29	callSessionHandoverFailed
android.telephony.ims.aidl.IImsCallSessionListener	30	callSessionMayHandover
android.telephony.ims.aidl.IImsCallSessionListener	31	callSessionTtyModeReceived
android.telephony.ims.aidl.IImsCallSessionListener	32	callSessionMultipartyStateChanged
android.telephony.ims.aidl.IImsCallSessionListener	33	callSessionSuppServiceReceived
android.telephony.ims.aidl.IImsCallSessionListener	34	callSessionRttModifyRequestReceived
android.telephony.ims.aidl.IImsCallSessionListener	35	callSessionRttModifyResponseReceived
android.telephony.ims.aidl.IImsCallSessionListener	36	callSessionRttMessageReceived
android.telephony.ims.aidl.IImsCallSessionListener	37	callSessionRttAudioIndicatorChanged
android.telephony.ims.aidl.IImsCallSessionListener	38	callSessionTransferred
android.telephony.ims.aidl.IImsCallSessionListener	39	callSessionTransferFailed
android.telephony.ims.aidl.IImsCallSessionListener	40	callSessionDtmfReceived
android.telephony.ims.aidl.IImsCallSessionListener	41	callQualityChanged
android.telephony.ims.aidl.IImsCallSessionListener	42	callSessionRtpHeaderExtensionsReceived
android.telephony.ims.aidl.IImsCallSessionListener	43	callSessionSendAnbrQuery
android.telephony.ims.aidl.IImsCapabilityCallback	1	onQueryCapabilityConfiguration
android.telephony.ims.aidl.IImsCapabilityCallback	2	onChangeCapabilityConfigurationError
android.telephony.ims.aidl.IImsCapabilityCallback	3	onCapabilitiesStatusChanged
android.telephony.ims.aidl.IImsConfig	1	addImsConfigCallback
android.telephony.ims.aidl.IImsConfig	2	removeImsConfigCallback
android.telephony.ims.aidl.IImsConfig	3	getConfigInt
android.telephony.ims.aidl.IImsConfig	4	getConfigString
android.telephony.ims.aidl.IImsConfig	5	setConfigInt
android.telephony.ims.aidl.IImsConfig	6	setConfigString
android.telephony.ims.aidl.IImsConfig	7	updateImsCarrierConfigs
android.telephony.ims.aidl.IImsConfig	8	notifyRcsAutoConfigurationReceived
android.telephony.ims.aidl.IImsConfig	9	notifyRcsAutoConfigurationRemoved
android.telephony.ims.aidl.IImsConfig	10	addRcsConfigCallback
android.telephony.ims.aidl.IImsConfig	11	removeRcsConfigCallback
android.telephony.ims.aidl.IImsConfig	12	triggerRcsReconfiguration
android.telephony.ims.aidl.IImsConfig	13	setRcsClientConfiguration
android.telephony.ims.aidl.IImsConfig	14	notifyIntImsConfigChanged
android.telephony.ims.aidl.IImsConfig	15	notifyStringImsConfigChanged
android.telephony.ims.aidl.IImsConfigCallback	1	onIntConfigChanged
android.telephony.ims.aidl.IImsConfigCallback	2	onStringConfigChanged
android.telephony.ims.aidl.IImsMmTelFeature	1	setListener
android.telephony.ims.aidl.IImsMmTelFeature	2	getFeatureState
android.telephony.ims.aidl.IImsMmTelFeature	3	createCallProfile
android.telephony.ims.aidl.IImsMmTelFeature	4	changeOfferedRtpHeaderExtensionTypes
android.telephony.ims.aidl.IImsMmTelFeature	5	createCallSession
android.telephony.ims.aidl.IImsMmTelFeature	6	shouldProcessCall
android.telephony.ims.aidl.IImsMmTelFeature	7	getUtInterface
android.telephony.ims.aidl.IImsMmTelFeature	8	getEcbmInterface
android.telephony.ims.aidl.IImsMmTelFeature	9	setUiTtyMode
android.telephony.ims.aidl.IImsMmTelFeature	10	getMultiEndpointInterface
android.telephony.ims.aidl.IImsMmTelFeature	11	queryCapabilityStatus
android.telephony.ims.aidl.IImsMmTelFeature	12	setTerminalBasedCallWaitingStatus
android.telephony.ims.aidl.IImsMmTelFeature	13	addCapabilityCallback
android.telephony.ims.aidl.IImsMmTelFeature	14	removeCapabilityCallback
android.telephony.ims.aidl.IImsMmTelFeature	15	changeCapabilitiesConfiguration
android.telephony.ims.aidl.IImsMmTelFeature	16	queryCapabilityConfiguration
android.telephony.ims.aidl.IImsMmTelFeature	17	notifySrvccStarted
android.telephony.ims.aidl.IImsMmTelFeature	18	notifySrvccCompleted
android.telephony.ims.aidl.IImsMmTelFeature	19	notifySrvccFailed
android.telephony.ims.aidl.IImsMmTelFeature	20	notifySrvccCanceled
android.telephony.ims.aidl.IImsMmTelFeature	21	setMediaQualityThreshold
android.telephony.ims.aidl.IImsMmTelFeature	22	queryMediaQualityStatus
android.telephony.ims.aidl.IImsMmTelFeature	23	setSmsListener
android.telephony.ims.aidl.IImsMmTelFeature	24	sendSms
android.telephony.ims.aidl.IImsMmTelFeature	25	onMemoryAvailable
android.telephony.ims.aidl.IImsMmTelFeature	26	acknowledgeSms
android.telephony.ims.aidl.IImsMmTelFeature	27	acknowledgeSmsWithPdu
android.telephony.ims.aidl.IImsMmTelFeature	28	acknowledgeSmsReport
android.telephony.ims.aidl.IImsMmTelFeature	29	getSmsFormat
android.telephony.ims.aidl.IImsMmTelFeature	30	onSmsReady
android.telephony.ims.aidl.IImsMmTelListener	1	onIncomingCall
android.telephony.ims.aidl.IImsMmTelListener	2	onRejectedCall
android.telephony.ims.aidl.IImsMmTelListener	3	onVoiceMessageCountUpdate
android.telephony.ims.aidl.IImsMmTelListener	4	onAudioModeIsVoipChanged
android.telephony.ims.aidl.IImsMmTelListener	5	onTriggerEpsFallback
android.telephony.ims.aidl.IImsMmTelListener	6	onStartImsTrafficSession
android.telephony.ims.aidl.IImsMmTelListener	7	onModifyImsTrafficSession
android.telephony.ims.aidl.IImsMmTelListener	8	onStopImsTrafficSession
android.telephony.ims.aidl.IImsMmTelListener	9	onMediaQualityStatusChanged
android.telephony.ims.aidl.IImsRcsController	1	registerImsRegistrationCallback
android.telephony.ims.aidl.IImsRcsController	2	unregisterImsRegistrationCallback
android.telephony.ims.aidl.IImsRcsController	3	getImsRcsRegistrationState
android.telephony.ims.aidl.IImsRcsController	4	getImsRcsRegistrationTransportType
android.telephony.ims.aidl.IImsRcsController	5	registerRcsAvailabilityCallback
android.telephony.ims.aidl.IImsRcsController	6	unregisterRcsAvailabilityCallback
android.telephony.ims.aidl.IImsRcsController	7	isCapable
android.telephony.ims.aidl.IImsRcsController	8	isAvailable
android.telephony.ims.aidl.IImsRcsController	9	requestCapabilities
android.telephony.ims.aidl.IImsRcsController	10	requestAvailability
android.telephony.ims.aidl.IImsRcsController	11	getUcePublishState
android.telephony.ims.aidl.IImsRcsController	12	isUceSettingEnabled
android.telephony.ims.aidl.IImsRcsController	13	setUceSettingEnabled
android.telephony.ims.aidl.IImsRcsController	14	registerUcePublishStateCallback
android.telephony.ims.aidl.IImsRcsController	15	unregisterUcePublishStateCallback
android.telephony.ims.aidl.IImsRcsController	16	isSipDelegateSupported
android.telephony.ims.aidl.IImsRcsController	17	createSipDelegate
android.telephony.ims.aidl.IImsRcsController	18	destroySipDelegate
android.telephony.ims.aidl.IImsRcsController	19	triggerNetworkRegistration
android.telephony.ims.aidl.IImsRcsController	20	registerSipDialogStateCallback
android.telephony.ims.aidl.IImsRcsController	21	unregisterSipDialogStateCallback
android.telephony.ims.aidl.IImsRcsController	22	registerRcsFeatureCallback
android.telephony.ims.aidl.IImsRcsController	23	unregisterImsFeatureCallback
android.telephony.ims.aidl.IImsRcsFeature	1	queryCapabilityStatus
android.telephony.ims.aidl.IImsRcsFeature	2	getFeatureState
android.telephony.ims.aidl.IImsRcsFeature	3	addCapabilityCallback
android.telephony.ims.aidl.IImsRcsFeature	4	removeCapabilityCallback
android.telephony.ims.aidl.IImsRcsFeature	5	changeCapabilitiesConfiguration
android.telephony.ims.aidl.IImsRcsFeature	6	queryCapabilityConfiguration
android.telephony.ims.aidl.IImsRcsFeature	7	setCapabilityExchangeEventListener
android.telephony.ims.aidl.IImsRcsFeature	8	publishCapabilities
android.telephony.ims.aidl.IImsRcsFeature	9	subscribeForCapabilities
android.telephony.ims.aidl.IImsRcsFeature	10	sendOptionsCapabilityRequest
android.telephony.ims.aidl.IImsRegistration	1	getRegistrationTechnology
android.telephony.ims.aidl.IImsRegistration	2	addRegistrationCallback
android.telephony.ims.aidl.IImsRegistration	3	removeRegistrationCallback
android.telephony.ims.aidl.IImsRegistration	4	addEmergencyRegistrationCallback
android.telephony.ims.aidl.IImsRegistration	5	removeEmergencyRegistrationCallback
android.telephony.ims.aidl.IImsRegistration	6	triggerFullNetworkRegistration
android.telephony.ims.aidl.IImsRegistration	7	triggerUpdateSipDelegateRegistration
android.telephony.ims.aidl.IImsRegistration	8	triggerSipDelegateDeregistration
android.telephony.ims.aidl.IImsRegistration	9	triggerDeregistration
android.telephony.ims.aidl.IImsRegistrationCallback	1	onRegistered
android.telephony.ims.aidl.IImsRegistrationCallback	2	onRegistering
android.telephony.ims.aidl.IImsRegistrationCallback	3	onDeregistered
android.telephony.ims.aidl.IImsRegistrationCallback	4	onDeregisteredWithDetails
android.telephony.ims.aidl.IImsRegistrationCallback	5	onTechnologyChangeFailed
android.telephony.ims.aidl.IImsRegistrationCallback	6	onSubscriberAssociatedUriChanged
android.telephony.ims.aidl.IImsServiceController	1	setListener
android.telephony.ims.aidl.IImsServiceController	2	createMmTelFeature
android.telephony.ims.aidl.IImsServiceController	3	createEmergencyOnlyMmTelFeature
android.telephony.ims.aidl.IImsServiceController	4	createRcsFeature
android.telephony.ims.aidl.IImsServiceController	5	querySupportedImsFeatures
android.telephony.ims.aidl.IImsServiceController	6	getImsServiceCapabilities
android.telephony.ims.aidl.IImsServiceController	7	addFeatureStatusCallback
android.telephony.ims.aidl.IImsServiceController	8	removeFeatureStatusCallback
android.telephony.ims.aidl.IImsServiceController	9	notifyImsServiceReadyForFeatureCreation
android.telephony.ims.aidl.IImsServiceController	10	removeImsFeature
android.telephony.ims.aidl.IImsServiceController	11	getConfig
android.telephony.ims.aidl.IImsServiceController	12	getRegistration
android.telephony.ims.aidl.IImsServiceController	13	getSipTransport
android.telephony.ims.aidl.IImsServiceController	14	enableIms
android.telephony.ims.aidl.IImsServiceController	15	disableIms
android.telephony.ims.aidl.IImsServiceController	16	resetIms
android.telephony.ims.aidl.IImsServiceControllerListener	1	onUpdateSupportedImsFeatures
android.telephony.ims.aidl.IImsSmsListener	1	onSendSmsResult
android.telephony.ims.aidl.IImsSmsListener	2	onSmsStatusReportReceived
android.telephony.ims.aidl.IImsSmsListener	3	onSmsReceived
android.telephony.ims.aidl.IImsSmsListener	4	onMemoryAvailableResult
android.telephony.ims.aidl.IImsTrafficSessionCallback	1	onReady
android.telephony.ims.aidl.IImsTrafficSessionCallback	2	onError
android.telephony.ims.aidl.IOptionsRequestCallback	1	respondToCapabilityRequest
android.telephony.ims.aidl.IOptionsRequestCallback	2	respondToCapabilityRequestWithError
android.telephony.ims.aidl.IOptionsResponseCallback	1	onCommandError
android.telephony.ims.aidl.IOptionsResponseCallback	2	onNetworkResponse
android.telephony.ims.aidl.IPublishResponseCallback	1	onCommandError
android.telephony.ims.aidl.IPublishResponseCallback	2	onNetworkResponse
android.telephony.ims.aidl.IRcsConfigCallback	1	onConfigurationChanged
android.telephony.ims.aidl.IRcsConfigCallback	2	onAutoConfigurationErrorReceived
android.telephony.ims.aidl.IRcsConfigCallback	3	onConfigurationReset
android.telephony.ims.aidl.IRcsConfigCallback	4	onRemoved
android.telephony.ims.aidl.IRcsConfigCallback	5	onPreProvisioningReceived
android.telephony.ims.aidl.IRcsUceControllerCallback	1	onCapabilitiesReceived
android.telephony.ims.aidl.IRcsUceControllerCallback	2	onComplete
android.telephony.ims.aidl.IRcsUceControllerCallback	3	onError
android.telephony.ims.aidl.IRcsUcePublishStateCallback	1	onPublishUpdated
android.telephony.ims.aidl.ISipDelegate	1	sendMessage
android.telephony.ims.aidl.ISipDelegate	2	notifyMessageReceived
android.telephony.ims.aidl.ISipDelegate	3	notifyMessageReceiveError
android.telephony.ims.aidl.ISipDelegate	4	cleanupSession
android.telephony.ims.aidl.ISipDelegateConnectionStateCallback	1	onCreated
android.telephony.ims.aidl.ISipDelegateConnectionStateCallback	2	onFeatureTagStatusChanged
android.telephony.ims.aidl.ISipDelegateConnectionStateCallback	3	onImsConfigurationChanged
android.telephony.ims.aidl.ISipDelegateConnectionStateCallback	4	onConfigurationChanged
android.telephony.ims.aidl.ISipDelegateConnectionStateCallback	5	onDestroyed
android.telephony.ims.aidl.ISipDelegateMessageCallback	1	onMessageReceived
android.telephony.ims.aidl.ISipDelegateMessageCallback	2	onMessageSent
android.telephony.ims.aidl.ISipDelegateMessageCallback	3	onMessageSendFailure
android.telephony.ims.aidl.ISipDelegateStateCallback	1	onCreated
android.telephony.ims.aidl.ISipDelegateStateCallback	2	onFeatureTagRegistrationChanged
android.telephony.ims.aidl.ISipDelegateStateCallback	3	onImsConfigurationChanged
android.telephony.ims.aidl.ISipDelegateStateCallback	4	onConfigurationChanged
android.telephony.ims.aidl.ISipDelegateStateCallback	5	onDestroyed
android.telephony.ims.aidl.ISipTransport	1	createSipDelegate
android.telephony.ims.aidl.ISipTransport	2	destroySipDelegate
android.telephony.ims.aidl.ISrvccStartedCallback	1	onSrvccCallNotified
android.telephony.ims.aidl.ISubscribeResponseCallback	1	onCommandError
android.telephony.ims.aidl.ISubscribeResponseCallback	2	onNetworkResponse
android.telephony.ims.aidl.ISubscribeResponseCallback	3	onNotifyCapabilitiesUpdate
android.telephony.ims.aidl.ISubscribeResponseCallback	4	onResourceTerminated
android.telephony.ims.aidl.ISubscribeResponseCallback	5	onTerminated
android.telephony.mbms.IDownloadProgressListener	1	onProgressUpdated
android.telephony.mbms.IDownloadStatusListener	1	onStatusUpdated
android.telephony.mbms.IGroupCallCallback	1	onError
android.telephony.mbms.IGroupCallCallback	2	onGroupCallStateChanged
android.telephony.mbms.IGroupCallCallback	3	onBroadcastSignalStrengthUpdated
android.telephony.mbms.IMbmsDownloadSessionCallback	1	onError
android.telephony.mbms.IMbmsDownloadSessionCallback	2	onFileServicesUpdated
android.telephony.mbms.IMbmsDownloadSessionCallback	3	onMiddlewareReady
android.telephony.mbms.IMbmsGroupCallSessionCallback	1	onError
android.telephony.mbms.IMbmsGroupCallSessionCallback	2	onAvailableSaisUpdated
android.telephony.mbms.IMbmsGroupCallSessionCallback	3	onServiceInterfaceAvailable
android.telephony.mbms.IMbmsGroupCallSessionCallback	4	onMiddlewareReady
android.telephony.mbms.IMbmsStreamingSessionCallback	1	onError
android.telephony.mbms.IMbmsStreamingSessionCallback	2	onStreamingServicesUpdated
android.telephony.mbms.IMbmsStreamingSessionCallback	3	onMiddlewareReady
android.telephony.mbms.IStreamingServiceCallback	1	onError
android.telephony.mbms.IStreamingServiceCallback	2	onStreamStateUpdated
android.telephony.mbms.IStreamingServiceCallback	3	onMediaDescriptionUpdated
android.telephony.mbms.IStreamingServiceCallback	4	onBroadcastSignalStrengthUpdated
android.telephony.mbms.IStreamingServiceCallback	5	onStreamMethodUpdated
android.telephony.mbms.vendor.IMbmsDownloadService	1	initialize
android.telephony.mbms.vendor.IMbmsDownloadService	2	requestUpdateFileServices
android.telephony.mbms.vendor.IMbmsDownloadService	3	setTempFileRootDirectory
android.telephony.mbms.vendor.IMbmsDownloadService	4	addServiceAnnouncement
android.telephony.mbms.vendor.IMbmsDownloadService	5	download
android.telephony.mbms.vendor.IMbmsDownloadService	6	addStatusListener
android.telephony.mbms.vendor.IMbmsDownloadService	7	removeStatusListener
android.telephony.mbms.vendor.IMbmsDownloadService	8	addProgressListener
android.telephony.mbms.vendor.IMbmsDownloadService	9	removeProgressListener
android.telephony.mbms.vendor.IMbmsDownloadService	10	listPendingDownloads
android.telephony.mbms.vendor.IMbmsDownloadService	11	cancelDownload
android.telephony.mbms.vendor.IMbmsDownloadService	12	requestDownloadState
android.telephony.mbms.vendor.IMbmsDownloadService	13	resetDownloadKnowledge
android.telephony.mbms.vendor.IMbmsDownloadService	14	dispose
android.telephony.mbms.vendor.IMbmsGroupCallService	1	initialize
android.telephony.mbms.vendor.IMbmsGroupCallService	2	stopGroupCall
android.telephony.mbms.vendor.IMbmsGroupCallService	3	updateGroupCall
android.telephony.mbms.vendor.IMbmsGroupCallService	4	startGroupCall
android.telephony.mbms.vendor.IMbmsGroupCallService	5	dispose
android.telephony.mbms.vendor.IMbmsStreamingService	1	initialize
android.telephony.mbms.vendor.IMbmsStreamingService	2	requestUpdateStreamingServices
android.telephony.mbms.vendor.IMbmsStreamingService	3	startStreaming
android.telephony.mbms.vendor.IMbmsStreamingService	4	getPlaybackUri
android.telephony.mbms.vendor.IMbmsStreamingService	5	stopStreaming
android.telephony.mbms.vendor.IMbmsStreamingService	6	dispose
android.telephony.satellite.INtnSignalStrengthCallback	1	onNtnSignalStrengthChanged
android.telephony.satellite.ISatelliteCapabilitiesCallback	1	onSatelliteCapabilitiesChanged
android.telephony.satellite.ISatelliteCommunicationAllowedStateCallback	1	onSatelliteCommunicationAllowedStateChanged
android.telephony.satellite.ISatelliteCommunicationAllowedStateCallback	2	onSatelliteAccessConfigurationChanged
android.telephony.satellite.ISatelliteDatagramCallback	1	onSatelliteDatagramReceived
android.telephony.satellite.ISatelliteDisallowedReasonsCallback	1	onSatelliteDisallowedReasonsChanged
android.telephony.satellite.ISatelliteModemStateCallback	1	onSatelliteModemStateChanged
android.telephony.satellite.ISatelliteModemStateCallback	2	onEmergencyModeChanged
android.telephony.satellite.ISatelliteModemStateCallback	3	onRegistrationFailure
android.telephony.satellite.ISatelliteModemStateCallback	4	onTerrestrialNetworkAvailableChanged
android.telephony.satellite.ISatelliteProvisionStateCallback	1	onSatelliteProvisionStateChanged
android.telephony.satellite.ISatelliteProvisionStateCallback	2	onSatelliteSubscriptionProvisionStateChanged
android.telephony.satellite.ISatelliteSupportedStateCallback	1	onSatelliteSupportedStateChanged
android.telephony.satellite.ISatelliteTransmissionUpdateCallback	1	onSendDatagramStateChanged
android.telephony.satellite.ISatelliteTransmissionUpdateCallback	2	onReceiveDatagramStateChanged
android.telephony.satellite.ISatelliteTransmissionUpdateCallback	3	onSatellitePositionChanged
android.telephony.satellite.ISatelliteTransmissionUpdateCallback	4	onSendDatagramRequested
android.telephony.satellite.ISelectedNbIotSatelliteSubscriptionCallback	1	onSelectedNbIotSatelliteSubscriptionChanged
android.telephony.satellite.stub.INtnSignalStrengthConsumer	1	accept
android.telephony.satellite.stub.ISatellite	1	setSatelliteListener
android.telephony.satellite.stub.ISatellite	2	requestSatelliteListeningEnabled
android.telephony.satellite.stub.ISatellite	3	enableTerrestrialNetworkScanWhileSatelliteModeIsOn
android.telephony.satellite.stub.ISatellite	4	requestSatelliteEnabled
android.telephony.satellite.stub.ISatellite	5	requestIsSatelliteEnabled
android.telephony.satellite.stub.ISatellite	6	requestIsSatelliteSupported
android.telephony.satellite.stub.ISatellite	7	requestSatelliteCapabilities
android.telephony.satellite.stub.ISatellite	8	startSendingSatellitePointingInfo
android.telephony.satellite.stub.ISatellite	9	stopSendingSatellitePointingInfo
android.telephony.satellite.stub.ISatellite	10	pollPendingSatelliteDatagrams
android.telephony.satellite.stub.ISatellite	11	sendSatelliteDatagram
android.telephony.satellite.stub.ISatellite	12	requestSatelliteModemState
android.telephony.satellite.stub.ISatellite	13	requestTimeForNextSatelliteVisibility
android.telephony.satellite.stub.ISatellite	14	setSatellitePlmn
android.telephony.satellite.stub.ISatellite	15	setSatelliteEnabledForCarrier
android.telephony.satellite.stub.ISatellite	16	requestIsSatelliteEnabledForCarrier
android.telephony.satellite.stub.ISatellite	17	requestSignalStrength
android.telephony.satellite.stub.ISatellite	18	startSendingNtnSignalStrength
android.telephony.satellite.stub.ISatellite	19	stopSendingNtnSignalStrength
android.telephony.satellite.stub.ISatellite	20	abortSendingSatelliteDatagrams
android.telephony.satellite.stub.ISatellite	21	updateSatelliteSubscription
android.telephony.satellite.stub.ISatellite	22	updateSystemSelectionChannels
android.telephony.satellite.stub.ISatelliteCapabilitiesConsumer	1	accept
android.telephony.satellite.stub.ISatelliteListener	1	onSatelliteDatagramReceived
android.telephony.satellite.stub.ISatelliteListener	2	onPendingDatagrams
android.telephony.satellite.stub.ISatelliteListener	3	onSatellitePositionChanged
android.telephony.satellite.stub.ISatelliteListener	4	onSatelliteModemStateChanged
android.telephony.satellite.stub.ISatelliteListener	5	onNtnSignalStrengthChanged
android.telephony.satellite.stub.ISatelliteListener	6	onSatelliteCapabilitiesChanged
android.telephony.satellite.stub.ISatelliteListener	7	onSatelliteSupportedStateChanged
android.telephony.satellite.stub.ISatelliteListener	8	onRegistrationFailure
android.telephony.satellite.stub.ISatelliteListener	9	onTerrestrialNetworkAvailableChanged
android.tracing.ITracingServiceProxy	1	notifyTraceSessionEnded
android.tracing.ITracingServiceProxy	2	reportTrace
android.view.IAppTransitionAnimationSpecsFuture	1	get
android.view.ICrossWindowBlurEnabledListener	1	onCrossWindowBlurEnabledChanged
android.view.IDecorViewGestureListener	1	onInterceptionChanged
android.view.IDisplayChangeWindowCallback	1	continueDisplayChange
android.view.IDisplayChangeWindowController	1	onDisplayChange
android.view.IDisplayFoldListener	1	onDisplayFoldChanged
android.view.IDisplayWindowInsetsController	1	topFocusedWindowChanged
android.view.IDisplayWindowInsetsController	2	insetsChanged
android.view.IDisplayWindowInsetsController	3	insetsControlChanged
android.view.IDisplayWindowInsetsController	4	showInsets
android.view.IDisplayWindowInsetsController	5	hideInsets
android.view.IDisplayWindowInsetsController	6	setImeInputTargetRequestedVisibility
android.view.IDisplayWindowListener	1	onDisplayAdded
android.view.IDisplayWindowListener	2	onDisplayConfigurationChanged
android.view.IDisplayWindowListener	3	onDisplayRemoved
android.view.IDisplayWindowListener	4	onFixedRotationStarted
android.view.IDisplayWindowListener	5	onFixedRotationFinished
android.view.IDisplayWindowListener	6	onKeepClearAreasChanged
android.view.IDockedStackListener	1	onDividerVisibilityChanged
android.view.IDockedStackListener	2	onDockedStackExistsChanged
android.view.IDockedStackListener	3	onDockedStackMinimizedChanged
android.view.IDockedStackListener	4	onAdjustedForImeChanged
android.view.IDockedStackListener	5	onDockSideChanged
android.view.IGraphicsStats	1	requestBufferForProcess
android.view.IGraphicsStatsCallback	1	onRotateGraphicsStatsBuffer
android.view.IInputFilter	1	install
android.view.IInputFilter	2	uninstall
android.view.IInputFilter	3	filterInputEvent
android.view.IInputFilterHost	1	sendInputEvent
android.view.IInputMonitorHost	1	pilferPointers
android.view.IInputMonitorHost	2	dispose
android.view.IOnKeyguardExitResult	1	onKeyguardExitResult
android.view.IPinnedTaskListener	1	onMovementBoundsChanged
android.view.IPinnedTaskListener	2	onImeVisibilityChanged
android.view.IRemoteAnimationFinishedCallback	1	onAnimationFinished
android.view.IRemoteAnimationRunner	1	onAnimationStart
android.view.IRemoteAnimationRunner	2	onAnimationCancelled
android.view.IRotationWatcher	1	onRotationChanged
android.view.IScrollCaptureCallbacks	1	onCaptureStarted
android.view.IScrollCaptureCallbacks	2	onImageRequestCompleted
android.view.IScrollCaptureCallbacks	3	onCaptureEnded
android.view.IScrollCaptureConnection	1	startCapture
android.view.IScrollCaptureConnection	2	requestImage
android.view.IScrollCaptureConnection	3	endCapture
android.view.IScrollCaptureConnection	4	close
android.view.IScrollCaptureResponseListener	1	onScrollCaptureResponse
android.view.ISensitiveContentProtectionManager	1	setSensitiveContentProtection
android.view.ISurfaceControlViewHost	1	onConfigurationChanged
android.view.ISurfaceControlViewHost	2	onDispatchDetachedFromWindow
android.view.ISurfaceControlViewHost	3	onInsetsChanged
android.view.ISurfaceControlViewHost	4	getSurfaceSyncGroup
android.view.ISurfaceControlViewHost	5	attachParentInterface
android.view.ISurfaceControlViewHostParent	1	updateParams
android.view.ISurfaceControlViewHostParent	2	forwardBackKeyToParent
android.view.ISystemGestureExclusionListener	1	onSystemGestureExclusionChanged
android.view.IWallpaperVisibilityListener	1	onWallpaperVisibilityChanged
android.view.IWindow	1	executeCommand
android.view.IWindow	2	resized
android.view.IWindow	3	insetsControlChanged
android.view.IWindow	4	showInsets
android.view.IWindow	5	hideInsets
android.view.IWindow	6	moved
android.view.IWindow	7	dispatchAppVisibility
android.view.IWindow	8	dispatchGetNewSurface
android.view.IWindow	9	closeSystemDialogs
android.view.IWindow	10	dispatchWallpaperOffsets
android.view.IWindow	11	dispatchWallpaperCommand
android.view.IWindow	12	dispatchDragEvent
android.view.IWindow	13	dispatchWindowShown
android.view.IWindow	14	requestAppKeyboardShortcuts
android.view.IWindow	15	requestScrollCapture
android.view.IWindow	16	dumpWindow
android.view.IWindowFocusObserver	1	focusGained
android.view.IWindowFocusObserver	2	focusLost
android.view.IWindowId	1	registerFocusObserver
android.view.IWindowId	2	unregisterFocusObserver
android.view.IWindowId	3	isFocused
android.view.IWindowManager	1	startViewServer
android.view.IWindowManager	2	stopViewServer
android.view.IWindowManager	3	isViewServerRunning
android.view.IWindowManager	4	openSession
android.view.IWindowManager	5	getInitialDisplaySize
android.view.IWindowManager	6	getBaseDisplaySize
android.view.IWindowManager	7	setForcedDisplaySize
android.view.IWindowManager	8	clearForcedDisplaySize
android.view.IWindowManager	9	getInitialDisplayDensity
android.view.IWindowManager	10	getBaseDisplayDensity
android.view.IWindowManager	11	getDisplayIdByUniqueId
android.view.IWindowManager	12	setForcedDisplayDensityForUser
android.view.IWindowManager	13	clearForcedDisplayDensityForUser
android.view.IWindowManager	14	setForcedDisplayScalingMode
android.view.IWindowManager	15	setEventDispatching
android.view.IWindowManager	16	isWindowToken
android.view.IWindowManager	17	addWindowToken
android.view.IWindowManager	18	removeWindowToken
android.view.IWindowManager	19	setDisplayChangeWindowController
android.view.IWindowManager	20	addShellRoot
android.view.IWindowManager	21	setShellRootAccessibilityWindow
android.view.IWindowManager	22	overridePendingAppTransitionMultiThumbFuture
android.view.IWindowManager	23	overridePendingAppTransitionRemote
android.view.IWindowManager	24	endProlongedAnimations
android.view.IWindowManager	25	startFreezingScreen
android.view.IWindowManager	26	stopFreezingScreen
android.view.IWindowManager	27	disableKeyguard
android.view.IWindowManager	28	reenableKeyguard
android.view.IWindowManager	29	exitKeyguardSecurely
android.view.IWindowManager	30	isKeyguardLocked
android.view.IWindowManager	31	isKeyguardSecure
android.view.IWindowManager	32	dismissKeyguard
android.view.IWindowManager	33	addKeyguardLockedStateListener
android.view.IWindowManager	34	removeKeyguardLockedStateListener
android.view.IWindowManager	35	setSwitchingUser
android.view.IWindowManager	36	closeSystemDialogs
android.view.IWindowManager	37	getAnimationScale
android.view.IWindowManager	38	getAnimationScales
android.view.IWindowManager	39	setAnimationScale
android.view.IWindowManager	40	setAnimationScales
android.view.IWindowManager	41	getCurrentAnimatorScale
android.view.IWindowManager	42	setInTouchMode
android.view.IWindowManager	43	setInTouchModeOnAllDisplays
android.view.IWindowManager	44	isInTouchMode
android.view.IWindowManager	45	showStrictModeViolation
android.view.IWindowManager	46	setStrictModeVisualIndicatorPreference
android.view.IWindowManager	47	refreshScreenCaptureDisabled
android.view.IWindowManager	48	getDefaultDisplayRotation
android.view.IWindowManager	49	getDisplayUserRotation
android.view.IWindowManager	50	watchRotation
android.view.IWindowManager	51	removeRotationWatcher
android.view.IWindowManager	52	registerProposedRotationListener
android.view.IWindowManager	53	getPreferredOptionsPanelGravity
android.view.IWindowManager	54	freezeRotation
android.view.IWindowManager	55	thawRotation
android.view.IWindowManager	56	isRotationFrozen
android.view.IWindowManager	57	freezeDisplayRotation
android.view.IWindowManager	58	thawDisplayRotation
android.view.IWindowManager	59	isDisplayRotationFrozen
android.view.IWindowManager	60	setFixedToUserRotation
android.view.IWindowManager	61	setIgnoreOrientationRequest
android.view.IWindowManager	62	screenshotWallpaper
android.view.IWindowManager	63	mirrorWallpaperSurface
android.view.IWindowManager	64	registerWallpaperVisibilityListener
android.view.IWindowManager	65	unregisterWallpaperVisibilityListener
android.view.IWindowManager	66	registerSystemGestureExclusionListener
android.view.IWindowManager	67	unregisterSystemGestureExclusionListener
android.view.IWindowManager	68	requestAssistScreenshot
android.view.IWindowManager	69	hideTransientBars
android.view.IWindowManager	70	setRecentsVisibility
android.view.IWindowManager	71	updateStaticPrivacyIndicatorBounds
android.view.IWindowManager	72	setNavBarVirtualKeyHapticFeedbackEnabled
android.view.IWindowManager	73	hasNavigationBar
android.view.IWindowManager	74	lockNow
android.view.IWindowManager	75	isSafeModeEnabled
android.view.IWindowManager	76	clearWindowContentFrameStats
android.view.IWindowManager	77	getWindowContentFrameStats
android.view.IWindowManager	78	getDockedStackSide
android.view.IWindowManager	79	registerPinnedTaskListener
android.view.IWindowManager	80	requestAppKeyboardShortcuts
android.view.IWindowManager	81	requestImeKeyboardShortcuts
android.view.IWindowManager	82	getStableInsets
android.view.IWindowManager	83	registerShortcutKey
android.view.IWindowManager	84	createInputConsumer
android.view.IWindowManager	85	destroyInputConsumer
android.view.IWindowManager	86	getCurrentImeTouchRegion
android.view.IWindowManager	87	registerDisplayFoldListener
android.view.IWindowManager	88	unregisterDisplayFoldListener
android.view.IWindowManager	89	registerDisplayWindowListener
android.view.IWindowManager	90	unregisterDisplayWindowListener
android.view.IWindowManager	91	startWindowTrace
android.view.IWindowManager	92	stopWindowTrace
android.view.IWindowManager	93	saveWindowTraceToFile
android.view.IWindowManager	94	isWindowTraceEnabled
android.view.IWindowManager	95	startTransitionTrace
android.view.IWindowManager	96	stopTransitionTrace
android.view.IWindowManager	97	isTransitionTraceEnabled
android.view.IWindowManager	98	getWindowingMode
android.view.IWindowManager	99	setWindowingMode
android.view.IWindowManager	100	getRemoveContentMode
android.view.IWindowManager	101	setRemoveContentMode
android.view.IWindowManager	102	shouldShowWithInsecureKeyguard
android.view.IWindowManager	103	setShouldShowWithInsecureKeyguard
android.view.IWindowManager	104	shouldShowSystemDecors
android.view.IWindowManager	105	setShouldShowSystemDecors
android.view.IWindowManager	106	getDisplayImePolicy
android.view.IWindowManager	107	setDisplayImePolicy
android.view.IWindowManager	108	syncInputTransactions
android.view.IWindowManager	109	isLayerTracing
android.view.IWindowManager	110	setLayerTracing
android.view.IWindowManager	111	mirrorDisplay
android.view.IWindowManager	112	setDisplayWindowInsetsController
android.view.IWindowManager	113	updateDisplayWindowRequestedVisibleTypes
android.view.IWindowManager	114	getWindowInsets
android.view.IWindowManager	115	getPossibleDisplayInfo
android.view.IWindowManager	116	showGlobalActions
android.view.IWindowManager	117	setLayerTracingFlags
android.view.IWindowManager	118	setActiveTransactionTracing
android.view.IWindowManager	119	requestScrollCapture
android.view.IWindowManager	120	holdLock
android.view.IWindowManager	121	getSupportedDisplayHashAlgorithms
android.view.IWindowManager	122	verifyDisplayHash
android.view.IWindowManager	123	setDisplayHashThrottlingEnabled
android.view.IWindowManager	124	attachWindowContextToDisplayArea
android.view.IWindowManager	125	attachWindowContextToWindowToken
android.view.IWindowManager	126	attachWindowContextToDisplayContent
android.view.IWindowManager	127	detachWindowContext
android.view.IWindowManager	128	reparentWindowContextToDisplayArea
android.view.IWindowManager	129	registerCrossWindowBlurEnabledListener
android.view.IWindowManager	130	unregisterCrossWindowBlurEnabledListener
android.view.IWindowManager	131	isTaskSnapshotSupported
android.view.IWindowManager	132	getImeDisplayId
android.view.IWindowManager	133	setTaskSnapshotEnabled
android.view.IWindowManager	134	registerTaskFpsCallback
android.view.IWindowManager	135	unregisterTaskFpsCallback
android.view.IWindowManager	136	snapshotTaskForRecents
android.view.IWindowManager	137	setRecentsAppBehindSystemBars
android.view.IWindowManager	138	getLetterboxBackgroundColorInArgb
android.view.IWindowManager	139	isLetterboxBackgroundMultiColored
android.view.IWindowManager	140	captureDisplay
android.view.IWindowManager	141	isGlobalKey
android.view.IWindowManager	142	addToSurfaceSyncGroup
android.view.IWindowManager	143	markSurfaceSyncGroupReady
android.view.IWindowManager	144	notifyScreenshotListeners
android.view.IWindowManager	145	replaceContentOnDisplay
android.view.IWindowManager	146	registerDecorViewGestureListener
android.view.IWindowManager	147	unregisterDecorViewGestureListener
android.view.IWindowManager	148	registerTrustedPresentationListener
android.view.IWindowManager	149	unregisterTrustedPresentationListener
android.view.IWindowManager	150	registerScreenRecordingCallback
android.view.IWindowManager	151	unregisterScreenRecordingCallback
android.view.IWindowManager	152	setGlobalDragListener
android.view.IWindowManager	153	transferTouchGesture
android.view.IWindowManager	154	getApplicationLaunchKeyboardShortcuts
android.view.IWindowSession	1	addToDisplay
android.view.IWindowSession	2	addToDisplayAsUser
android.view.IWindowSession	3	addToDisplayWithoutInputChannel
android.view.IWindowSession	4	remove
android.view.IWindowSession	5	relayout
android.view.IWindowSession	6	relayoutAsync
android.view.IWindowSession	7	outOfMemory
android.view.IWindowSession	8	setInsets
android.view.IWindowSession	9	finishDrawing
android.view.IWindowSession	10	performDrag
android.view.IWindowSession	11	dropForAccessibility
android.view.IWindowSession	12	reportDropResult
android.view.IWindowSession	13	cancelDragAndDrop
android.view.IWindowSession	14	dragRecipientEntered
android.view.IWindowSession	15	dragRecipientExited
android.view.IWindowSession	16	setWallpaperPosition
android.view.IWindowSession	17	setWallpaperZoomOut
android.view.IWindowSession	18	setShouldZoomOutWallpaper
android.view.IWindowSession	19	wallpaperOffsetsComplete
android.view.IWindowSession	20	setWallpaperDisplayOffset
android.view.IWindowSession	21	sendWallpaperCommand
android.view.IWindowSession	22	wallpaperCommandComplete
android.view.IWindowSession	23	onRectangleOnScreenRequested
android.view.IWindowSession	24	getWindowId
android.view.IWindowSession	25	pokeDrawLock
android.view.IWindowSession	26	startMovingTask
android.view.IWindowSession	27	finishMovingTask
android.view.IWindowSession	28	updateTapExcludeRegion
android.view.IWindowSession	29	updateRequestedVisibleTypes
android.view.IWindowSession	30	reportSystemGestureExclusionChanged
android.view.IWindowSession	31	reportDecorViewGestureInterceptionChanged
android.view.IWindowSession	32	reportKeepClearAreasChanged
android.view.IWindowSession	33	grantInputChannel
android.view.IWindowSession	34	updateInputChannel
android.view.IWindowSession	35	grantEmbeddedWindowFocus
android.view.IWindowSession	36	generateDisplayHash
android.view.IWindowSession	37	setOnBackInvokedCallbackInfo
android.view.IWindowSession	38	clearTouchableRegion
android.view.IWindowSession	39	cancelDraw
android.view.IWindowSession	40	moveFocusToAdjacentWindow
android.view.IWindowSession	41	notifyImeWindowVisibilityChangedFromClient
android.view.IWindowSession	42	notifyInsetsAnimationRunningStateChanged
android.view.IWindowSessionCallback	1	onAnimatorScaleChanged
android.view.accessibility.IAccessibilityEmbeddedConnection	1	associateEmbeddedHierarchy
android.view.accessibility.IAccessibilityEmbeddedConnection	2	disassociateEmbeddedHierarchy
android.view.accessibility.IAccessibilityEmbeddedConnection	3	setWindowMatrix
android.view.accessibility.IAccessibilityInteractionConnection	1	findAccessibilityNodeInfoByAccessibilityId
android.view.accessibility.IAccessibilityInteractionConnection	2	findAccessibilityNodeInfosByViewId
android.view.accessibility.IAccessibilityInteractionConnection	3	findAccessibilityNodeInfosByText
android.view.accessibility.IAccessibilityInteractionConnection	4	findFocus
android.view.accessibility.IAccessibilityInteractionConnection	5	focusSearch
android.view.accessibility.IAccessibilityInteractionConnection	6	performAccessibilityAction
android.view.accessibility.IAccessibilityInteractionConnection	7	clearAccessibilityFocus
android.view.accessibility.IAccessibilityInteractionConnection	8	notifyOutsideTouch
android.view.accessibility.IAccessibilityInteractionConnection	9	takeScreenshotOfWindow
android.view.accessibility.IAccessibilityInteractionConnection	10	attachAccessibilityOverlayToWindow
android.view.accessibility.IAccessibilityInteractionConnectionCallback	1	setFindAccessibilityNodeInfoResult
android.view.accessibility.IAccessibilityInteractionConnectionCallback	2	setFindAccessibilityNodeInfosResult
android.view.accessibility.IAccessibilityInteractionConnectionCallback	3	setPrefetchAccessibilityNodeInfoResult
android.view.accessibility.IAccessibilityInteractionConnectionCallback	4	setPerformAccessibilityActionResult
android.view.accessibility.IAccessibilityInteractionConnectionCallback	5	sendTakeScreenshotOfWindowError
android.view.accessibility.IAccessibilityInteractionConnectionCallback	6	sendAttachOverlayResult
android.view.accessibility.IAccessibilityManager	1	interrupt
android.view.accessibility.IAccessibilityManager	2	sendAccessibilityEvent
android.view.accessibility.IAccessibilityManager	3	addClient
android.view.accessibility.IAccessibilityManager	4	removeClient
android.view.accessibility.IAccessibilityManager	5	getInstalledAccessibilityServiceList
android.view.accessibility.IAccessibilityManager	6	getEnabledAccessibilityServiceList
android.view.accessibility.IAccessibilityManager	7	addAccessibilityInteractionConnection
android.view.accessibility.IAccessibilityManager	8	removeAccessibilityInteractionConnection
android.view.accessibility.IAccessibilityManager	9	setPictureInPictureActionReplacingConnection
android.view.accessibility.IAccessibilityManager	10	registerUiTestAutomationService
android.view.accessibility.IAccessibilityManager	11	unregisterUiTestAutomationService
android.view.accessibility.IAccessibilityManager	12	getWindowToken
android.view.accessibility.IAccessibilityManager	13	notifyAccessibilityButtonClicked
android.view.accessibility.IAccessibilityManager	14	notifyAccessibilityButtonLongClicked
android.view.accessibility.IAccessibilityManager	15	notifyAccessibilityButtonVisibilityChanged
android.view.accessibility.IAccessibilityManager	16	performAccessibilityShortcut
android.view.accessibility.IAccessibilityManager	17	getAccessibilityShortcutTargets
android.view.accessibility.IAccessibilityManager	18	sendFingerprintGesture
android.view.accessibility.IAccessibilityManager	19	getAccessibilityWindowId
android.view.accessibility.IAccessibilityManager	20	getRecommendedTimeoutMillis
android.view.accessibility.IAccessibilityManager	21	registerSystemAction
android.view.accessibility.IAccessibilityManager	22	unregisterSystemAction
android.view.accessibility.IAccessibilityManager	23	setMagnificationConnection
android.view.accessibility.IAccessibilityManager	24	associateEmbeddedHierarchy
android.view.accessibility.IAccessibilityManager	25	disassociateEmbeddedHierarchy
android.view.accessibility.IAccessibilityManager	26	getFocusStrokeWidth
android.view.accessibility.IAccessibilityManager	27	getFocusColor
android.view.accessibility.IAccessibilityManager	28	isAudioDescriptionByDefaultEnabled
android.view.accessibility.IAccessibilityManager	29	setSystemAudioCaptioningEnabled
android.view.accessibility.IAccessibilityManager	30	isSystemAudioCaptioningUiEnabled
android.view.accessibility.IAccessibilityManager	31	setSystemAudioCaptioningUiEnabled
android.view.accessibility.IAccessibilityManager	32	setAccessibilityWindowAttributes
android.view.accessibility.IAccessibilityManager	33	registerProxyForDisplay
android.view.accessibility.IAccessibilityManager	34	unregisterProxyForDisplay
android.view.accessibility.IAccessibilityManager	35	injectInputEventToInputFilter
android.view.accessibility.IAccessibilityManager	36	startFlashNotificationSequence
android.view.accessibility.IAccessibilityManager	37	stopFlashNotificationSequence
android.view.accessibility.IAccessibilityManager	38	startFlashNotificationEvent
android.view.accessibility.IAccessibilityManager	39	isAccessibilityTargetAllowed
android.view.accessibility.IAccessibilityManager	40	sendRestrictedDialogIntent
android.view.accessibility.IAccessibilityManager	41	isAccessibilityServiceWarningRequired
android.view.accessibility.IAccessibilityManager	42	getWindowTransformationSpec
android.view.accessibility.IAccessibilityManager	43	attachAccessibilityOverlayToDisplay
android.view.accessibility.IAccessibilityManager	44	notifyQuickSettingsTilesChanged
android.view.accessibility.IAccessibilityManager	45	enableShortcutsForTargets
android.view.accessibility.IAccessibilityManager	46	getA11yFeatureToTileMap
android.view.accessibility.IAccessibilityManager	47	registerUserInitializationCompleteCallback
android.view.accessibility.IAccessibilityManager	48	unregisterUserInitializationCompleteCallback
android.view.accessibility.IAccessibilityManagerClient	1	setState
android.view.accessibility.IAccessibilityManagerClient	2	notifyServicesStateChanged
android.view.accessibility.IAccessibilityManagerClient	3	setRelevantEventTypes
android.view.accessibility.IAccessibilityManagerClient	4	setFocusAppearance
android.view.accessibility.IMagnificationConnection	1	enableWindowMagnification
android.view.accessibility.IMagnificationConnection	2	setScaleForWindowMagnification
android.view.accessibility.IMagnificationConnection	3	disableWindowMagnification
android.view.accessibility.IMagnificationConnection	4	moveWindowMagnifier
android.view.accessibility.IMagnificationConnection	5	moveWindowMagnifierToPosition
android.view.accessibility.IMagnificationConnection	6	showMagnificationButton
android.view.accessibility.IMagnificationConnection	7	removeMagnificationButton
android.view.accessibility.IMagnificationConnection	8	removeMagnificationSettingsPanel
android.view.accessibility.IMagnificationConnection	9	setConnectionCallback
android.view.accessibility.IMagnificationConnection	10	onUserMagnificationScaleChanged
android.view.accessibility.IMagnificationConnection	11	onFullscreenMagnificationActivationChanged
android.view.accessibility.IMagnificationConnectionCallback	1	onWindowMagnifierBoundsChanged
android.view.accessibility.IMagnificationConnectionCallback	2	onChangeMagnificationMode
android.view.accessibility.IMagnificationConnectionCallback	3	onSourceBoundsChanged
android.view.accessibility.IMagnificationConnectionCallback	4	onPerformScaleAction
android.view.accessibility.IMagnificationConnectionCallback	5	onAccessibilityActionPerformed
android.view.accessibility.IMagnificationConnectionCallback	6	onMove
android.view.accessibility.IRemoteMagnificationAnimationCallback	1	onResult
android.view.accessibility.IUserInitializationCompleteCallback	1	onUserInitializationComplete
android.view.autofill.IAugmentedAutofillManagerClient	1	getViewCoordinates
android.view.autofill.IAugmentedAutofillManagerClient	2	getViewNodeParcelable
android.view.autofill.IAugmentedAutofillManagerClient	3	autofill
android.view.autofill.IAugmentedAutofillManagerClient	4	requestShowFillUi
android.view.autofill.IAugmentedAutofillManagerClient	5	requestHideFillUi
android.view.autofill.IAugmentedAutofillManagerClient	6	requestAutofill
android.view.autofill.IAutoFillManager	1	addClient
android.view.autofill.IAutoFillManager	2	removeClient
android.view.autofill.IAutoFillManager	3	startSession
android.view.autofill.IAutoFillManager	4	getFillEventHistory
android.view.autofill.IAutoFillManager	5	restoreSession
android.view.autofill.IAutoFillManager	6	updateSession
android.view.autofill.IAutoFillManager	7	setAutofillFailure
android.view.autofill.IAutoFillManager	8	setViewAutofilled
android.view.autofill.IAutoFillManager	9	finishSession
android.view.autofill.IAutoFillManager	10	cancelSession
android.view.autofill.IAutoFillManager	11	setAuthenticationResult
android.view.autofill.IAutoFillManager	12	setHasCallback
android.view.autofill.IAutoFillManager	13	disableOwnedAutofillServices
android.view.autofill.IAutoFillManager	14	isServiceSupported
android.view.autofill.IAutoFillManager	15	isServiceEnabled
android.view.autofill.IAutoFillManager	16	onPendingSaveUi
android.view.autofill.IAutoFillManager	17	getUserData
android.view.autofill.IAutoFillManager	18	getUserDataId
android.view.autofill.IAutoFillManager	19	setUserData
android.view.autofill.IAutoFillManager	20	isFieldClassificationEnabled
android.view.autofill.IAutoFillManager	21	getAutofillServiceComponentName
android.view.autofill.IAutoFillManager	22	getAvailableFieldClassificationAlgorithms
android.view.autofill.IAutoFillManager	23	getDefaultFieldClassificationAlgorithm
android.view.autofill.IAutoFillManager	24	setAugmentedAutofillWhitelist
android.view.autofill.IAutoFillManager	25	notifyNotExpiringResponseDuringAuth
android.view.autofill.IAutoFillManager	26	notifyViewEnteredIgnoredDuringAuthCount
android.view.autofill.IAutoFillManager	27	setAutofillIdsAttemptedForRefill
android.view.autofill.IAutoFillManager	28	notifyImeAnimationStart
android.view.autofill.IAutoFillManager	29	notifyImeAnimationEnd
android.view.autofill.IAutoFillManagerClient	1	setState
android.view.autofill.IAutoFillManagerClient	2	autofill
android.view.autofill.IAutoFillManagerClient	3	onGetCredentialResponse
android.view.autofill.IAutoFillManagerClient	4	onGetCredentialException
android.view.autofill.IAutoFillManagerClient	5	autofillContent
android.view.autofill.IAutoFillManagerClient	6	authenticate
android.view.autofill.IAutoFillManagerClient	7	setTrackedViews
android.view.autofill.IAutoFillManagerClient	8	requestShowFillUi
android.view.autofill.IAutoFillManagerClient	9	requestHideFillUi
android.view.autofill.IAutoFillManagerClient	10	requestHideFillUiWhenDestroyed
android.view.autofill.IAutoFillManagerClient	11	notifyNoFillUi
android.view.autofill.IAutoFillManagerClient	12	notifyFillUiShown
android.view.autofill.IAutoFillManagerClient	13	notifyFillUiHidden
android.view.autofill.IAutoFillManagerClient	14	dispatchUnhandledKey
android.view.autofill.IAutoFillManagerClient	15	startIntentSender
android.view.autofill.IAutoFillManagerClient	16	setSaveUiState
android.view.autofill.IAutoFillManagerClient	17	setSessionFinished
android.view.autofill.IAutoFillManagerClient	18	getAugmentedAutofillClient
android.view.autofill.IAutoFillManagerClient	19	notifyDisableAutofill
android.view.autofill.IAutoFillManagerClient	20	requestShowSoftInput
android.view.autofill.IAutoFillManagerClient	21	notifyFillDialogTriggerIds
android.view.autofill.IAutofillWindowPresenter	1	show
android.view.autofill.IAutofillWindowPresenter	2	hide
android.view.contentcapture.IContentCaptureDirectManager	1	sendEvents
android.view.contentcapture.IContentCaptureManager	1	startSession
android.view.contentcapture.IContentCaptureManager	2	finishSession
android.view.contentcapture.IContentCaptureManager	3	getServiceComponentName
android.view.contentcapture.IContentCaptureManager	4	removeData
android.view.contentcapture.IContentCaptureManager	5	shareData
android.view.contentcapture.IContentCaptureManager	6	isContentCaptureFeatureEnabled
android.view.contentcapture.IContentCaptureManager	7	getServiceSettingsActivity
android.view.contentcapture.IContentCaptureManager	8	getContentCaptureConditions
android.view.contentcapture.IContentCaptureManager	9	resetTemporaryService
android.view.contentcapture.IContentCaptureManager	10	setTemporaryService
android.view.contentcapture.IContentCaptureManager	11	setDefaultServiceEnabled
android.view.contentcapture.IContentCaptureManager	12	registerContentCaptureOptionsCallback
android.view.contentcapture.IContentCaptureManager	13	onLoginDetected
android.view.contentcapture.IContentCaptureOptionsCallback	1	setContentCaptureOptions
android.view.contentcapture.IDataShareWriteAdapter	1	write
android.view.contentcapture.IDataShareWriteAdapter	2	error
android.view.contentcapture.IDataShareWriteAdapter	3	rejected
android.view.contentcapture.IDataShareWriteAdapter	4	finish
android.view.translation.ITranslationDirectManager	1	onTranslationRequest
android.view.translation.ITranslationDirectManager	2	onFinishTranslationSession
android.view.translation.ITranslationManager	1	onTranslationCapabilitiesRequest
android.view.translation.ITranslationManager	2	registerTranslationCapabilityCallback
android.view.translation.ITranslationManager	3	unregisterTranslationCapabilityCallback
android.view.translation.ITranslationManager	4	onSessionCreated
android.view.translation.ITranslationManager	5	updateUiTranslationState
android.view.translation.ITranslationManager	6	registerUiTranslationStateCallback
android.view.translation.ITranslationManager	7	unregisterUiTranslationStateCallback
android.view.translation.ITranslationManager	8	getServiceSettingsActivity
android.view.translation.ITranslationManager	9	onTranslationFinished
android.view.translation.ITranslationServiceCallback	1	updateTranslationCapability
android.webkit.IWebViewUpdateService	1	notifyRelroCreationCompleted
android.webkit.IWebViewUpdateService	2	waitForAndGetProvider
android.webkit.IWebViewUpdateService	3	changeProviderAndSetting
android.webkit.IWebViewUpdateService	4	getValidWebViewPackages
android.webkit.IWebViewUpdateService	5	getAllWebViewPackages
android.webkit.IWebViewUpdateService	6	getCurrentWebViewPackageName
android.webkit.IWebViewUpdateService	7	getCurrentWebViewPackage
android.webkit.IWebViewUpdateService	8	getDefaultWebViewPackage
android.window.IBackAnimationFinishedCallback	1	onAnimationFinished
android.window.IBackAnimationHandoffHandler	1	handOffAnimation
android.window.IBackAnimationRunner	2	onAnimationCancelled
android.window.IBackAnimationRunner	3	onAnimationStart
android.window.IDisplayAreaOrganizer	1	onDisplayAreaAppeared
android.window.IDisplayAreaOrganizer	2	onDisplayAreaVanished
android.window.IDisplayAreaOrganizer	3	onDisplayAreaInfoChanged
android.window.IDisplayAreaOrganizerController	1	registerOrganizer
android.window.IDisplayAreaOrganizerController	2	unregisterOrganizer
android.window.IDisplayAreaOrganizerController	3	createTaskDisplayArea
android.window.IDisplayAreaOrganizerController	4	deleteTaskDisplayArea
android.window.IDumpCallback	1	onDump
android.window.IGlobalDragListener	1	onCrossWindowDrop
android.window.IGlobalDragListener	2	onUnhandledDrop
android.window.IOnBackInvokedCallback	1	onBackStarted
android.window.IOnBackInvokedCallback	2	onBackProgressed
android.window.IOnBackInvokedCallback	3	onBackCancelled
android.window.IOnBackInvokedCallback	4	onBackInvoked
android.window.IOnBackInvokedCallback	5	setTriggerBack
android.window.IOnBackInvokedCallback	6	setHandoffHandler
android.window.IRemoteTransition	1	startAnimation
android.window.IRemoteTransition	2	mergeAnimation
android.window.IRemoteTransition	3	takeOverAnimation
android.window.IRemoteTransition	4	onTransitionConsumed
android.window.IRemoteTransitionFinishedCallback	1	onTransitionFinished
android.window.IScreenRecordingCallback	1	onScreenRecordingStateChanged
android.window.ISurfaceSyncGroup	1	onAddedToSyncGroup
android.window.ISurfaceSyncGroup	2	addToSync
android.window.ISurfaceSyncGroupCompletedListener	1	onSurfaceSyncGroupComplete
android.window.ITaskFpsCallback	1	onFpsReported
android.window.ITaskFragmentOrganizer	1	onTransactionReady
android.window.ITaskFragmentOrganizerController	1	registerOrganizer
android.window.ITaskFragmentOrganizerController	2	unregisterOrganizer
android.window.ITaskFragmentOrganizerController	3	registerRemoteAnimations
android.window.ITaskFragmentOrganizerController	4	unregisterRemoteAnimations
android.window.ITaskFragmentOrganizerController	5	setSavedState
android.window.ITaskFragmentOrganizerController	6	onTransactionHandled
android.window.ITaskFragmentOrganizerController	7	applyTransaction
android.window.ITaskOrganizer	1	addStartingWindow
android.window.ITaskOrganizer	2	removeStartingWindow
android.window.ITaskOrganizer	3	copySplashScreenView
android.window.ITaskOrganizer	4	onAppSplashScreenViewRemoved
android.window.ITaskOrganizer	5	onTaskAppeared
android.window.ITaskOrganizer	6	onTaskVanished
android.window.ITaskOrganizer	7	onTaskInfoChanged
android.window.ITaskOrganizer	8	onBackPressedOnTaskRoot
android.window.ITaskOrganizer	9	onImeDrawnOnTask
android.window.ITaskOrganizerController	1	registerTaskOrganizer
android.window.ITaskOrganizerController	2	unregisterTaskOrganizer
android.window.ITaskOrganizerController	3	createRootTask
android.window.ITaskOrganizerController	4	deleteRootTask
android.window.ITaskOrganizerController	5	getChildTasks
android.window.ITaskOrganizerController	6	getRootTasks
android.window.ITaskOrganizerController	7	getImeTarget
android.window.ITaskOrganizerController	8	setInterceptBackPressedOnTaskRoot
android.window.ITaskOrganizerController	9	restartTaskTopActivityProcessIfVisible
android.window.ITransactionReadyCallback	1	onTransactionReady
android.window.ITransitionMetricsReporter	1	reportAnimationStart
android.window.ITransitionPlayer	1	onTransitionReady
android.window.ITransitionPlayer	2	requestStartTransition
android.window.ITrustedPresentationListener	1	onTrustedPresentationChanged
android.window.IUnhandledDragCallback	1	notifyUnhandledDropComplete
android.window.IWindowContainerTransactionCallback	1	onTransactionReady
android.window.IWindowOrganizerController	1	applyTransaction
android.window.IWindowOrganizerController	2	applySyncTransaction
android.window.IWindowOrganizerController	3	startNewTransition
android.window.IWindowOrganizerController	4	startTransition
android.window.IWindowOrganizerController	5	startLegacyTransition
android.window.IWindowOrganizerController	6	finishTransition
android.window.IWindowOrganizerController	7	getTaskOrganizerController
android.window.IWindowOrganizerController	8	getDisplayAreaOrganizerController
android.window.IWindowOrganizerController	9	getTaskFragmentOrganizerController
android.window.IWindowOrganizerController	10	registerTransitionPlayer
android.window.IWindowOrganizerController	11	unregisterTransitionPlayer
android.window.IWindowOrganizerController	12	getTransitionMetricsReporter
android.window.IWindowOrganizerController	13	getApplyToken
android.window.IWindowlessStartingSurfaceCallback	1	onSurfaceAdded
com.android.commands.monkey.IMonkey	1	writeTouchEvent
com.android.ims.ImsConfigListener	1	onGetFeatureResponse
com.android.ims.ImsConfigListener	2	onSetFeatureResponse
com.android.ims.ImsConfigListener	3	onGetVideoQuality
com.android.ims.ImsConfigListener	4	onSetVideoQuality
com.android.ims.internal.IImsCallSession	1	close
com.android.ims.internal.IImsCallSession	2	getCallId
com.android.ims.internal.IImsCallSession	3	getCallProfile
com.android.ims.internal.IImsCallSession	4	getLocalCallProfile
com.android.ims.internal.IImsCallSession	5	getRemoteCallProfile
com.android.ims.internal.IImsCallSession	6	getProperty
com.android.ims.internal.IImsCallSession	7	getState
com.android.ims.internal.IImsCallSession	8	isInCall
com.android.ims.internal.IImsCallSession	9	setListener
com.android.ims.internal.IImsCallSession	10	setMute
com.android.ims.internal.IImsCallSession	11	start
com.android.ims.internal.IImsCallSession	12	startConference
com.android.ims.internal.IImsCallSession	13	accept
com.android.ims.internal.IImsCallSession	14	deflect
com.android.ims.internal.IImsCallSession	15	reject
com.android.ims.internal.IImsCallSession	16	transfer
com.android.ims.internal.IImsCallSession	17	consultativeTransfer
com.android.ims.internal.IImsCallSession	18	terminate
com.android.ims.internal.IImsCallSession	19	hold
com.android.ims.internal.IImsCallSession	20	resume
com.android.ims.internal.IImsCallSession	21	merge
com.android.ims.internal.IImsCallSession	22	update
com.android.ims.internal.IImsCallSession	23	extendToConference
com.android.ims.internal.IImsCallSession	24	inviteParticipants
com.android.ims.internal.IImsCallSession	25	removeParticipants
com.android.ims.internal.IImsCallSession	26	sendDtmf
com.android.ims.internal.IImsCallSession	27	startDtmf
com.android.ims.internal.IImsCallSession	28	stopDtmf
com.android.ims.internal.IImsCallSession	29	sendUssd
com.android.ims.internal.IImsCallSession	30	getVideoCallProvider
com.android.ims.internal.IImsCallSession	31	isMultiparty
com.android.ims.internal.IImsCallSession	32	sendRttModifyRequest
com.android.ims.internal.IImsCallSession	33	sendRttModifyResponse
com.android.ims.internal.IImsCallSession	34	sendRttMessage
com.android.ims.internal.IImsCallSession	35	sendRtpHeaderExtensions
com.android.ims.internal.IImsCallSession	36	callSessionNotifyAnbr
com.android.ims.internal.IImsCallSessionListener	1	callSessionProgressing
com.android.ims.internal.IImsCallSessionListener	2	callSessionStarted
com.android.ims.internal.IImsCallSessionListener	3	callSessionStartFailed
com.android.ims.internal.IImsCallSessionListener	4	callSessionTerminated
com.android.ims.internal.IImsCallSessionListener	5	callSessionHeld
com.android.ims.internal.IImsCallSessionListener	6	callSessionHoldFailed
com.android.ims.internal.IImsCallSessionListener	7	callSessionHoldReceived
com.android.ims.internal.IImsCallSessionListener	8	callSessionResumed
com.android.ims.internal.IImsCallSessionListener	9	callSessionResumeFailed
com.android.ims.internal.IImsCallSessionListener	10	callSessionResumeReceived
com.android.ims.internal.IImsCallSessionListener	11	callSessionMergeStarted
com.android.ims.internal.IImsCallSessionListener	12	callSessionMergeComplete
com.android.ims.internal.IImsCallSessionListener	13	callSessionMergeFailed
com.android.ims.internal.IImsCallSessionListener	14	callSessionUpdated
com.android.ims.internal.IImsCallSessionListener	15	callSessionUpdateFailed
com.android.ims.internal.IImsCallSessionListener	16	callSessionUpdateReceived
com.android.ims.internal.IImsCallSessionListener	17	callSessionConferenceExtended
com.android.ims.internal.IImsCallSessionListener	18	callSessionConferenceExtendFailed
com.android.ims.internal.IImsCallSessionListener	19	callSessionConferenceExtendReceived
com.android.ims.internal.IImsCallSessionListener	20	callSessionInviteParticipantsRequestDelivered
com.android.ims.internal.IImsCallSessionListener	21	callSessionInviteParticipantsRequestFailed
com.android.ims.internal.IImsCallSessionListener	22	callSessionRemoveParticipantsRequestDelivered
com.android.ims.internal.IImsCallSessionListener	23	callSessionRemoveParticipantsRequestFailed
com.android.ims.internal.IImsCallSessionListener	24	callSessionConferenceStateUpdated
com.android.ims.internal.IImsCallSessionListener	25	callSessionUssdMessageReceived
com.android.ims.internal.IImsCallSessionListener	26	callSessionHandover
com.android.ims.internal.IImsCallSessionListener	27	callSessionHandoverFailed
com.android.ims.internal.IImsCallSessionListener	28	callSessionMayHandover
com.android.ims.internal.IImsCallSessionListener	29	callSessionTtyModeReceived
com.android.ims.internal.IImsCallSessionListener	30	callSessionMultipartyStateChanged
com.android.ims.internal.IImsCallSessionListener	31	callSessionSuppServiceReceived
com.android.ims.internal.IImsCallSessionListener	32	callSessionRttModifyRequestReceived
com.android.ims.internal.IImsCallSessionListener	33	callSessionRttModifyResponseReceived
com.android.ims.internal.IImsCallSessionListener	34	callSessionRttMessageReceived
com.android.ims.internal.IImsCallSessionListener	35	callSessionRttAudioIndicatorChanged
com.android.ims.internal.IImsCallSessionListener	36	callSessionTransferred
com.android.ims.internal.IImsCallSessionListener	37	callSessionTransferFailed
com.android.ims.internal.IImsCallSessionListener	38	callQualityChanged
com.android.ims.internal.IImsCallSessionListener	39	callSessionSendAnbrQuery
com.android.ims.internal.IImsConfig	1	getProvisionedValue
com.android.ims.internal.IImsConfig	2	getProvisionedStringValue
com.android.ims.internal.IImsConfig	3	setProvisionedValue
com.android.ims.internal.IImsConfig	4	setProvisionedStringValue
com.android.ims.internal.IImsConfig	5	getFeatureValue
com.android.ims.internal.IImsConfig	6	setFeatureValue
com.android.ims.internal.IImsConfig	7	getVolteProvisioned
com.android.ims.internal.IImsConfig	8	getVideoQuality
com.android.ims.internal.IImsConfig	9	setVideoQuality
com.android.ims.internal.IImsEcbm	1	setListener
com.android.ims.internal.IImsEcbm	2	exitEmergencyCallbackMode
com.android.ims.internal.IImsEcbmListener	1	enteredECBM
com.android.ims.internal.IImsEcbmListener	2	exitedECBM
com.android.ims.internal.IImsExternalCallStateListener	1	onImsExternalCallStateUpdate
com.android.ims.internal.IImsFeatureStatusCallback	1	notifyImsFeatureStatus
com.android.ims.internal.IImsMMTelFeature	1	startSession
com.android.ims.internal.IImsMMTelFeature	2	endSession
com.android.ims.internal.IImsMMTelFeature	3	isConnected
com.android.ims.internal.IImsMMTelFeature	4	isOpened
com.android.ims.internal.IImsMMTelFeature	5	getFeatureStatus
com.android.ims.internal.IImsMMTelFeature	6	addRegistrationListener
com.android.ims.internal.IImsMMTelFeature	7	removeRegistrationListener
com.android.ims.internal.IImsMMTelFeature	8	createCallProfile
com.android.ims.internal.IImsMMTelFeature	9	createCallSession
com.android.ims.internal.IImsMMTelFeature	10	getPendingCallSession
com.android.ims.internal.IImsMMTelFeature	11	getUtInterface
com.android.ims.internal.IImsMMTelFeature	12	getConfigInterface
com.android.ims.internal.IImsMMTelFeature	13	turnOnIms
com.android.ims.internal.IImsMMTelFeature	14	turnOffIms
com.android.ims.internal.IImsMMTelFeature	15	getEcbmInterface
com.android.ims.internal.IImsMMTelFeature	16	setUiTTYMode
com.android.ims.internal.IImsMMTelFeature	17	getMultiEndpointInterface
com.android.ims.internal.IImsMultiEndpoint	1	setListener
com.android.ims.internal.IImsMultiEndpoint	2	requestImsExternalCallStateInfo
com.android.ims.internal.IImsRegistrationListener	1	registrationConnected
com.android.ims.internal.IImsRegistrationListener	2	registrationProgressing
com.android.ims.internal.IImsRegistrationListener	3	registrationConnectedWithRadioTech
com.android.ims.internal.IImsRegistrationListener	4	registrationProgressingWithRadioTech
com.android.ims.internal.IImsRegistrationListener	5	registrationDisconnected
com.android.ims.internal.IImsRegistrationListener	6	registrationResumed
com.android.ims.internal.IImsRegistrationListener	7	registrationSuspended
com.android.ims.internal.IImsRegistrationListener	8	registrationServiceCapabilityChanged
com.android.ims.internal.IImsRegistrationListener	9	registrationFeatureCapabilityChanged
com.android.ims.internal.IImsRegistrationListener	10	voiceMessageCountUpdate
com.android.ims.internal.IImsRegistrationListener	11	registrationAssociatedUriChanged
com.android.ims.internal.IImsRegistrationListener	12	registrationChangeFailed
com.android.ims.internal.IImsService	1	open
com.android.ims.internal.IImsService	2	close
com.android.ims.internal.IImsService	3	isConnected
com.android.ims.internal.IImsService	4	isOpened
com.android.ims.internal.IImsService	5	setRegistrationListener
com.android.ims.internal.IImsService	6	addRegistrationListener
com.android.ims.internal.IImsService	7	createCallProfile
com.android.ims.internal.IImsService	8	createCallSession
com.android.ims.internal.IImsService	9	getPendingCallSession
com.android.ims.internal.IImsService	10	getUtInterface
com.android.ims.internal.IImsService	11	getConfigInterface
com.android.ims.internal.IImsService	12	turnOnIms
com.android.ims.internal.IImsService	13	turnOffIms
com.android.ims.internal.IImsService	14	getEcbmInterface
com.android.ims.internal.IImsService	15	setUiTTYMode
com.android.ims.internal.IImsService	16	getMultiEndpointInterface
com.android.ims.internal.IImsServiceController	1	createEmergencyMMTelFeature
com.android.ims.internal.IImsServiceController	2	createMMTelFeature
com.android.ims.internal.IImsServiceController	3	createRcsFeature
com.android.ims.internal.IImsServiceController	4	removeImsFeature
com.android.ims.internal.IImsServiceController	5	addFeatureStatusCallback
com.android.ims.internal.IImsServiceController	6	removeFeatureStatusCallback
com.android.ims.internal.IImsServiceFeatureCallback	1	imsFeatureCreated
com.android.ims.internal.IImsServiceFeatureCallback	2	imsFeatureRemoved
com.android.ims.internal.IImsServiceFeatureCallback	3	imsStatusChanged
com.android.ims.internal.IImsServiceFeatureCallback	4	updateCapabilities
com.android.ims.internal.IImsStreamMediaSession	1	close
com.android.ims.internal.IImsUt	1	close
com.android.ims.internal.IImsUt	2	queryCallBarring
com.android.ims.internal.IImsUt	3	queryCallForward
com.android.ims.internal.IImsUt	4	queryCallWaiting
com.android.ims.internal.IImsUt	5	queryCLIR
com.android.ims.internal.IImsUt	6	queryCLIP
com.android.ims.internal.IImsUt	7	queryCOLR
com.android.ims.internal.IImsUt	8	queryCOLP
com.android.ims.internal.IImsUt	9	transact
com.android.ims.internal.IImsUt	10	updateCallBarring
com.android.ims.internal.IImsUt	11	updateCallForward
com.android.ims.internal.IImsUt	12	updateCallWaiting
com.android.ims.internal.IImsUt	13	updateCLIR
com.android.ims.internal.IImsUt	14	updateCLIP
com.android.ims.internal.IImsUt	15	updateCOLR
com.android.ims.internal.IImsUt	16	updateCOLP
com.android.ims.internal.IImsUt	17	setListener
com.android.ims.internal.IImsUt	18	queryCallBarringForServiceClass
com.android.ims.internal.IImsUt	19	updateCallBarringForServiceClass
com.android.ims.internal.IImsUt	20	updateCallBarringWithPassword
com.android.ims.internal.IImsUtListener	1	utConfigurationUpdated
com.android.ims.internal.IImsUtListener	2	utConfigurationUpdateFailed
com.android.ims.internal.IImsUtListener	3	utConfigurationQueried
com.android.ims.internal.IImsUtListener	4	utConfigurationQueryFailed
com.android.ims.internal.IImsUtListener	5	lineIdentificationSupplementaryServiceResponse
com.android.ims.internal.IImsUtListener	6	utConfigurationCallBarringQueried
com.android.ims.internal.IImsUtListener	7	utConfigurationCallForwardQueried
com.android.ims.internal.IImsUtListener	8	utConfigurationCallWaitingQueried
com.android.ims.internal.IImsUtListener	9	onSupplementaryServiceIndication
com.android.ims.internal.IImsVideoCallCallback	1	receiveSessionModifyRequest
com.android.ims.internal.IImsVideoCallCallback	2	receiveSessionModifyResponse
com.android.ims.internal.IImsVideoCallCallback	3	handleCallSessionEvent
com.android.ims.internal.IImsVideoCallCallback	4	changePeerDimensions
com.android.ims.internal.IImsVideoCallCallback	5	changeCallDataUsage
com.android.ims.internal.IImsVideoCallCallback	6	changeCameraCapabilities
com.android.ims.internal.IImsVideoCallCallback	7	changeVideoQuality
com.android.ims.internal.IImsVideoCallProvider	1	setCallback
com.android.ims.internal.IImsVideoCallProvider	2	setCamera
com.android.ims.internal.IImsVideoCallProvider	3	setPreviewSurface
com.android.ims.internal.IImsVideoCallProvider	4	setDisplaySurface
com.android.ims.internal.IImsVideoCallProvider	5	setDeviceOrientation
com.android.ims.internal.IImsVideoCallProvider	6	setZoom
com.android.ims.internal.IImsVideoCallProvider	7	sendSessionModifyRequest
com.android.ims.internal.IImsVideoCallProvider	8	sendSessionModifyResponse
com.android.ims.internal.IImsVideoCallProvider	9	requestCameraCapabilities
com.android.ims.internal.IImsVideoCallProvider	10	requestCallDataUsage
com.android.ims.internal.IImsVideoCallProvider	11	setPauseImage
com.android.ims.internal.uce.options.IOptionsListener	1	getVersionCb
com.android.ims.internal.uce.options.IOptionsListener	2	serviceAvailable
com.android.ims.internal.uce.options.IOptionsListener	3	serviceUnavailable
com.android.ims.internal.uce.options.IOptionsListener	4	sipResponseReceived
com.android.ims.internal.uce.options.IOptionsListener	5	cmdStatus
com.android.ims.internal.uce.options.IOptionsListener	6	incomingOptions
com.android.ims.internal.uce.options.IOptionsService	1	getVersion
com.android.ims.internal.uce.options.IOptionsService	2	addListener
com.android.ims.internal.uce.options.IOptionsService	3	removeListener
com.android.ims.internal.uce.options.IOptionsService	4	setMyInfo
com.android.ims.internal.uce.options.IOptionsService	5	getMyInfo
com.android.ims.internal.uce.options.IOptionsService	6	getContactCap
com.android.ims.internal.uce.options.IOptionsService	7	getContactListCap
com.android.ims.internal.uce.options.IOptionsService	8	responseIncomingOptions
com.android.ims.internal.uce.presence.IPresenceListener	1	getVersionCb
com.android.ims.internal.uce.presence.IPresenceListener	2	serviceAvailable
com.android.ims.internal.uce.presence.IPresenceListener	3	serviceUnAvailable
com.android.ims.internal.uce.presence.IPresenceListener	4	publishTriggering
com.android.ims.internal.uce.presence.IPresenceListener	5	cmdStatus
com.android.ims.internal.uce.presence.IPresenceListener	6	sipResponseReceived
com.android.ims.internal.uce.presence.IPresenceListener	7	capInfoReceived
com.android.ims.internal.uce.presence.IPresenceListener	8	listCapInfoReceived
com.android.ims.internal.uce.presence.IPresenceListener	9	unpublishMessageSent
com.android.ims.internal.uce.presence.IPresenceService	1	getVersion
com.android.ims.internal.uce.presence.IPresenceService	2	addListener
com.android.ims.internal.uce.presence.IPresenceService	3	removeListener
com.android.ims.internal.uce.presence.IPresenceService	4	reenableService
com.android.ims.internal.uce.presence.IPresenceService	5	publishMyCap
com.android.ims.internal.uce.presence.IPresenceService	6	getContactCap
com.android.ims.internal.uce.presence.IPresenceService	7	getContactListCap
com.android.ims.internal.uce.presence.IPresenceService	8	setNewFeatureTag
com.android.ims.internal.uce.uceservice.IUceListener	1	setStatus
com.android.ims.internal.uce.uceservice.IUceService	1	startService
com.android.ims.internal.uce.uceservice.IUceService	2	stopService
com.android.ims.internal.uce.uceservice.IUceService	3	isServiceStarted
com.android.ims.internal.uce.uceservice.IUceService	4	createOptionsService
com.android.ims.internal.uce.uceservice.IUceService	5	createOptionsServiceForSubscription
com.android.ims.internal.uce.uceservice.IUceService	6	destroyOptionsService
com.android.ims.internal.uce.uceservice.IUceService	7	createPresenceService
com.android.ims.internal.uce.uceservice.IUceService	8	createPresenceServiceForSubscription
com.android.ims.internal.uce.uceservice.IUceService	9	destroyPresenceService
com.android.ims.internal.uce.uceservice.IUceService	10	getServiceStatus
com.android.ims.internal.uce.uceservice.IUceService	11	getPresenceService
com.android.ims.internal.uce.uceservice.IUceService	12	getPresenceServiceForSubscription
com.android.ims.internal.uce.uceservice.IUceService	13	getOptionsService
com.android.ims.internal.uce.uceservice.IUceService	14	getOptionsServiceForSubscription
com.android.internal.app.IAppOpsActiveCallback	1	opActiveChanged
com.android.internal.app.IAppOpsAsyncNotedCallback	1	opNoted
com.android.internal.app.IAppOpsCallback	1	opChanged
com.android.internal.app.IAppOpsNotedCallback	1	opNoted
com.android.internal.app.IAppOpsService	1	checkOperation
com.android.internal.app.IAppOpsService	2	noteOperation
com.android.internal.app.IAppOpsService	3	startOperation
com.android.internal.app.IAppOpsService	4	finishOperation
com.android.internal.app.IAppOpsService	5	startWatchingMode
com.android.internal.app.IAppOpsService	6	stopWatchingMode
com.android.internal.app.IAppOpsService	7	permissionToOpCode
com.android.internal.app.IAppOpsService	8	checkAudioOperation
com.android.internal.app.IAppOpsService	9	shouldCollectNotes
com.android.internal.app.IAppOpsService	10	setCameraAudioRestriction
com.android.internal.app.IAppOpsService	11	startWatchingModeWithFlags
com.android.internal.app.IAppOpsService	12	noteProxyOperation
com.android.internal.app.IAppOpsService	13	startProxyOperation
com.android.internal.app.IAppOpsService	14	finishProxyOperation
com.android.internal.app.IAppOpsService	15	checkPackage
com.android.internal.app.IAppOpsService	16	collectRuntimeAppOpAccessMessage
com.android.internal.app.IAppOpsService	17	reportRuntimeAppOpAccessMessageAndGetConfig
com.android.internal.app.IAppOpsService	18	getPackagesForOps
com.android.internal.app.IAppOpsService	19	getOpsForPackage
com.android.internal.app.IAppOpsService	20	getHistoricalOps
com.android.internal.app.IAppOpsService	21	getHistoricalOpsFromDiskRaw
com.android.internal.app.IAppOpsService	22	offsetHistory
com.android.internal.app.IAppOpsService	23	setHistoryParameters
com.android.internal.app.IAppOpsService	24	addHistoricalOps
com.android.internal.app.IAppOpsService	25	resetHistoryParameters
com.android.internal.app.IAppOpsService	26	resetPackageOpsNoHistory
com.android.internal.app.IAppOpsService	27	clearHistory
com.android.internal.app.IAppOpsService	28	rebootHistory
com.android.internal.app.IAppOpsService	29	getUidOps
com.android.internal.app.IAppOpsService	30	setUidMode
com.android.internal.app.IAppOpsService	31	setMode
com.android.internal.app.IAppOpsService	32	resetAllModes
com.android.internal.app.IAppOpsService	33	setAudioRestriction
com.android.internal.app.IAppOpsService	34	setUserRestrictions
com.android.internal.app.IAppOpsService	35	setUserRestriction
com.android.internal.app.IAppOpsService	36	removeUser
com.android.internal.app.IAppOpsService	37	startWatchingActive
com.android.internal.app.IAppOpsService	38	stopWatchingActive
com.android.internal.app.IAppOpsService	39	isOperationActive
com.android.internal.app.IAppOpsService	40	isProxying
com.android.internal.app.IAppOpsService	41	startWatchingStarted
com.android.internal.app.IAppOpsService	42	stopWatchingStarted
com.android.internal.app.IAppOpsService	43	startWatchingNoted
com.android.internal.app.IAppOpsService	44	stopWatchingNoted
com.android.internal.app.IAppOpsService	45	startWatchingAsyncNoted
com.android.internal.app.IAppOpsService	46	stopWatchingAsyncNoted
com.android.internal.app.IAppOpsService	47	extractAsyncOps
com.android.internal.app.IAppOpsService	48	checkOperationRaw
com.android.internal.app.IAppOpsService	49	reloadNonHistoricalState
com.android.internal.app.IAppOpsService	50	collectNoteOpCallsForValidation
com.android.internal.app.IAppOpsService	51	noteProxyOperationWithState
com.android.internal.app.IAppOpsService	52	startProxyOperationWithState
com.android.internal.app.IAppOpsService	53	finishProxyOperationWithState
com.android.internal.app.IAppOpsService	54	checkOperationRawForDevice
com.android.internal.app.IAppOpsService	55	checkOperationForDevice
com.android.internal.app.IAppOpsService	56	noteOperationForDevice
com.android.internal.app.IAppOpsService	57	startOperationForDevice
com.android.internal.app.IAppOpsService	58	finishOperationForDevice
com.android.internal.app.IAppOpsService	59	getPackagesForOpsForDevice
com.android.internal.app.IAppOpsStartedCallback	1	opStarted
com.android.internal.app.IBatteryStats	1	noteStartSensor
com.android.internal.app.IBatteryStats	2	noteStopSensor
com.android.internal.app.IBatteryStats	3	noteStartVideo
com.android.internal.app.IBatteryStats	4	noteStopVideo
com.android.internal.app.IBatteryStats	5	noteStartAudio
com.android.internal.app.IBatteryStats	6	noteStopAudio
com.android.internal.app.IBatteryStats	7	noteResetVideo
com.android.internal.app.IBatteryStats	8	noteResetAudio
com.android.internal.app.IBatteryStats	9	noteFlashlightOn
com.android.internal.app.IBatteryStats	10	noteFlashlightOff
com.android.internal.app.IBatteryStats	11	noteStartCamera
com.android.internal.app.IBatteryStats	12	noteStopCamera
com.android.internal.app.IBatteryStats	13	noteResetCamera
com.android.internal.app.IBatteryStats	14	noteResetFlashlight
com.android.internal.app.IBatteryStats	15	noteWakeupSensorEvent
com.android.internal.app.IBatteryStats	16	getBatteryUsageStats
com.android.internal.app.IBatteryStats	17	isCharging
com.android.internal.app.IBatteryStats	18	computeBatteryTimeRemaining
com.android.internal.app.IBatteryStats	19	computeChargeTimeRemaining
com.android.internal.app.IBatteryStats	20	computeBatteryScreenOffRealtimeMs
com.android.internal.app.IBatteryStats	21	getScreenOffDischargeMah
com.android.internal.app.IBatteryStats	22	noteEvent
com.android.internal.app.IBatteryStats	23	noteSyncStart
com.android.internal.app.IBatteryStats	24	noteSyncFinish
com.android.internal.app.IBatteryStats	25	noteJobStart
com.android.internal.app.IBatteryStats	26	noteJobFinish
com.android.internal.app.IBatteryStats	27	noteStartWakelock
com.android.internal.app.IBatteryStats	28	noteStopWakelock
com.android.internal.app.IBatteryStats	29	noteStartWakelockFromSource
com.android.internal.app.IBatteryStats	30	noteChangeWakelockFromSource
com.android.internal.app.IBatteryStats	31	noteStopWakelockFromSource
com.android.internal.app.IBatteryStats	32	noteLongPartialWakelockStart
com.android.internal.app.IBatteryStats	33	noteLongPartialWakelockStartFromSource
com.android.internal.app.IBatteryStats	34	noteLongPartialWakelockFinish
com.android.internal.app.IBatteryStats	35	noteLongPartialWakelockFinishFromSource
com.android.internal.app.IBatteryStats	36	noteVibratorOn
com.android.internal.app.IBatteryStats	37	noteVibratorOff
com.android.internal.app.IBatteryStats	38	noteGpsChanged
com.android.internal.app.IBatteryStats	39	noteGpsSignalQuality
com.android.internal.app.IBatteryStats	40	noteScreenState
com.android.internal.app.IBatteryStats	41	noteScreenBrightness
com.android.internal.app.IBatteryStats	42	noteUserActivity
com.android.internal.app.IBatteryStats	43	noteWakeUp
com.android.internal.app.IBatteryStats	44	noteInteractive
com.android.internal.app.IBatteryStats	45	noteConnectivityChanged
com.android.internal.app.IBatteryStats	46	noteMobileRadioPowerState
com.android.internal.app.IBatteryStats	47	notePhoneOn
com.android.internal.app.IBatteryStats	48	notePhoneOff
com.android.internal.app.IBatteryStats	49	notePhoneSignalStrength
com.android.internal.app.IBatteryStats	50	notePhoneDataConnectionState
com.android.internal.app.IBatteryStats	51	notePhoneState
com.android.internal.app.IBatteryStats	52	noteWifiOn
com.android.internal.app.IBatteryStats	53	noteWifiOff
com.android.internal.app.IBatteryStats	54	noteWifiRunning
com.android.internal.app.IBatteryStats	55	noteWifiRunningChanged
com.android.internal.app.IBatteryStats	56	noteWifiStopped
com.android.internal.app.IBatteryStats	57	noteWifiState
com.android.internal.app.IBatteryStats	58	noteWifiSupplicantStateChanged
com.android.internal.app.IBatteryStats	59	noteWifiRssiChanged
com.android.internal.app.IBatteryStats	60	noteFullWifiLockAcquired
com.android.internal.app.IBatteryStats	61	noteFullWifiLockReleased
com.android.internal.app.IBatteryStats	62	noteWifiScanStarted
com.android.internal.app.IBatteryStats	63	noteWifiScanStopped
com.android.internal.app.IBatteryStats	64	noteWifiMulticastEnabled
com.android.internal.app.IBatteryStats	65	noteWifiMulticastDisabled
com.android.internal.app.IBatteryStats	66	noteFullWifiLockAcquiredFromSource
com.android.internal.app.IBatteryStats	67	noteFullWifiLockReleasedFromSource
com.android.internal.app.IBatteryStats	68	noteWifiScanStartedFromSource
com.android.internal.app.IBatteryStats	69	noteWifiScanStoppedFromSource
com.android.internal.app.IBatteryStats	70	noteWifiBatchedScanStartedFromSource
com.android.internal.app.IBatteryStats	71	noteWifiBatchedScanStoppedFromSource
com.android.internal.app.IBatteryStats	72	noteWifiRadioPowerState
com.android.internal.app.IBatteryStats	73	noteNetworkInterfaceForTransports
com.android.internal.app.IBatteryStats	74	noteNetworkStatsEnabled
com.android.internal.app.IBatteryStats	75	noteDeviceIdleMode
com.android.internal.app.IBatteryStats	76	setBatteryState
com.android.internal.app.IBatteryStats	77	getAwakeTimeBattery
com.android.internal.app.IBatteryStats	78	getAwakeTimePlugged
com.android.internal.app.IBatteryStats	79	noteBleScanStarted
com.android.internal.app.IBatteryStats	80	noteBleScanStopped
com.android.internal.app.IBatteryStats	81	noteBleScanReset
com.android.internal.app.IBatteryStats	82	noteBleScanResults
com.android.internal.app.IBatteryStats	83	getCellularBatteryStats
com.android.internal.app.IBatteryStats	84	getWifiBatteryStats
com.android.internal.app.IBatteryStats	85	getGpsBatteryStats
com.android.internal.app.IBatteryStats	86	getWakeLockStats
com.android.internal.app.IBatteryStats	87	getBluetoothBatteryStats
com.android.internal.app.IBatteryStats	88	takeUidSnapshot
com.android.internal.app.IBatteryStats	89	takeUidSnapshots
com.android.internal.app.IBatteryStats	90	takeUidSnapshotsAsync
com.android.internal.app.IBatteryStats	91	noteBluetoothControllerActivity
com.android.internal.app.IBatteryStats	92	noteModemControllerActivity
com.android.internal.app.IBatteryStats	93	noteWifiControllerActivity
com.android.internal.app.IBatteryStats	94	setChargingStateUpdateDelayMillis
com.android.internal.app.IBatteryStats	95	setChargerAcOnline
com.android.internal.app.IBatteryStats	96	setBatteryLevel
com.android.internal.app.IBatteryStats	97	unplugBattery
com.android.internal.app.IBatteryStats	98	resetBattery
com.android.internal.app.IBatteryStats	99	suspendBatteryInput
com.android.internal.app.IHotwordRecognitionStatusCallback	1	onKeyphraseDetected
com.android.internal.app.IHotwordRecognitionStatusCallback	2	onKeyphraseDetectedFromExternalSource
com.android.internal.app.IHotwordRecognitionStatusCallback	3	onGenericSoundTriggerDetected
com.android.internal.app.IHotwordRecognitionStatusCallback	4	onRejected
com.android.internal.app.IHotwordRecognitionStatusCallback	5	onHotwordDetectionServiceFailure
com.android.internal.app.IHotwordRecognitionStatusCallback	6	onVisualQueryDetectionServiceFailure
com.android.internal.app.IHotwordRecognitionStatusCallback	7	onSoundTriggerFailure
com.android.internal.app.IHotwordRecognitionStatusCallback	8	onUnknownFailure
com.android.internal.app.IHotwordRecognitionStatusCallback	9	onRecognitionPaused
com.android.internal.app.IHotwordRecognitionStatusCallback	10	onRecognitionResumed
com.android.internal.app.IHotwordRecognitionStatusCallback	11	onStatusReported
com.android.internal.app.IHotwordRecognitionStatusCallback	12	onProcessRestarted
com.android.internal.app.IHotwordRecognitionStatusCallback	13	onOpenFile
com.android.internal.app.ILogAccessDialogCallback	1	approveAccessForClient
com.android.internal.app.ILogAccessDialogCallback	2	declineAccessForClient
com.android.internal.app.IMediaContainerService	1	copyPackage
com.android.internal.app.IMediaContainerService	2	getMinimalPackageInfo
com.android.internal.app.IMediaContainerService	3	getObbInfo
com.android.internal.app.IMediaContainerService	4	calculateInstalledSize
com.android.internal.app.ISoundTriggerService	1	attachAsOriginator
com.android.internal.app.ISoundTriggerService	2	attachAsMiddleman
com.android.internal.app.ISoundTriggerService	3	listModuleProperties
com.android.internal.app.ISoundTriggerService	4	attachInjection
com.android.internal.app.ISoundTriggerService	5	setInPhoneCallState
com.android.internal.app.ISoundTriggerSession	1	getSoundModel
com.android.internal.app.ISoundTriggerSession	2	updateSoundModel
com.android.internal.app.ISoundTriggerSession	3	deleteSoundModel
com.android.internal.app.ISoundTriggerSession	4	startRecognition
com.android.internal.app.ISoundTriggerSession	5	stopRecognition
com.android.internal.app.ISoundTriggerSession	6	loadGenericSoundModel
com.android.internal.app.ISoundTriggerSession	7	loadKeyphraseSoundModel
com.android.internal.app.ISoundTriggerSession	8	startRecognitionForService
com.android.internal.app.ISoundTriggerSession	9	stopRecognitionForService
com.android.internal.app.ISoundTriggerSession	10	unloadSoundModel
com.android.internal.app.ISoundTriggerSession	11	isRecognitionActive
com.android.internal.app.ISoundTriggerSession	12	getModelState
com.android.internal.app.ISoundTriggerSession	13	getModuleProperties
com.android.internal.app.ISoundTriggerSession	14	setParameter
com.android.internal.app.ISoundTriggerSession	15	getParameter
com.android.internal.app.ISoundTriggerSession	16	queryParameter
com.android.internal.app.IVisualQueryDetectionAttentionListener	1	onAttentionGained
com.android.internal.app.IVisualQueryDetectionAttentionListener	2	onAttentionLost
com.android.internal.app.IVisualQueryRecognitionStatusListener	1	onStartPerceiving
com.android.internal.app.IVisualQueryRecognitionStatusListener	2	onStopPerceiving
com.android.internal.app.IVoiceActionCheckCallback	1	onComplete
com.android.internal.app.IVoiceInteractionAccessibilitySettingsListener	1	onAccessibilityDetectionChanged
com.android.internal.app.IVoiceInteractionManagerService	1	showSession
com.android.internal.app.IVoiceInteractionManagerService	2	deliverNewSession
com.android.internal.app.IVoiceInteractionManagerService	3	showSessionFromSession
com.android.internal.app.IVoiceInteractionManagerService	4	hideSessionFromSession
com.android.internal.app.IVoiceInteractionManagerService	5	startVoiceActivity
com.android.internal.app.IVoiceInteractionManagerService	6	startAssistantActivity
com.android.internal.app.IVoiceInteractionManagerService	7	setKeepAwake
com.android.internal.app.IVoiceInteractionManagerService	8	closeSystemDialogs
com.android.internal.app.IVoiceInteractionManagerService	9	finish
com.android.internal.app.IVoiceInteractionManagerService	10	setDisabledShowContext
com.android.internal.app.IVoiceInteractionManagerService	11	getDisabledShowContext
com.android.internal.app.IVoiceInteractionManagerService	12	getUserDisabledShowContext
com.android.internal.app.IVoiceInteractionManagerService	13	getKeyphraseSoundModel
com.android.internal.app.IVoiceInteractionManagerService	14	updateKeyphraseSoundModel
com.android.internal.app.IVoiceInteractionManagerService	15	deleteKeyphraseSoundModel
com.android.internal.app.IVoiceInteractionManagerService	16	setModelDatabaseForTestEnabled
com.android.internal.app.IVoiceInteractionManagerService	17	isEnrolledForKeyphrase
com.android.internal.app.IVoiceInteractionManagerService	18	getEnrolledKeyphraseMetadata
com.android.internal.app.IVoiceInteractionManagerService	19	getActiveServiceComponentName
com.android.internal.app.IVoiceInteractionManagerService	20	showSessionForActiveService
com.android.internal.app.IVoiceInteractionManagerService	21	hideCurrentSession
com.android.internal.app.IVoiceInteractionManagerService	22	launchVoiceAssistFromKeyguard
com.android.internal.app.IVoiceInteractionManagerService	23	isSessionRunning
com.android.internal.app.IVoiceInteractionManagerService	24	activeServiceSupportsAssist
com.android.internal.app.IVoiceInteractionManagerService	25	activeServiceSupportsLaunchFromKeyguard
com.android.internal.app.IVoiceInteractionManagerService	26	onLockscreenShown
com.android.internal.app.IVoiceInteractionManagerService	27	registerVoiceInteractionSessionListener
com.android.internal.app.IVoiceInteractionManagerService	28	getActiveServiceSupportedActions
com.android.internal.app.IVoiceInteractionManagerService	29	setUiHints
com.android.internal.app.IVoiceInteractionManagerService	30	requestDirectActions
com.android.internal.app.IVoiceInteractionManagerService	31	performDirectAction
com.android.internal.app.IVoiceInteractionManagerService	32	setDisabled
com.android.internal.app.IVoiceInteractionManagerService	33	createSoundTriggerSessionAsOriginator
com.android.internal.app.IVoiceInteractionManagerService	34	listModuleProperties
com.android.internal.app.IVoiceInteractionManagerService	35	updateState
com.android.internal.app.IVoiceInteractionManagerService	36	initAndVerifyDetector
com.android.internal.app.IVoiceInteractionManagerService	37	destroyDetector
com.android.internal.app.IVoiceInteractionManagerService	38	shutdownHotwordDetectionService
com.android.internal.app.IVoiceInteractionManagerService	39	subscribeVisualQueryRecognitionStatus
com.android.internal.app.IVoiceInteractionManagerService	40	enableVisualQueryDetection
com.android.internal.app.IVoiceInteractionManagerService	41	disableVisualQueryDetection
com.android.internal.app.IVoiceInteractionManagerService	42	startPerceiving
com.android.internal.app.IVoiceInteractionManagerService	43	stopPerceiving
com.android.internal.app.IVoiceInteractionManagerService	44	startListeningFromMic
com.android.internal.app.IVoiceInteractionManagerService	45	stopListeningFromMic
com.android.internal.app.IVoiceInteractionManagerService	46	startListeningFromExternalSource
com.android.internal.app.IVoiceInteractionManagerService	47	triggerHardwareRecognitionEventForTest
com.android.internal.app.IVoiceInteractionManagerService	48	startListeningVisibleActivityChanged
com.android.internal.app.IVoiceInteractionManagerService	49	stopListeningVisibleActivityChanged
com.android.internal.app.IVoiceInteractionManagerService	50	setSessionWindowVisible
com.android.internal.app.IVoiceInteractionManagerService	51	notifyActivityEventChanged
com.android.internal.app.IVoiceInteractionManagerService	52	getAccessibilityDetectionEnabled
com.android.internal.app.IVoiceInteractionManagerService	53	registerAccessibilityDetectionSettingsListener
com.android.internal.app.IVoiceInteractionManagerService	54	unregisterAccessibilityDetectionSettingsListener
com.android.internal.app.IVoiceInteractionSessionListener	1	onVoiceSessionShown
com.android.internal.app.IVoiceInteractionSessionListener	2	onVoiceSessionHidden
com.android.internal.app.IVoiceInteractionSessionListener	3	onVoiceSessionWindowVisibilityChanged
com.android.internal.app.IVoiceInteractionSessionListener	4	onSetUiHints
com.android.internal.app.IVoiceInteractionSessionShowCallback	1	onFailed
com.android.internal.app.IVoiceInteractionSessionShowCallback	2	onShown
com.android.internal.app.IVoiceInteractionSoundTriggerSession	1	getDspModuleProperties
com.android.internal.app.IVoiceInteractionSoundTriggerSession	2	startRecognition
com.android.internal.app.IVoiceInteractionSoundTriggerSession	3	stopRecognition
com.android.internal.app.IVoiceInteractionSoundTriggerSession	4	setParameter
com.android.internal.app.IVoiceInteractionSoundTriggerSession	5	getParameter
com.android.internal.app.IVoiceInteractionSoundTriggerSession	6	queryParameter
com.android.internal.app.IVoiceInteractionSoundTriggerSession	7	detach
com.android.internal.app.IVoiceInteractor	1	startConfirmation
com.android.internal.app.IVoiceInteractor	2	startPickOption
com.android.internal.app.IVoiceInteractor	3	startCompleteVoice
com.android.internal.app.IVoiceInteractor	4	startAbortVoice
com.android.internal.app.IVoiceInteractor	5	startCommand
com.android.internal.app.IVoiceInteractor	6	supportsCommands
com.android.internal.app.IVoiceInteractor	7	notifyDirectActionsChanged
com.android.internal.app.IVoiceInteractor	8	setKillCallback
com.android.internal.app.IVoiceInteractorCallback	1	deliverConfirmationResult
com.android.internal.app.IVoiceInteractorCallback	2	deliverPickOptionResult
com.android.internal.app.IVoiceInteractorCallback	3	deliverCompleteVoiceResult
com.android.internal.app.IVoiceInteractorCallback	4	deliverAbortVoiceResult
com.android.internal.app.IVoiceInteractorCallback	5	deliverCommandResult
com.android.internal.app.IVoiceInteractorCallback	6	deliverCancel
com.android.internal.app.IVoiceInteractorCallback	7	destroy
com.android.internal.app.IVoiceInteractorRequest	1	cancel
com.android.internal.app.procstats.IProcessStats	1	getCurrentStats
com.android.internal.app.procstats.IProcessStats	2	getStatsOverTime
com.android.internal.app.procstats.IProcessStats	3	getCurrentMemoryState
com.android.internal.app.procstats.IProcessStats	4	getCommittedStats
com.android.internal.app.procstats.IProcessStats	5	getCommittedStatsMerged
com.android.internal.app.procstats.IProcessStats	6	getMinAssociationDumpDuration
com.android.internal.appwidget.IAppWidgetHost	1	updateAppWidgetDeferred
com.android.internal.appwidget.IAppWidgetHost	2	updateAppWidget
com.android.internal.appwidget.IAppWidgetHost	3	providerChanged
com.android.internal.appwidget.IAppWidgetHost	4	providersChanged
com.android.internal.appwidget.IAppWidgetHost	5	viewDataChanged
com.android.internal.appwidget.IAppWidgetHost	6	appWidgetRemoved
com.android.internal.appwidget.IAppWidgetService	1	startListening
com.android.internal.appwidget.IAppWidgetService	2	stopListening
com.android.internal.appwidget.IAppWidgetService	3	allocateAppWidgetId
com.android.internal.appwidget.IAppWidgetService	4	deleteAppWidgetId
com.android.internal.appwidget.IAppWidgetService	5	deleteHost
com.android.internal.appwidget.IAppWidgetService	6	deleteAllHosts
com.android.internal.appwidget.IAppWidgetService	7	getAppWidgetViews
com.android.internal.appwidget.IAppWidgetService	8	getAppWidgetIdsForHost
com.android.internal.appwidget.IAppWidgetService	9	setAppWidgetHidden
com.android.internal.appwidget.IAppWidgetService	10	createAppWidgetConfigIntentSender
com.android.internal.appwidget.IAppWidgetService	11	updateAppWidgetIds
com.android.internal.appwidget.IAppWidgetService	12	updateAppWidgetOptions
com.android.internal.appwidget.IAppWidgetService	13	getAppWidgetOptions
com.android.internal.appwidget.IAppWidgetService	14	partiallyUpdateAppWidgetIds
com.android.internal.appwidget.IAppWidgetService	15	updateAppWidgetProvider
com.android.internal.appwidget.IAppWidgetService	16	updateAppWidgetProviderInfo
com.android.internal.appwidget.IAppWidgetService	17	notifyAppWidgetViewDataChanged
com.android.internal.appwidget.IAppWidgetService	18	getInstalledProvidersForProfile
com.android.internal.appwidget.IAppWidgetService	19	getAppWidgetInfo
com.android.internal.appwidget.IAppWidgetService	20	hasBindAppWidgetPermission
com.android.internal.appwidget.IAppWidgetService	21	setBindAppWidgetPermission
com.android.internal.appwidget.IAppWidgetService	22	bindAppWidgetId
com.android.internal.appwidget.IAppWidgetService	23	bindRemoteViewsService
com.android.internal.appwidget.IAppWidgetService	24	notifyProviderInheritance
com.android.internal.appwidget.IAppWidgetService	25	getMaxBitmapMemory
com.android.internal.appwidget.IAppWidgetService	26	getAppWidgetIds
com.android.internal.appwidget.IAppWidgetService	27	isBoundWidgetPackage
com.android.internal.appwidget.IAppWidgetService	28	requestPinAppWidget
com.android.internal.appwidget.IAppWidgetService	29	isRequestPinAppWidgetSupported
com.android.internal.appwidget.IAppWidgetService	30	noteAppWidgetTapped
com.android.internal.appwidget.IAppWidgetService	31	setWidgetPreview
com.android.internal.appwidget.IAppWidgetService	32	getWidgetPreview
com.android.internal.appwidget.IAppWidgetService	33	removeWidgetPreview
com.android.internal.backup.IBackupTransport	1	name
com.android.internal.backup.IBackupTransport	2	configurationIntent
com.android.internal.backup.IBackupTransport	3	currentDestinationString
com.android.internal.backup.IBackupTransport	4	dataManagementIntent
com.android.internal.backup.IBackupTransport	5	dataManagementIntentLabel
com.android.internal.backup.IBackupTransport	6	transportDirName
com.android.internal.backup.IBackupTransport	7	requestBackupTime
com.android.internal.backup.IBackupTransport	8	initializeDevice
com.android.internal.backup.IBackupTransport	9	performBackup
com.android.internal.backup.IBackupTransport	10	clearBackupData
com.android.internal.backup.IBackupTransport	11	finishBackup
com.android.internal.backup.IBackupTransport	12	getAvailableRestoreSets
com.android.internal.backup.IBackupTransport	13	getCurrentRestoreSet
com.android.internal.backup.IBackupTransport	14	startRestore
com.android.internal.backup.IBackupTransport	15	nextRestorePackage
com.android.internal.backup.IBackupTransport	16	getRestoreData
com.android.internal.backup.IBackupTransport	17	finishRestore
com.android.internal.backup.IBackupTransport	18	requestFullBackupTime
com.android.internal.backup.IBackupTransport	19	performFullBackup
com.android.internal.backup.IBackupTransport	20	checkFullBackupSize
com.android.internal.backup.IBackupTransport	21	sendBackupData
com.android.internal.backup.IBackupTransport	22	cancelFullBackup
com.android.internal.backup.IBackupTransport	23	isAppEligibleForBackup
com.android.internal.backup.IBackupTransport	24	getBackupQuota
com.android.internal.backup.IBackupTransport	25	getNextFullRestoreDataChunk
com.android.internal.backup.IBackupTransport	26	abortFullRestore
com.android.internal.backup.IBackupTransport	27	getTransportFlags
com.android.internal.backup.IBackupTransport	28	getBackupManagerMonitor
com.android.internal.backup.IBackupTransport	29	getPackagesThatShouldNotUseRestrictedMode
com.android.internal.backup.IObbBackupService	1	backupObbs
com.android.internal.backup.IObbBackupService	2	restoreObbFile
com.android.internal.backup.ITransportStatusCallback	1	onOperationCompleteWithStatus
com.android.internal.backup.ITransportStatusCallback	2	onOperationComplete
com.android.internal.compat.IOverrideValidator	1	getOverrideAllowedState
com.android.internal.compat.IPlatformCompat	1	reportChange
com.android.internal.compat.IPlatformCompat	2	reportChangeByPackageName
com.android.internal.compat.IPlatformCompat	3	reportChangeByUid
com.android.internal.compat.IPlatformCompat	4	isChangeEnabled
com.android.internal.compat.IPlatformCompat	5	isChangeEnabledByPackageName
com.android.internal.compat.IPlatformCompat	6	isChangeEnabledByUid
com.android.internal.compat.IPlatformCompat	7	setOverrides
com.android.internal.compat.IPlatformCompat	8	putAllOverridesOnReleaseBuilds
com.android.internal.compat.IPlatformCompat	9	putOverridesOnReleaseBuilds
com.android.internal.compat.IPlatformCompat	10	setOverridesForTest
com.android.internal.compat.IPlatformCompat	11	clearOverride
com.android.internal.compat.IPlatformCompat	12	clearOverrideForTest
com.android.internal.compat.IPlatformCompat	13	removeAllOverridesOnReleaseBuilds
com.android.internal.compat.IPlatformCompat	14	removeOverridesOnReleaseBuilds
com.android.internal.compat.IPlatformCompat	15	enableTargetSdkChanges
com.android.internal.compat.IPlatformCompat	16	disableTargetSdkChanges
com.android.internal.compat.IPlatformCompat	17	clearOverrides
com.android.internal.compat.IPlatformCompat	18	clearOverridesForTest
com.android.internal.compat.IPlatformCompat	19	getAppConfig
com.android.internal.compat.IPlatformCompat	20	listAllChanges
com.android.internal.compat.IPlatformCompat	21	listUIChanges
com.android.internal.compat.IPlatformCompat	22	getOverrideValidator
com.android.internal.compat.IPlatformCompatNative	1	reportChangeByPackageName
com.android.internal.compat.IPlatformCompatNative	2	reportChangeByUid
com.android.internal.compat.IPlatformCompatNative	3	isChangeEnabledByPackageName
com.android.internal.compat.IPlatformCompatNative	4	isChangeEnabledByUid
com.android.internal.graphics.fonts.IFontManager	1	getFontConfig
com.android.internal.graphics.fonts.IFontManager	2	updateFontFamily
com.android.internal.infra.IAndroidFuture	1	complete
com.android.internal.inputmethod.IAccessibilityInputMethodSession	1	updateSelection
com.android.internal.inputmethod.IAccessibilityInputMethodSession	2	finishInput
com.android.internal.inputmethod.IAccessibilityInputMethodSession	3	finishSession
com.android.internal.inputmethod.IAccessibilityInputMethodSession	4	invalidateInput
com.android.internal.inputmethod.IAccessibilityInputMethodSessionCallback	1	sessionCreated
com.android.internal.inputmethod.IBooleanListener	1	onResult
com.android.internal.inputmethod.IConnectionlessHandwritingCallback	1	onResult
com.android.internal.inputmethod.IConnectionlessHandwritingCallback	2	onError
com.android.internal.inputmethod.IImeTracker	1	onStart
com.android.internal.inputmethod.IImeTracker	2	onProgress
com.android.internal.inputmethod.IImeTracker	3	onFailed
com.android.internal.inputmethod.IImeTracker	4	onCancelled
com.android.internal.inputmethod.IImeTracker	5	onShown
com.android.internal.inputmethod.IImeTracker	6	onHidden
com.android.internal.inputmethod.IImeTracker	7	onDispatched
com.android.internal.inputmethod.IImeTracker	8	hasPendingImeVisibilityRequests
com.android.internal.inputmethod.IImeTracker	9	finishTrackingPendingImeVisibilityRequests
com.android.internal.inputmethod.IInlineSuggestionsRequestCallback	1	onInlineSuggestionsUnsupported
com.android.internal.inputmethod.IInlineSuggestionsRequestCallback	2	onInlineSuggestionsRequest
com.android.internal.inputmethod.IInlineSuggestionsRequestCallback	3	onInputMethodStartInput
com.android.internal.inputmethod.IInlineSuggestionsRequestCallback	4	onInputMethodShowInputRequested
com.android.internal.inputmethod.IInlineSuggestionsRequestCallback	5	onInputMethodStartInputView
com.android.internal.inputmethod.IInlineSuggestionsRequestCallback	6	onInputMethodFinishInputView
com.android.internal.inputmethod.IInlineSuggestionsRequestCallback	7	onInputMethodFinishInput
com.android.internal.inputmethod.IInlineSuggestionsRequestCallback	8	onInlineSuggestionsSessionInvalidated
com.android.internal.inputmethod.IInlineSuggestionsResponseCallback	1	onInlineSuggestionsResponse
com.android.internal.inputmethod.IInputContentUriToken	1	take
com.android.internal.inputmethod.IInputContentUriToken	2	release
com.android.internal.inputmethod.IInputMethod	1	initializeInternal
com.android.internal.inputmethod.IInputMethod	2	onCreateInlineSuggestionsRequest
com.android.internal.inputmethod.IInputMethod	3	bindInput
com.android.internal.inputmethod.IInputMethod	4	unbindInput
com.android.internal.inputmethod.IInputMethod	5	startInput
com.android.internal.inputmethod.IInputMethod	6	onNavButtonFlagsChanged
com.android.internal.inputmethod.IInputMethod	7	createSession
com.android.internal.inputmethod.IInputMethod	8	setSessionEnabled
com.android.internal.inputmethod.IInputMethod	9	showSoftInput
com.android.internal.inputmethod.IInputMethod	10	hideSoftInput
com.android.internal.inputmethod.IInputMethod	11	updateEditorToolType
com.android.internal.inputmethod.IInputMethod	12	changeInputMethodSubtype
com.android.internal.inputmethod.IInputMethod	13	canStartStylusHandwriting
com.android.internal.inputmethod.IInputMethod	14	startStylusHandwriting
com.android.internal.inputmethod.IInputMethod	15	commitHandwritingDelegationTextIfAvailable
com.android.internal.inputmethod.IInputMethod	16	discardHandwritingDelegationText
com.android.internal.inputmethod.IInputMethod	17	initInkWindow
com.android.internal.inputmethod.IInputMethod	18	finishStylusHandwriting
com.android.internal.inputmethod.IInputMethod	19	removeStylusHandwritingWindow
com.android.internal.inputmethod.IInputMethod	20	setStylusWindowIdleTimeoutForTest
com.android.internal.inputmethod.IInputMethodClient	1	onBindMethod
com.android.internal.inputmethod.IInputMethodClient	2	onStartInputResult
com.android.internal.inputmethod.IInputMethodClient	3	onBindAccessibilityService
com.android.internal.inputmethod.IInputMethodClient	4	onUnbindMethod
com.android.internal.inputmethod.IInputMethodClient	5	onUnbindAccessibilityService
com.android.internal.inputmethod.IInputMethodClient	6	setActive
com.android.internal.inputmethod.IInputMethodClient	7	setInteractive
com.android.internal.inputmethod.IInputMethodClient	8	setImeVisibility
com.android.internal.inputmethod.IInputMethodClient	9	scheduleStartInputIfNecessary
com.android.internal.inputmethod.IInputMethodClient	10	reportFullscreenMode
com.android.internal.inputmethod.IInputMethodClient	11	setImeTraceEnabled
com.android.internal.inputmethod.IInputMethodClient	12	throwExceptionFromSystem
com.android.internal.inputmethod.IInputMethodPrivilegedOperations	1	setImeWindowStatusAsync
com.android.internal.inputmethod.IInputMethodPrivilegedOperations	2	reportStartInputAsync
com.android.internal.inputmethod.IInputMethodPrivilegedOperations	3	createInputContentUriToken
com.android.internal.inputmethod.IInputMethodPrivilegedOperations	4	reportFullscreenModeAsync
com.android.internal.inputmethod.IInputMethodPrivilegedOperations	5	setInputMethod
com.android.internal.inputmethod.IInputMethodPrivilegedOperations	6	setInputMethodAndSubtype
com.android.internal.inputmethod.IInputMethodPrivilegedOperations	7	hideMySoftInput
com.android.internal.inputmethod.IInputMethodPrivilegedOperations	8	showMySoftInput
com.android.internal.inputmethod.IInputMethodPrivilegedOperations	9	updateStatusIconAsync
com.android.internal.inputmethod.IInputMethodPrivilegedOperations	10	switchToPreviousInputMethod
com.android.internal.inputmethod.IInputMethodPrivilegedOperations	11	switchToNextInputMethod
com.android.internal.inputmethod.IInputMethodPrivilegedOperations	12	shouldOfferSwitchingToNextInputMethod
com.android.internal.inputmethod.IInputMethodPrivilegedOperations	13	onImeSwitchButtonClickFromClient
com.android.internal.inputmethod.IInputMethodPrivilegedOperations	14	notifyUserActionAsync
com.android.internal.inputmethod.IInputMethodPrivilegedOperations	15	applyImeVisibilityAsync
com.android.internal.inputmethod.IInputMethodPrivilegedOperations	16	onStylusHandwritingReady
com.android.internal.inputmethod.IInputMethodPrivilegedOperations	17	resetStylusHandwriting
com.android.internal.inputmethod.IInputMethodPrivilegedOperations	18	switchKeyboardLayoutAsync
com.android.internal.inputmethod.IInputMethodPrivilegedOperations	19	setHandwritingSurfaceNotTouchable
com.android.internal.inputmethod.IInputMethodPrivilegedOperations	20	setHandwritingTouchableRegion
com.android.internal.inputmethod.IInputMethodSession	1	updateExtractedText
com.android.internal.inputmethod.IInputMethodSession	2	updateSelection
com.android.internal.inputmethod.IInputMethodSession	3	viewClicked
com.android.internal.inputmethod.IInputMethodSession	4	updateCursor
com.android.internal.inputmethod.IInputMethodSession	5	displayCompletions
com.android.internal.inputmethod.IInputMethodSession	6	appPrivateCommand
com.android.internal.inputmethod.IInputMethodSession	7	finishSession
com.android.internal.inputmethod.IInputMethodSession	8	updateCursorAnchorInfo
com.android.internal.inputmethod.IInputMethodSession	9	removeImeSurface
com.android.internal.inputmethod.IInputMethodSession	10	finishInput
com.android.internal.inputmethod.IInputMethodSession	11	invalidateInput
com.android.internal.inputmethod.IInputMethodSessionCallback	1	sessionCreated
com.android.internal.inputmethod.IRemoteAccessibilityInputConnection	1	commitText
com.android.internal.inputmethod.IRemoteAccessibilityInputConnection	2	setSelection
com.android.internal.inputmethod.IRemoteAccessibilityInputConnection	3	getSurroundingText
com.android.internal.inputmethod.IRemoteAccessibilityInputConnection	4	deleteSurroundingText
com.android.internal.inputmethod.IRemoteAccessibilityInputConnection	5	sendKeyEvent
com.android.internal.inputmethod.IRemoteAccessibilityInputConnection	6	performEditorAction
com.android.internal.inputmethod.IRemoteAccessibilityInputConnection	7	performContextMenuAction
com.android.internal.inputmethod.IRemoteAccessibilityInputConnection	8	getCursorCapsMode
com.android.internal.inputmethod.IRemoteAccessibilityInputConnection	9	clearMetaKeyStates
com.android.internal.inputmethod.IRemoteInputConnection	1	getTextBeforeCursor
com.android.internal.inputmethod.IRemoteInputConnection	2	getTextAfterCursor
com.android.internal.inputmethod.IRemoteInputConnection	3	getCursorCapsMode
com.android.internal.inputmethod.IRemoteInputConnection	4	getExtractedText
com.android.internal.inputmethod.IRemoteInputConnection	5	deleteSurroundingText
com.android.internal.inputmethod.IRemoteInputConnection	6	deleteSurroundingTextInCodePoints
com.android.internal.inputmethod.IRemoteInputConnection	7	setComposingText
com.android.internal.inputmethod.IRemoteInputConnection	8	setComposingTextWithTextAttribute
com.android.internal.inputmethod.IRemoteInputConnection	9	finishComposingText
com.android.internal.inputmethod.IRemoteInputConnection	10	commitText
com.android.internal.inputmethod.IRemoteInputConnection	11	commitTextWithTextAttribute
com.android.internal.inputmethod.IRemoteInputConnection	12	commitCompletion
com.android.internal.inputmethod.IRemoteInputConnection	13	commitCorrection
com.android.internal.inputmethod.IRemoteInputConnection	14	setSelection
com.android.internal.inputmethod.IRemoteInputConnection	15	performEditorAction
com.android.internal.inputmethod.IRemoteInputConnection	16	performContextMenuAction
com.android.internal.inputmethod.IRemoteInputConnection	17	beginBatchEdit
com.android.internal.inputmethod.IRemoteInputConnection	18	endBatchEdit
com.android.internal.inputmethod.IRemoteInputConnection	19	sendKeyEvent
com.android.internal.inputmethod.IRemoteInputConnection	20	clearMetaKeyStates
com.android.internal.inputmethod.IRemoteInputConnection	21	performSpellCheck
com.android.internal.inputmethod.IRemoteInputConnection	22	performPrivateCommand
com.android.internal.inputmethod.IRemoteInputConnection	23	performHandwritingGesture
com.android.internal.inputmethod.IRemoteInputConnection	24	previewHandwritingGesture
com.android.internal.inputmethod.IRemoteInputConnection	25	setComposingRegion
com.android.internal.inputmethod.IRemoteInputConnection	26	setComposingRegionWithTextAttribute
com.android.internal.inputmethod.IRemoteInputConnection	27	getSelectedText
com.android.internal.inputmethod.IRemoteInputConnection	28	requestCursorUpdates
com.android.internal.inputmethod.IRemoteInputConnection	29	requestCursorUpdatesWithFilter
com.android.internal.inputmethod.IRemoteInputConnection	30	requestTextBoundsInfo
com.android.internal.inputmethod.IRemoteInputConnection	31	commitContent
com.android.internal.inputmethod.IRemoteInputConnection	32	getSurroundingText
com.android.internal.inputmethod.IRemoteInputConnection	33	setImeConsumesInput
com.android.internal.inputmethod.IRemoteInputConnection	34	replaceText
com.android.internal.inputmethod.IRemoteInputConnection	35	cancelCancellationSignal
com.android.internal.inputmethod.IRemoteInputConnection	36	forgetCancellationSignal
com.android.internal.net.INetworkWatchlistManager	1	startWatchlistLogging
com.android.internal.net.INetworkWatchlistManager	2	stopWatchlistLogging
com.android.internal.net.INetworkWatchlistManager	3	reloadWatchlist
com.android.internal.net.INetworkWatchlistManager	4	reportWatchlistIfNecessary
com.android.internal.net.INetworkWatchlistManager	5	getWatchlistConfigHash
com.android.internal.os.IBinaryTransparencyService	1	getSignedImageInfo
com.android.internal.os.IBinaryTransparencyService	2	recordMeasurementsForAllPackages
com.android.internal.os.IBinaryTransparencyService	3	collectAllApexInfo
com.android.internal.os.IBinaryTransparencyService	4	collectAllUpdatedPreloadInfo
com.android.internal.os.IBinaryTransparencyService	5	collectAllSilentInstalledMbaInfo
com.android.internal.os.IDropBoxManagerService	1	addData
com.android.internal.os.IDropBoxManagerService	2	addFile
com.android.internal.os.IDropBoxManagerService	3	isTagEnabled
com.android.internal.os.IDropBoxManagerService	4	getNextEntry
com.android.internal.os.IDropBoxManagerService	5	getNextEntryWithAttribution
com.android.internal.os.IParcelFileDescriptorFactory	1	open
com.android.internal.os.IResultReceiver	1	send
com.android.internal.os.IShellCallback	1	openFile
com.android.internal.policy.IDeviceLockedStateListener	1	onDeviceLockedStateChanged
com.android.internal.policy.IKeyguardDismissCallback	1	onDismissError
com.android.internal.policy.IKeyguardDismissCallback	2	onDismissSucceeded
com.android.internal.policy.IKeyguardDismissCallback	3	onDismissCancelled
com.android.internal.policy.IKeyguardDrawnCallback	1	onDrawn
com.android.internal.policy.IKeyguardExitCallback	1	onKeyguardExitResult
com.android.internal.policy.IKeyguardLockedStateListener	1	onKeyguardLockedStateChanged
com.android.internal.policy.IKeyguardService	1	setOccluded
com.android.internal.policy.IKeyguardService	2	addStateMonitorCallback
com.android.internal.policy.IKeyguardService	3	verifyUnlock
com.android.internal.policy.IKeyguardService	4	dismiss
com.android.internal.policy.IKeyguardService	5	onDreamingStarted
com.android.internal.policy.IKeyguardService	6	onDreamingStopped
com.android.internal.policy.IKeyguardService	7	onStartedGoingToSleep
com.android.internal.policy.IKeyguardService	8	onFinishedGoingToSleep
com.android.internal.policy.IKeyguardService	9	onStartedWakingUp
com.android.internal.policy.IKeyguardService	10	onFinishedWakingUp
com.android.internal.policy.IKeyguardService	11	onScreenTurningOn
com.android.internal.policy.IKeyguardService	12	onScreenTurnedOn
com.android.internal.policy.IKeyguardService	13	onScreenTurningOff
com.android.internal.policy.IKeyguardService	14	onScreenTurnedOff
com.android.internal.policy.IKeyguardService	15	setKeyguardEnabled
com.android.internal.policy.IKeyguardService	16	onSystemReady
com.android.internal.policy.IKeyguardService	17	doKeyguardTimeout
com.android.internal.policy.IKeyguardService	18	setSwitchingUser
com.android.internal.policy.IKeyguardService	19	setCurrentUser
com.android.internal.policy.IKeyguardService	20	onBootCompleted
com.android.internal.policy.IKeyguardService	21	startKeyguardExitAnimation
com.android.internal.policy.IKeyguardService	22	onShortPowerPressedGoHome
com.android.internal.policy.IKeyguardService	23	dismissKeyguardToLaunch
com.android.internal.policy.IKeyguardService	24	onSystemKeyPressed
com.android.internal.policy.IKeyguardService	25	showDismissibleKeyguard
com.android.internal.policy.IKeyguardStateCallback	1	onShowingStateChanged
com.android.internal.policy.IKeyguardStateCallback	2	onSimSecureStateChanged
com.android.internal.policy.IKeyguardStateCallback	3	onInputRestrictedStateChanged
com.android.internal.policy.IKeyguardStateCallback	4	onTrustedChanged
com.android.internal.policy.IShortcutService	1	notifyShortcutKeyPressed
com.android.internal.protolog.IProtoLogClient	1	toggleLogcat
com.android.internal.protolog.IProtoLogConfigurationService	1	registerClient
com.android.internal.protolog.IProtoLogConfigurationService$IRegisterClientArgs	1	getGroups
com.android.internal.protolog.IProtoLogConfigurationService$IRegisterClientArgs	2	getGroupsDefaultLogcatStatus
com.android.internal.protolog.IProtoLogConfigurationService$IRegisterClientArgs	3	getViewerConfigFile
com.android.internal.statusbar.IAddTileResultCallback	1	onTileRequest
com.android.internal.statusbar.IAppClipsService	1	canLaunchCaptureContentActivityForNote
com.android.internal.statusbar.IAppClipsService	2	canLaunchCaptureContentActivityForNoteInternal
com.android.internal.statusbar.ISessionListener	1	onSessionStarted
com.android.internal.statusbar.ISessionListener	2	onSessionEnded
com.android.internal.statusbar.IStatusBar	1	setIcon
com.android.internal.statusbar.IStatusBar	2	removeIcon
com.android.internal.statusbar.IStatusBar	3	disable
com.android.internal.statusbar.IStatusBar	4	animateExpandNotificationsPanel
com.android.internal.statusbar.IStatusBar	5	animateExpandSettingsPanel
com.android.internal.statusbar.IStatusBar	6	animateCollapsePanels
com.android.internal.statusbar.IStatusBar	7	toggleNotificationsPanel
com.android.internal.statusbar.IStatusBar	8	showWirelessChargingAnimation
com.android.internal.statusbar.IStatusBar	9	setImeWindowStatus
com.android.internal.statusbar.IStatusBar	10	setWindowState
com.android.internal.statusbar.IStatusBar	11	showRecentApps
com.android.internal.statusbar.IStatusBar	12	hideRecentApps
com.android.internal.statusbar.IStatusBar	13	toggleRecentApps
com.android.internal.statusbar.IStatusBar	14	toggleTaskbar
com.android.internal.statusbar.IStatusBar	15	toggleSplitScreen
com.android.internal.statusbar.IStatusBar	16	preloadRecentApps
com.android.internal.statusbar.IStatusBar	17	cancelPreloadRecentApps
com.android.internal.statusbar.IStatusBar	18	showScreenPinningRequest
com.android.internal.statusbar.IStatusBar	19	confirmImmersivePrompt
com.android.internal.statusbar.IStatusBar	20	immersiveModeChanged
com.android.internal.statusbar.IStatusBar	21	dismissKeyboardShortcutsMenu
com.android.internal.statusbar.IStatusBar	22	toggleKeyboardShortcutsMenu
com.android.internal.statusbar.IStatusBar	23	appTransitionPending
com.android.internal.statusbar.IStatusBar	24	appTransitionCancelled
com.android.internal.statusbar.IStatusBar	25	appTransitionStarting
com.android.internal.statusbar.IStatusBar	26	appTransitionFinished
com.android.internal.statusbar.IStatusBar	27	showAssistDisclosure
com.android.internal.statusbar.IStatusBar	28	startAssist
com.android.internal.statusbar.IStatusBar	29	onCameraLaunchGestureDetected
com.android.internal.statusbar.IStatusBar	30	onEmergencyActionLaunchGestureDetected
com.android.internal.statusbar.IStatusBar	31	showPictureInPictureMenu
com.android.internal.statusbar.IStatusBar	32	showGlobalActionsMenu
com.android.internal.statusbar.IStatusBar	33	onProposedRotationChanged
com.android.internal.statusbar.IStatusBar	34	setTopAppHidesStatusBar
com.android.internal.statusbar.IStatusBar	35	addQsTile
com.android.internal.statusbar.IStatusBar	36	addQsTileToFrontOrEnd
com.android.internal.statusbar.IStatusBar	37	remQsTile
com.android.internal.statusbar.IStatusBar	38	setQsTiles
com.android.internal.statusbar.IStatusBar	39	clickQsTile
com.android.internal.statusbar.IStatusBar	40	handleSystemKey
com.android.internal.statusbar.IStatusBar	41	showPinningEnterExitToast
com.android.internal.statusbar.IStatusBar	42	showPinningEscapeToast
com.android.internal.statusbar.IStatusBar	43	showShutdownUi
com.android.internal.statusbar.IStatusBar	44	showAuthenticationDialog
com.android.internal.statusbar.IStatusBar	45	onBiometricAuthenticated
com.android.internal.statusbar.IStatusBar	46	onBiometricHelp
com.android.internal.statusbar.IStatusBar	47	onBiometricError
com.android.internal.statusbar.IStatusBar	48	hideAuthenticationDialog
com.android.internal.statusbar.IStatusBar	49	setBiometicContextListener
com.android.internal.statusbar.IStatusBar	50	setUdfpsRefreshRateCallback
com.android.internal.statusbar.IStatusBar	51	onDisplayReady
com.android.internal.statusbar.IStatusBar	52	onSystemBarAttributesChanged
com.android.internal.statusbar.IStatusBar	53	showTransient
com.android.internal.statusbar.IStatusBar	54	abortTransient
com.android.internal.statusbar.IStatusBar	55	showInattentiveSleepWarning
com.android.internal.statusbar.IStatusBar	56	dismissInattentiveSleepWarning
com.android.internal.statusbar.IStatusBar	57	showToast
com.android.internal.statusbar.IStatusBar	58	hideToast
com.android.internal.statusbar.IStatusBar	59	startTracing
com.android.internal.statusbar.IStatusBar	60	stopTracing
com.android.internal.statusbar.IStatusBar	61	suppressAmbientDisplay
com.android.internal.statusbar.IStatusBar	62	requestMagnificationConnection
com.android.internal.statusbar.IStatusBar	63	passThroughShellCommand
com.android.internal.statusbar.IStatusBar	64	setNavigationBarLumaSamplingEnabled
com.android.internal.statusbar.IStatusBar	65	runGcForTest
com.android.internal.statusbar.IStatusBar	66	requestTileServiceListeningState
com.android.internal.statusbar.IStatusBar	67	requestAddTile
com.android.internal.statusbar.IStatusBar	68	cancelRequestAddTile
com.android.internal.statusbar.IStatusBar	69	updateMediaTapToTransferSenderDisplay
com.android.internal.statusbar.IStatusBar	70	updateMediaTapToTransferReceiverDisplay
com.android.internal.statusbar.IStatusBar	71	registerNearbyMediaDevicesProvider
com.android.internal.statusbar.IStatusBar	72	unregisterNearbyMediaDevicesProvider
com.android.internal.statusbar.IStatusBar	73	dumpProto
com.android.internal.statusbar.IStatusBar	74	showRearDisplayDialog
com.android.internal.statusbar.IStatusBar	75	moveFocusedTaskToFullscreen
com.android.internal.statusbar.IStatusBar	76	moveFocusedTaskToStageSplit
com.android.internal.statusbar.IStatusBar	77	setSplitscreenFocus
com.android.internal.statusbar.IStatusBar	78	showMediaOutputSwitcher
com.android.internal.statusbar.IStatusBar	79	moveFocusedTaskToDesktop
com.android.internal.statusbar.IStatusBarService	1	expandNotificationsPanel
com.android.internal.statusbar.IStatusBarService	2	collapsePanels
com.android.internal.statusbar.IStatusBarService	3	togglePanel
com.android.internal.statusbar.IStatusBarService	4	disable
com.android.internal.statusbar.IStatusBarService	5	disableForUser
com.android.internal.statusbar.IStatusBarService	6	disable2
com.android.internal.statusbar.IStatusBarService	7	disable2ForUser
com.android.internal.statusbar.IStatusBarService	8	getDisableFlags
com.android.internal.statusbar.IStatusBarService	9	setIcon
com.android.internal.statusbar.IStatusBarService	10	setIconVisibility
com.android.internal.statusbar.IStatusBarService	11	removeIcon
com.android.internal.statusbar.IStatusBarService	12	setImeWindowStatus
com.android.internal.statusbar.IStatusBarService	13	expandSettingsPanel
com.android.internal.statusbar.IStatusBarService	14	registerStatusBar
com.android.internal.statusbar.IStatusBarService	15	registerStatusBarForAllDisplays
com.android.internal.statusbar.IStatusBarService	16	onPanelRevealed
com.android.internal.statusbar.IStatusBarService	17	onPanelHidden
com.android.internal.statusbar.IStatusBarService	18	clearNotificationEffects
com.android.internal.statusbar.IStatusBarService	19	onNotificationClick
com.android.internal.statusbar.IStatusBarService	20	onNotificationActionClick
com.android.internal.statusbar.IStatusBarService	21	onNotificationError
com.android.internal.statusbar.IStatusBarService	22	onClearAllNotifications
com.android.internal.statusbar.IStatusBarService	23	onNotificationClear
com.android.internal.statusbar.IStatusBarService	24	onNotificationVisibilityChanged
com.android.internal.statusbar.IStatusBarService	25	onNotificationExpansionChanged
com.android.internal.statusbar.IStatusBarService	26	onNotificationDirectReplied
com.android.internal.statusbar.IStatusBarService	27	onNotificationSmartSuggestionsAdded
com.android.internal.statusbar.IStatusBarService	28	onNotificationSmartReplySent
com.android.internal.statusbar.IStatusBarService	29	onNotificationSettingsViewed
com.android.internal.statusbar.IStatusBarService	30	onNotificationBubbleChanged
com.android.internal.statusbar.IStatusBarService	31	onBubbleMetadataFlagChanged
com.android.internal.statusbar.IStatusBarService	32	hideCurrentInputMethodForBubbles
com.android.internal.statusbar.IStatusBarService	33	grantInlineReplyUriPermission
com.android.internal.statusbar.IStatusBarService	34	clearInlineReplyUriPermissions
com.android.internal.statusbar.IStatusBarService	35	onNotificationFeedbackReceived
com.android.internal.statusbar.IStatusBarService	36	onGlobalActionsShown
com.android.internal.statusbar.IStatusBarService	37	onGlobalActionsHidden
com.android.internal.statusbar.IStatusBarService	38	shutdown
com.android.internal.statusbar.IStatusBarService	39	reboot
com.android.internal.statusbar.IStatusBarService	40	restart
com.android.internal.statusbar.IStatusBarService	41	addTile
com.android.internal.statusbar.IStatusBarService	42	remTile
com.android.internal.statusbar.IStatusBarService	43	clickTile
com.android.internal.statusbar.IStatusBarService	44	handleSystemKey
com.android.internal.statusbar.IStatusBarService	45	getLastSystemKey
com.android.internal.statusbar.IStatusBarService	46	showPinningEnterExitToast
com.android.internal.statusbar.IStatusBarService	47	showPinningEscapeToast
com.android.internal.statusbar.IStatusBarService	48	showAuthenticationDialog
com.android.internal.statusbar.IStatusBarService	49	onBiometricAuthenticated
com.android.internal.statusbar.IStatusBarService	50	onBiometricHelp
com.android.internal.statusbar.IStatusBarService	51	onBiometricError
com.android.internal.statusbar.IStatusBarService	52	hideAuthenticationDialog
com.android.internal.statusbar.IStatusBarService	53	setBiometicContextListener
com.android.internal.statusbar.IStatusBarService	54	setUdfpsRefreshRateCallback
com.android.internal.statusbar.IStatusBarService	55	showInattentiveSleepWarning
com.android.internal.statusbar.IStatusBarService	56	dismissInattentiveSleepWarning
com.android.internal.statusbar.IStatusBarService	57	startTracing
com.android.internal.statusbar.IStatusBarService	58	stopTracing
com.android.internal.statusbar.IStatusBarService	59	isTracing
com.android.internal.statusbar.IStatusBarService	60	suppressAmbientDisplay
com.android.internal.statusbar.IStatusBarService	61	requestTileServiceListeningState
com.android.internal.statusbar.IStatusBarService	62	requestAddTile
com.android.internal.statusbar.IStatusBarService	63	cancelRequestAddTile
com.android.internal.statusbar.IStatusBarService	64	setNavBarMode
com.android.internal.statusbar.IStatusBarService	65	getNavBarMode
com.android.internal.statusbar.IStatusBarService	66	registerSessionListener
com.android.internal.statusbar.IStatusBarService	67	unregisterSessionListener
com.android.internal.statusbar.IStatusBarService	68	onSessionStarted
com.android.internal.statusbar.IStatusBarService	69	onSessionEnded
com.android.internal.statusbar.IStatusBarService	70	updateMediaTapToTransferSenderDisplay
com.android.internal.statusbar.IStatusBarService	71	updateMediaTapToTransferReceiverDisplay
com.android.internal.statusbar.IStatusBarService	72	registerNearbyMediaDevicesProvider
com.android.internal.statusbar.IStatusBarService	73	unregisterNearbyMediaDevicesProvider
com.android.internal.statusbar.IStatusBarService	74	showRearDisplayDialog
com.android.internal.statusbar.IUndoMediaTransferCallback	1	onUndoTriggered
com.android.internal.telecom.ICallControl	1	setActive
com.android.internal.telecom.ICallControl	2	answer
com.android.internal.telecom.ICallControl	3	setInactive
com.android.internal.telecom.ICallControl	4	disconnect
com.android.internal.telecom.ICallControl	5	startCallStreaming
com.android.internal.telecom.ICallControl	6	requestCallEndpointChange
com.android.internal.telecom.ICallControl	7	setMuteState
com.android.internal.telecom.ICallControl	8	sendEvent
com.android.internal.telecom.ICallControl	9	requestVideoState
com.android.internal.telecom.ICallDiagnosticService	1	setAdapter
com.android.internal.telecom.ICallDiagnosticService	2	initializeDiagnosticCall
com.android.internal.telecom.ICallDiagnosticService	3	updateCall
com.android.internal.telecom.ICallDiagnosticService	4	updateCallAudioState
com.android.internal.telecom.ICallDiagnosticService	5	removeDiagnosticCall
com.android.internal.telecom.ICallDiagnosticService	6	receiveDeviceToDeviceMessage
com.android.internal.telecom.ICallDiagnosticService	7	callQualityChanged
com.android.internal.telecom.ICallDiagnosticService	8	receiveBluetoothCallQualityReport
com.android.internal.telecom.ICallDiagnosticService	9	notifyCallDisconnected
com.android.internal.telecom.ICallDiagnosticServiceAdapter	1	displayDiagnosticMessage
com.android.internal.telecom.ICallDiagnosticServiceAdapter	2	clearDiagnosticMessage
com.android.internal.telecom.ICallDiagnosticServiceAdapter	3	sendDeviceToDeviceMessage
com.android.internal.telecom.ICallDiagnosticServiceAdapter	4	overrideDisconnectMessage
com.android.internal.telecom.ICallEventCallback	1	onAddCallControl
com.android.internal.telecom.ICallEventCallback	2	onSetActive
com.android.internal.telecom.ICallEventCallback	3	onSetInactive
com.android.internal.telecom.ICallEventCallback	4	onAnswer
com.android.internal.telecom.ICallEventCallback	5	onDisconnect
com.android.internal.telecom.ICallEventCallback	6	onCallStreamingStarted
com.android.internal.telecom.ICallEventCallback	7	onCallStreamingFailed
com.android.internal.telecom.ICallEventCallback	8	onCallEndpointChanged
com.android.internal.telecom.ICallEventCallback	9	onAvailableCallEndpointsChanged
com.android.internal.telecom.ICallEventCallback	10	onMuteStateChanged
com.android.internal.telecom.ICallEventCallback	11	onVideoStateChanged
com.android.internal.telecom.ICallEventCallback	12	onEvent
com.android.internal.telecom.ICallEventCallback	13	removeCallFromTransactionalServiceWrapper
com.android.internal.telecom.ICallRedirectionAdapter	1	cancelCall
com.android.internal.telecom.ICallRedirectionAdapter	2	placeCallUnmodified
com.android.internal.telecom.ICallRedirectionAdapter	3	redirectCall
com.android.internal.telecom.ICallRedirectionService	1	placeCall
com.android.internal.telecom.ICallRedirectionService	2	notifyTimeout
com.android.internal.telecom.ICallScreeningAdapter	1	onScreeningResponse
com.android.internal.telecom.ICallScreeningService	1	screenCall
com.android.internal.telecom.ICallStreamingService	1	setStreamingCallAdapter
com.android.internal.telecom.ICallStreamingService	2	onCallStreamingStarted
com.android.internal.telecom.ICallStreamingService	3	onCallStreamingStopped
com.android.internal.telecom.ICallStreamingService	4	onCallStreamingStateChanged
com.android.internal.telecom.IConnectionService	1	addConnectionServiceAdapter
com.android.internal.telecom.IConnectionService	2	removeConnectionServiceAdapter
com.android.internal.telecom.IConnectionService	3	createConnection
com.android.internal.telecom.IConnectionService	4	createConnectionComplete
com.android.internal.telecom.IConnectionService	5	createConnectionFailed
com.android.internal.telecom.IConnectionService	6	createConference
com.android.internal.telecom.IConnectionService	7	createConferenceComplete
com.android.internal.telecom.IConnectionService	8	createConferenceFailed
com.android.internal.telecom.IConnectionService	9	abort
com.android.internal.telecom.IConnectionService	10	answerVideo
com.android.internal.telecom.IConnectionService	11	answer
com.android.internal.telecom.IConnectionService	12	deflect
com.android.internal.telecom.IConnectionService	13	reject
com.android.internal.telecom.IConnectionService	14	rejectWithReason
com.android.internal.telecom.IConnectionService	15	rejectWithMessage
com.android.internal.telecom.IConnectionService	16	transfer
com.android.internal.telecom.IConnectionService	17	consultativeTransfer
com.android.internal.telecom.IConnectionService	18	disconnect
com.android.internal.telecom.IConnectionService	19	silence
com.android.internal.telecom.IConnectionService	20	hold
com.android.internal.telecom.IConnectionService	21	unhold
com.android.internal.telecom.IConnectionService	22	onCallAudioStateChanged
com.android.internal.telecom.IConnectionService	23	onCallEndpointChanged
com.android.internal.telecom.IConnectionService	24	onAvailableCallEndpointsChanged
com.android.internal.telecom.IConnectionService	25	onMuteStateChanged
com.android.internal.telecom.IConnectionService	26	playDtmfTone
com.android.internal.telecom.IConnectionService	27	stopDtmfTone
com.android.internal.telecom.IConnectionService	28	conference
com.android.internal.telecom.IConnectionService	29	splitFromConference
com.android.internal.telecom.IConnectionService	30	mergeConference
com.android.internal.telecom.IConnectionService	31	swapConference
com.android.internal.telecom.IConnectionService	32	addConferenceParticipants
com.android.internal.telecom.IConnectionService	33	onPostDialContinue
com.android.internal.telecom.IConnectionService	34	pullExternalCall
com.android.internal.telecom.IConnectionService	35	sendCallEvent
com.android.internal.telecom.IConnectionService	36	onCallFilteringCompleted
com.android.internal.telecom.IConnectionService	37	onExtrasChanged
com.android.internal.telecom.IConnectionService	38	startRtt
com.android.internal.telecom.IConnectionService	39	stopRtt
com.android.internal.telecom.IConnectionService	40	respondToRttUpgradeRequest
com.android.internal.telecom.IConnectionService	41	connectionServiceFocusLost
com.android.internal.telecom.IConnectionService	42	connectionServiceFocusGained
com.android.internal.telecom.IConnectionService	43	handoverFailed
com.android.internal.telecom.IConnectionService	44	handoverComplete
com.android.internal.telecom.IConnectionService	45	onUsingAlternativeUi
com.android.internal.telecom.IConnectionService	46	onTrackedByNonUiService
com.android.internal.telecom.IConnectionServiceAdapter	1	handleCreateConnectionComplete
com.android.internal.telecom.IConnectionServiceAdapter	2	handleCreateConferenceComplete
com.android.internal.telecom.IConnectionServiceAdapter	3	setActive
com.android.internal.telecom.IConnectionServiceAdapter	4	setRinging
com.android.internal.telecom.IConnectionServiceAdapter	5	setDialing
com.android.internal.telecom.IConnectionServiceAdapter	6	setPulling
com.android.internal.telecom.IConnectionServiceAdapter	7	setDisconnected
com.android.internal.telecom.IConnectionServiceAdapter	8	setOnHold
com.android.internal.telecom.IConnectionServiceAdapter	9	setRingbackRequested
com.android.internal.telecom.IConnectionServiceAdapter	10	setConnectionCapabilities
com.android.internal.telecom.IConnectionServiceAdapter	11	setConnectionProperties
com.android.internal.telecom.IConnectionServiceAdapter	12	setIsConferenced
com.android.internal.telecom.IConnectionServiceAdapter	13	setConferenceMergeFailed
com.android.internal.telecom.IConnectionServiceAdapter	14	addConferenceCall
com.android.internal.telecom.IConnectionServiceAdapter	15	removeCall
com.android.internal.telecom.IConnectionServiceAdapter	16	onPostDialWait
com.android.internal.telecom.IConnectionServiceAdapter	17	onPostDialChar
com.android.internal.telecom.IConnectionServiceAdapter	18	queryRemoteConnectionServices
com.android.internal.telecom.IConnectionServiceAdapter	19	setVideoProvider
com.android.internal.telecom.IConnectionServiceAdapter	20	setVideoState
com.android.internal.telecom.IConnectionServiceAdapter	21	setIsVoipAudioMode
com.android.internal.telecom.IConnectionServiceAdapter	22	setStatusHints
com.android.internal.telecom.IConnectionServiceAdapter	23	setAddress
com.android.internal.telecom.IConnectionServiceAdapter	24	setCallerDisplayName
com.android.internal.telecom.IConnectionServiceAdapter	25	setConferenceableConnections
com.android.internal.telecom.IConnectionServiceAdapter	26	addExistingConnection
com.android.internal.telecom.IConnectionServiceAdapter	27	putExtras
com.android.internal.telecom.IConnectionServiceAdapter	28	removeExtras
com.android.internal.telecom.IConnectionServiceAdapter	29	setAudioRoute
com.android.internal.telecom.IConnectionServiceAdapter	30	requestCallEndpointChange
com.android.internal.telecom.IConnectionServiceAdapter	31	onConnectionEvent
com.android.internal.telecom.IConnectionServiceAdapter	32	onRttInitiationSuccess
com.android.internal.telecom.IConnectionServiceAdapter	33	onRttInitiationFailure
com.android.internal.telecom.IConnectionServiceAdapter	34	onRttSessionRemotelyTerminated
com.android.internal.telecom.IConnectionServiceAdapter	35	onRemoteRttRequest
com.android.internal.telecom.IConnectionServiceAdapter	36	onPhoneAccountChanged
com.android.internal.telecom.IConnectionServiceAdapter	37	onConnectionServiceFocusReleased
com.android.internal.telecom.IConnectionServiceAdapter	38	resetConnectionTime
com.android.internal.telecom.IConnectionServiceAdapter	39	setConferenceState
com.android.internal.telecom.IConnectionServiceAdapter	40	setCallDirection
com.android.internal.telecom.IConnectionServiceAdapter	41	queryLocation
com.android.internal.telecom.IDeviceIdleControllerAdapter	1	exemptAppTemporarilyForEvent
com.android.internal.telecom.IInCallAdapter	1	answerCall
com.android.internal.telecom.IInCallAdapter	2	deflectCall
com.android.internal.telecom.IInCallAdapter	3	rejectCall
com.android.internal.telecom.IInCallAdapter	4	rejectCallWithReason
com.android.internal.telecom.IInCallAdapter	5	transferCall
com.android.internal.telecom.IInCallAdapter	6	consultativeTransfer
com.android.internal.telecom.IInCallAdapter	7	disconnectCall
com.android.internal.telecom.IInCallAdapter	8	holdCall
com.android.internal.telecom.IInCallAdapter	9	unholdCall
com.android.internal.telecom.IInCallAdapter	10	mute
com.android.internal.telecom.IInCallAdapter	11	setAudioRoute
com.android.internal.telecom.IInCallAdapter	12	requestCallEndpointChange
com.android.internal.telecom.IInCallAdapter	13	enterBackgroundAudioProcessing
com.android.internal.telecom.IInCallAdapter	14	exitBackgroundAudioProcessing
com.android.internal.telecom.IInCallAdapter	15	playDtmfTone
com.android.internal.telecom.IInCallAdapter	16	stopDtmfTone
com.android.internal.telecom.IInCallAdapter	17	postDialContinue
com.android.internal.telecom.IInCallAdapter	18	phoneAccountSelected
com.android.internal.telecom.IInCallAdapter	19	conference
com.android.internal.telecom.IInCallAdapter	20	splitFromConference
com.android.internal.telecom.IInCallAdapter	21	mergeConference
com.android.internal.telecom.IInCallAdapter	22	swapConference
com.android.internal.telecom.IInCallAdapter	23	addConferenceParticipants
com.android.internal.telecom.IInCallAdapter	24	turnOnProximitySensor
com.android.internal.telecom.IInCallAdapter	25	turnOffProximitySensor
com.android.internal.telecom.IInCallAdapter	26	pullExternalCall
com.android.internal.telecom.IInCallAdapter	27	sendCallEvent
com.android.internal.telecom.IInCallAdapter	28	putExtras
com.android.internal.telecom.IInCallAdapter	29	removeExtras
com.android.internal.telecom.IInCallAdapter	30	sendRttRequest
com.android.internal.telecom.IInCallAdapter	31	respondToRttRequest
com.android.internal.telecom.IInCallAdapter	32	stopRtt
com.android.internal.telecom.IInCallAdapter	33	setRttMode
com.android.internal.telecom.IInCallAdapter	34	handoverTo
com.android.internal.telecom.IInCallService	1	setInCallAdapter
com.android.internal.telecom.IInCallService	2	addCall
com.android.internal.telecom.IInCallService	3	updateCall
com.android.internal.telecom.IInCallService	4	setPostDial
com.android.internal.telecom.IInCallService	5	setPostDialWait
com.android.internal.telecom.IInCallService	6	onCallAudioStateChanged
com.android.internal.telecom.IInCallService	7	onCallEndpointChanged
com.android.internal.telecom.IInCallService	8	onAvailableCallEndpointsChanged
com.android.internal.telecom.IInCallService	9	onMuteStateChanged
com.android.internal.telecom.IInCallService	10	bringToForeground
com.android.internal.telecom.IInCallService	11	onCanAddCallChanged
com.android.internal.telecom.IInCallService	12	silenceRinger
com.android.internal.telecom.IInCallService	13	onConnectionEvent
com.android.internal.telecom.IInCallService	14	onRttUpgradeRequest
com.android.internal.telecom.IInCallService	15	onRttInitiationFailure
com.android.internal.telecom.IInCallService	16	onHandoverFailed
com.android.internal.telecom.IInCallService	17	onHandoverComplete
com.android.internal.telecom.IInternalServiceRetriever	1	getDeviceIdleController
com.android.internal.telecom.IPhoneAccountSuggestionCallback	1	suggestPhoneAccounts
com.android.internal.telecom.IPhoneAccountSuggestionService	1	onAccountSuggestionRequest
com.android.internal.telecom.IStreamingCallAdapter	1	setStreamingState
com.android.internal.telecom.ITelecomLoader	1	createTelecomService
com.android.internal.telecom.ITelecomService	1	showInCallScreen
com.android.internal.telecom.ITelecomService	2	getDefaultOutgoingPhoneAccount
com.android.internal.telecom.ITelecomService	3	getUserSelectedOutgoingPhoneAccount
com.android.internal.telecom.ITelecomService	4	setUserSelectedOutgoingPhoneAccount
com.android.internal.telecom.ITelecomService	5	getCallCapablePhoneAccounts
com.android.internal.telecom.ITelecomService	6	getSelfManagedPhoneAccounts
com.android.internal.telecom.ITelecomService	7	getOwnSelfManagedPhoneAccounts
com.android.internal.telecom.ITelecomService	8	getPhoneAccountsSupportingScheme
com.android.internal.telecom.ITelecomService	9	getPhoneAccountsForPackage
com.android.internal.telecom.ITelecomService	10	getPhoneAccount
com.android.internal.telecom.ITelecomService	11	getRegisteredPhoneAccounts
com.android.internal.telecom.ITelecomService	12	getAllPhoneAccountsCount
com.android.internal.telecom.ITelecomService	13	getAllPhoneAccounts
com.android.internal.telecom.ITelecomService	14	getAllPhoneAccountHandles
com.android.internal.telecom.ITelecomService	15	getSimCallManager
com.android.internal.telecom.ITelecomService	16	getSimCallManagerForUser
com.android.internal.telecom.ITelecomService	17	registerPhoneAccount
com.android.internal.telecom.ITelecomService	18	unregisterPhoneAccount
com.android.internal.telecom.ITelecomService	19	clearAccounts
com.android.internal.telecom.ITelecomService	20	isVoiceMailNumber
com.android.internal.telecom.ITelecomService	21	getVoiceMailNumber
com.android.internal.telecom.ITelecomService	22	getLine1Number
com.android.internal.telecom.ITelecomService	23	getDefaultPhoneApp
com.android.internal.telecom.ITelecomService	24	getDefaultDialerPackage
com.android.internal.telecom.ITelecomService	25	getDefaultDialerPackageForUser
com.android.internal.telecom.ITelecomService	26	getSystemDialerPackage
com.android.internal.telecom.ITelecomService	27	dumpCallAnalytics
com.android.internal.telecom.ITelecomService	28	silenceRinger
com.android.internal.telecom.ITelecomService	29	isInCall
com.android.internal.telecom.ITelecomService	30	hasManageOngoingCallsPermission
com.android.internal.telecom.ITelecomService	31	isInManagedCall
com.android.internal.telecom.ITelecomService	32	isRinging
com.android.internal.telecom.ITelecomService	33	getCallState
com.android.internal.telecom.ITelecomService	34	getCallStateUsingPackage
com.android.internal.telecom.ITelecomService	35	endCall
com.android.internal.telecom.ITelecomService	36	acceptRingingCall
com.android.internal.telecom.ITelecomService	37	acceptRingingCallWithVideoState
com.android.internal.telecom.ITelecomService	38	cancelMissedCallsNotification
com.android.internal.telecom.ITelecomService	39	handlePinMmi
com.android.internal.telecom.ITelecomService	40	handlePinMmiForPhoneAccount
com.android.internal.telecom.ITelecomService	41	getAdnUriForPhoneAccount
com.android.internal.telecom.ITelecomService	42	isTtySupported
com.android.internal.telecom.ITelecomService	43	getCurrentTtyMode
com.android.internal.telecom.ITelecomService	44	addNewIncomingCall
com.android.internal.telecom.ITelecomService	45	addNewIncomingConference
com.android.internal.telecom.ITelecomService	46	addNewUnknownCall
com.android.internal.telecom.ITelecomService	47	startConference
com.android.internal.telecom.ITelecomService	48	placeCall
com.android.internal.telecom.ITelecomService	49	enablePhoneAccount
com.android.internal.telecom.ITelecomService	50	setDefaultDialer
com.android.internal.telecom.ITelecomService	51	stopBlockSuppression
com.android.internal.telecom.ITelecomService	52	createManageBlockedNumbersIntent
com.android.internal.telecom.ITelecomService	53	createLaunchEmergencyDialerIntent
com.android.internal.telecom.ITelecomService	54	isIncomingCallPermitted
com.android.internal.telecom.ITelecomService	55	isOutgoingCallPermitted
com.android.internal.telecom.ITelecomService	56	waitOnHandlers
com.android.internal.telecom.ITelecomService	57	acceptHandover
com.android.internal.telecom.ITelecomService	58	setTestEmergencyPhoneAccountPackageNameFilter
com.android.internal.telecom.ITelecomService	59	isInEmergencyCall
com.android.internal.telecom.ITelecomService	60	handleCallIntent
com.android.internal.telecom.ITelecomService	61	cleanupStuckCalls
com.android.internal.telecom.ITelecomService	62	cleanupOrphanPhoneAccounts
com.android.internal.telecom.ITelecomService	63	isNonUiInCallServiceBound
com.android.internal.telecom.ITelecomService	64	resetCarMode
com.android.internal.telecom.ITelecomService	65	setTestDefaultCallRedirectionApp
com.android.internal.telecom.ITelecomService	66	requestLogMark
com.android.internal.telecom.ITelecomService	67	setTestPhoneAcctSuggestionComponent
com.android.internal.telecom.ITelecomService	68	setTestDefaultCallScreeningApp
com.android.internal.telecom.ITelecomService	69	addOrRemoveTestCallCompanionApp
com.android.internal.telecom.ITelecomService	70	setSystemDialer
com.android.internal.telecom.ITelecomService	71	setTestDefaultDialer
com.android.internal.telecom.ITelecomService	72	setTestCallDiagnosticService
com.android.internal.telecom.ITelecomService	73	isInSelfManagedCall
com.android.internal.telecom.ITelecomService	74	addCall
com.android.internal.telecom.IVideoCallback	1	receiveSessionModifyRequest
com.android.internal.telecom.IVideoCallback	2	receiveSessionModifyResponse
com.android.internal.telecom.IVideoCallback	3	handleCallSessionEvent
com.android.internal.telecom.IVideoCallback	4	changePeerDimensions
com.android.internal.telecom.IVideoCallback	5	changeCallDataUsage
com.android.internal.telecom.IVideoCallback	6	changeCameraCapabilities
com.android.internal.telecom.IVideoCallback	7	changeVideoQuality
com.android.internal.telecom.IVideoProvider	1	addVideoCallback
com.android.internal.telecom.IVideoProvider	2	removeVideoCallback
com.android.internal.telecom.IVideoProvider	3	setCamera
com.android.internal.telecom.IVideoProvider	4	setPreviewSurface
com.android.internal.telecom.IVideoProvider	5	setDisplaySurface
com.android.internal.telecom.IVideoProvider	6	setDeviceOrientation
com.android.internal.telecom.IVideoProvider	7	setZoom
com.android.internal.telecom.IVideoProvider	8	sendSessionModifyRequest
com.android.internal.telecom.IVideoProvider	9	sendSessionModifyResponse
com.android.internal.telecom.IVideoProvider	10	requestCameraCapabilities
com.android.internal.telecom.IVideoProvider	11	requestCallDataUsage
com.android.internal.telecom.IVideoProvider	12	setPauseImage
com.android.internal.telecom.RemoteServiceCallback	1	onError
com.android.internal.telecom.RemoteServiceCallback	2	onResult
com.android.internal.telephony.IBooleanConsumer	1	accept
com.android.internal.telephony.ICallForwardingInfoCallback	1	onCallForwardingInfoAvailable
com.android.internal.telephony.ICallForwardingInfoCallback	2	onError
com.android.internal.telephony.ICarrierConfigChangeListener	1	onCarrierConfigChanged
com.android.internal.telephony.ICarrierConfigLoader	1	getConfigForSubId
com.android.internal.telephony.ICarrierConfigLoader	2	getConfigForSubIdWithFeature
com.android.internal.telephony.ICarrierConfigLoader	3	overrideConfig
com.android.internal.telephony.ICarrierConfigLoader	4	notifyConfigChangedForSubId
com.android.internal.telephony.ICarrierConfigLoader	5	updateConfigForPhoneId
com.android.internal.telephony.ICarrierConfigLoader	6	getDefaultCarrierServicePackageName
com.android.internal.telephony.ICarrierConfigLoader	7	getConfigSubsetForSubIdWithFeature
com.android.internal.telephony.ICarrierPrivilegesCallback	1	onCarrierPrivilegesChanged
com.android.internal.telephony.ICarrierPrivilegesCallback	2	onCarrierServiceChanged
com.android.internal.telephony.IDomainSelectionServiceController	1	selectDomain
com.android.internal.telephony.IDomainSelectionServiceController	2	updateServiceState
com.android.internal.telephony.IDomainSelectionServiceController	3	updateBarringInfo
com.android.internal.telephony.IDomainSelector	1	reselectDomain
com.android.internal.telephony.IDomainSelector	2	finishSelection
com.android.internal.telephony.IImsStateCallback	1	onUnavailable
com.android.internal.telephony.IImsStateCallback	2	onAvailable
com.android.internal.telephony.IIntegerConsumer	1	accept
com.android.internal.telephony.ILongConsumer	1	accept
com.android.internal.telephony.IMms	1	sendMessage
com.android.internal.telephony.IMms	2	downloadMessage
com.android.internal.telephony.IMms	3	importTextMessage
com.android.internal.telephony.IMms	4	importMultimediaMessage
com.android.internal.telephony.IMms	5	deleteStoredMessage
com.android.internal.telephony.IMms	6	deleteStoredConversation
com.android.internal.telephony.IMms	7	updateStoredMessageStatus
com.android.internal.telephony.IMms	8	archiveStoredConversation
com.android.internal.telephony.IMms	9	addTextMessageDraft
com.android.internal.telephony.IMms	10	addMultimediaMessageDraft
com.android.internal.telephony.IMms	11	sendStoredMessage
com.android.internal.telephony.IMms	12	setAutoPersisting
com.android.internal.telephony.IMms	13	getAutoPersisting
com.android.internal.telephony.INumberVerificationCallback	1	onCallReceived
com.android.internal.telephony.INumberVerificationCallback	2	onVerificationFailed
com.android.internal.telephony.IOnSubscriptionsChangedListener	1	onSubscriptionsChanged
com.android.internal.telephony.IOns	1	setEnable
com.android.internal.telephony.IOns	2	isEnabled
com.android.internal.telephony.IOns	3	setPreferredDataSubscriptionId
com.android.internal.telephony.IOns	4	getPreferredDataSubscriptionId
com.android.internal.telephony.IOns	5	updateAvailableNetworks
com.android.internal.telephony.IPhoneStateListener	1	onServiceStateChanged
com.android.internal.telephony.IPhoneStateListener	2	onSignalStrengthChanged
com.android.internal.telephony.IPhoneStateListener	3	onMessageWaitingIndicatorChanged
com.android.internal.telephony.IPhoneStateListener	4	onCallForwardingIndicatorChanged
com.android.internal.telephony.IPhoneStateListener	5	onCellLocationChanged
com.android.internal.telephony.IPhoneStateListener	6	onLegacyCallStateChanged
com.android.internal.telephony.IPhoneStateListener	7	onCallStateChanged
com.android.internal.telephony.IPhoneStateListener	8	onDataConnectionStateChanged
com.android.internal.telephony.IPhoneStateListener	9	onDataActivity
com.android.internal.telephony.IPhoneStateListener	10	onSignalStrengthsChanged
com.android.internal.telephony.IPhoneStateListener	11	onCellInfoChanged
com.android.internal.telephony.IPhoneStateListener	12	onPreciseCallStateChanged
com.android.internal.telephony.IPhoneStateListener	13	onPreciseDataConnectionStateChanged
com.android.internal.telephony.IPhoneStateListener	14	onDataConnectionRealTimeInfoChanged
com.android.internal.telephony.IPhoneStateListener	15	onSrvccStateChanged
com.android.internal.telephony.IPhoneStateListener	16	onVoiceActivationStateChanged
com.android.internal.telephony.IPhoneStateListener	17	onDataActivationStateChanged
com.android.internal.telephony.IPhoneStateListener	18	onOemHookRawEvent
com.android.internal.telephony.IPhoneStateListener	19	onCarrierNetworkChange
com.android.internal.telephony.IPhoneStateListener	20	onUserMobileDataStateChanged
com.android.internal.telephony.IPhoneStateListener	21	onDisplayInfoChanged
com.android.internal.telephony.IPhoneStateListener	22	onPhoneCapabilityChanged
com.android.internal.telephony.IPhoneStateListener	23	onActiveDataSubIdChanged
com.android.internal.telephony.IPhoneStateListener	24	onRadioPowerStateChanged
com.android.internal.telephony.IPhoneStateListener	25	onCallStatesChanged
com.android.internal.telephony.IPhoneStateListener	26	onEmergencyNumberListChanged
com.android.internal.telephony.IPhoneStateListener	27	onOutgoingEmergencyCall
com.android.internal.telephony.IPhoneStateListener	28	onOutgoingEmergencySms
com.android.internal.telephony.IPhoneStateListener	29	onCallDisconnectCauseChanged
com.android.internal.telephony.IPhoneStateListener	30	onImsCallDisconnectCauseChanged
com.android.internal.telephony.IPhoneStateListener	31	onRegistrationFailed
com.android.internal.telephony.IPhoneStateListener	32	onBarringInfoChanged
com.android.internal.telephony.IPhoneStateListener	33	onPhysicalChannelConfigChanged
com.android.internal.telephony.IPhoneStateListener	34	onDataEnabledChanged
com.android.internal.telephony.IPhoneStateListener	35	onAllowedNetworkTypesChanged
com.android.internal.telephony.IPhoneStateListener	36	onLinkCapacityEstimateChanged
com.android.internal.telephony.IPhoneStateListener	37	onMediaQualityStatusChanged
com.android.internal.telephony.IPhoneStateListener	38	onCallbackModeStarted
com.android.internal.telephony.IPhoneStateListener	39	onCallbackModeRestarted
com.android.internal.telephony.IPhoneStateListener	40	onCallbackModeStopped
com.android.internal.telephony.IPhoneStateListener	41	onSimultaneousCallingStateChanged
com.android.internal.telephony.IPhoneStateListener	42	onCarrierRoamingNtnModeChanged
com.android.internal.telephony.IPhoneStateListener	43	onCarrierRoamingNtnEligibleStateChanged
com.android.internal.telephony.IPhoneStateListener	44	onCarrierRoamingNtnAvailableServicesChanged
com.android.internal.telephony.IPhoneStateListener	45	onCarrierRoamingNtnSignalStrengthChanged
com.android.internal.telephony.IPhoneStateListener	46	onSecurityAlgorithmsChanged
com.android.internal.telephony.IPhoneStateListener	47	onCellularIdentifierDisclosedChanged
com.android.internal.telephony.IPhoneSubInfo	1	getDeviceId
com.android.internal.telephony.IPhoneSubInfo	2	getDeviceIdWithFeature
com.android.internal.telephony.IPhoneSubInfo	3	getNaiForSubscriber
com.android.internal.telephony.IPhoneSubInfo	4	getDeviceIdForPhone
com.android.internal.telephony.IPhoneSubInfo	5	getImeiForSubscriber
com.android.internal.telephony.IPhoneSubInfo	6	getDeviceSvn
com.android.internal.telephony.IPhoneSubInfo	7	getDeviceSvnUsingSubId
com.android.internal.telephony.IPhoneSubInfo	8	getSubscriberId
com.android.internal.telephony.IPhoneSubInfo	9	getSubscriberIdWithFeature
com.android.internal.telephony.IPhoneSubInfo	10	getSubscriberIdForSubscriber
com.android.internal.telephony.IPhoneSubInfo	11	getGroupIdLevel1ForSubscriber
com.android.internal.telephony.IPhoneSubInfo	12	getGroupIdLevel2ForSubscriber
com.android.internal.telephony.IPhoneSubInfo	13	getIccSerialNumber
com.android.internal.telephony.IPhoneSubInfo	14	getIccSerialNumberWithFeature
com.android.internal.telephony.IPhoneSubInfo	15	getIccSerialNumberForSubscriber
com.android.internal.telephony.IPhoneSubInfo	16	getLine1Number
com.android.internal.telephony.IPhoneSubInfo	17	getLine1NumberForSubscriber
com.android.internal.telephony.IPhoneSubInfo	18	getLine1AlphaTag
com.android.internal.telephony.IPhoneSubInfo	19	getLine1AlphaTagForSubscriber
com.android.internal.telephony.IPhoneSubInfo	20	getMsisdn
com.android.internal.telephony.IPhoneSubInfo	21	getMsisdnForSubscriber
com.android.internal.telephony.IPhoneSubInfo	22	getVoiceMailNumber
com.android.internal.telephony.IPhoneSubInfo	23	getVoiceMailNumberForSubscriber
com.android.internal.telephony.IPhoneSubInfo	24	getCarrierInfoForImsiEncryption
com.android.internal.telephony.IPhoneSubInfo	25	setCarrierInfoForImsiEncryption
com.android.internal.telephony.IPhoneSubInfo	26	resetCarrierKeysForImsiEncryption
com.android.internal.telephony.IPhoneSubInfo	27	getVoiceMailAlphaTag
com.android.internal.telephony.IPhoneSubInfo	28	getVoiceMailAlphaTagForSubscriber
com.android.internal.telephony.IPhoneSubInfo	29	getIsimImpi
com.android.internal.telephony.IPhoneSubInfo	30	getImsPrivateUserIdentity
com.android.internal.telephony.IPhoneSubInfo	31	getIsimDomain
com.android.internal.telephony.IPhoneSubInfo	32	getIsimImpu
com.android.internal.telephony.IPhoneSubInfo	33	getImsPublicUserIdentities
com.android.internal.telephony.IPhoneSubInfo	34	getIsimIst
com.android.internal.telephony.IPhoneSubInfo	35	getIsimPcscf
com.android.internal.telephony.IPhoneSubInfo	36	getImsPcscfAddresses
com.android.internal.telephony.IPhoneSubInfo	37	getIccSimChallengeResponse
com.android.internal.telephony.IPhoneSubInfo	38	getSmscIdentity
com.android.internal.telephony.IPhoneSubInfo	39	getSimServiceTable
com.android.internal.telephony.ISatelliteStateChangeListener	1	onSatelliteEnabledStateChanged
com.android.internal.telephony.ISetOpportunisticDataCallback	1	onComplete
com.android.internal.telephony.ISipDialogStateCallback	1	onActiveSipDialogsChanged
com.android.internal.telephony.ISms	1	getAllMessagesFromIccEfForSubscriber
com.android.internal.telephony.ISms	2	updateMessageOnIccEfForSubscriber
com.android.internal.telephony.ISms	3	copyMessageToIccEfForSubscriber
com.android.internal.telephony.ISms	4	sendDataForSubscriber
com.android.internal.telephony.ISms	5	sendTextForSubscriber
com.android.internal.telephony.ISms	6	sendTextForSubscriberWithOptions
com.android.internal.telephony.ISms	7	injectSmsPduForSubscriber
com.android.internal.telephony.ISms	8	sendMultipartTextForSubscriber
com.android.internal.telephony.ISms	9	sendMultipartTextForSubscriberWithOptions
com.android.internal.telephony.ISms	10	enableCellBroadcastForSubscriber
com.android.internal.telephony.ISms	11	disableCellBroadcastForSubscriber
com.android.internal.telephony.ISms	12	enableCellBroadcastRangeForSubscriber
com.android.internal.telephony.ISms	13	disableCellBroadcastRangeForSubscriber
com.android.internal.telephony.ISms	14	getPremiumSmsPermission
com.android.internal.telephony.ISms	15	getPremiumSmsPermissionForSubscriber
com.android.internal.telephony.ISms	16	setPremiumSmsPermission
com.android.internal.telephony.ISms	17	setPremiumSmsPermissionForSubscriber
com.android.internal.telephony.ISms	18	isImsSmsSupportedForSubscriber
com.android.internal.telephony.ISms	19	isSmsSimPickActivityNeeded
com.android.internal.telephony.ISms	20	getPreferredSmsSubscription
com.android.internal.telephony.ISms	21	getImsSmsFormatForSubscriber
com.android.internal.telephony.ISms	22	isSMSPromptEnabled
com.android.internal.telephony.ISms	23	sendStoredText
com.android.internal.telephony.ISms	24	sendStoredMultipartText
com.android.internal.telephony.ISms	25	getCarrierConfigValuesForSubscriber
com.android.internal.telephony.ISms	26	createAppSpecificSmsToken
com.android.internal.telephony.ISms	27	createAppSpecificSmsTokenWithPackageInfo
com.android.internal.telephony.ISms	28	setStorageMonitorMemoryStatusOverride
com.android.internal.telephony.ISms	29	clearStorageMonitorMemoryStatusOverride
com.android.internal.telephony.ISms	30	checkSmsShortCodeDestination
com.android.internal.telephony.ISms	31	getSmscAddressFromIccEfForSubscriber
com.android.internal.telephony.ISms	32	setSmscAddressOnIccEfForSubscriber
com.android.internal.telephony.ISms	33	getSmsCapacityOnIccForSubscriber
com.android.internal.telephony.ISms	34	resetAllCellBroadcastRanges
com.android.internal.telephony.ISms	35	getWapMessageSize
com.android.internal.telephony.ISub	1	getAllSubInfoList
com.android.internal.telephony.ISub	2	getActiveSubscriptionInfo
com.android.internal.telephony.ISub	3	getActiveSubscriptionInfoForIccId
com.android.internal.telephony.ISub	4	getActiveSubscriptionInfoForSimSlotIndex
com.android.internal.telephony.ISub	5	getActiveSubscriptionInfoList
com.android.internal.telephony.ISub	6	getActiveSubInfoCount
com.android.internal.telephony.ISub	7	getActiveSubInfoCountMax
com.android.internal.telephony.ISub	8	getAvailableSubscriptionInfoList
com.android.internal.telephony.ISub	9	getAccessibleSubscriptionInfoList
com.android.internal.telephony.ISub	10	requestEmbeddedSubscriptionInfoListRefresh
com.android.internal.telephony.ISub	11	addSubInfo
com.android.internal.telephony.ISub	12	removeSubInfo
com.android.internal.telephony.ISub	13	setIconTint
com.android.internal.telephony.ISub	14	setDisplayNameUsingSrc
com.android.internal.telephony.ISub	15	setDisplayNumber
com.android.internal.telephony.ISub	16	setDataRoaming
com.android.internal.telephony.ISub	17	setOpportunistic
com.android.internal.telephony.ISub	18	createSubscriptionGroup
com.android.internal.telephony.ISub	19	setPreferredDataSubscriptionId
com.android.internal.telephony.ISub	20	getPreferredDataSubscriptionId
com.android.internal.telephony.ISub	21	getOpportunisticSubscriptions
com.android.internal.telephony.ISub	22	removeSubscriptionsFromGroup
com.android.internal.telephony.ISub	23	addSubscriptionsIntoGroup
com.android.internal.telephony.ISub	24	getSubscriptionsInGroup
com.android.internal.telephony.ISub	25	getSlotIndex
com.android.internal.telephony.ISub	26	getSubId
com.android.internal.telephony.ISub	27	getDefaultSubId
com.android.internal.telephony.ISub	28	getDefaultSubIdAsUser
com.android.internal.telephony.ISub	29	getPhoneId
com.android.internal.telephony.ISub	30	getDefaultDataSubId
com.android.internal.telephony.ISub	31	setDefaultDataSubId
com.android.internal.telephony.ISub	32	getDefaultVoiceSubId
com.android.internal.telephony.ISub	33	getDefaultVoiceSubIdAsUser
com.android.internal.telephony.ISub	34	setDefaultVoiceSubId
com.android.internal.telephony.ISub	35	getDefaultSmsSubId
com.android.internal.telephony.ISub	36	getDefaultSmsSubIdAsUser
com.android.internal.telephony.ISub	37	setDefaultSmsSubId
com.android.internal.telephony.ISub	38	getActiveSubIdList
com.android.internal.telephony.ISub	39	setSubscriptionProperty
com.android.internal.telephony.ISub	40	getSubscriptionProperty
com.android.internal.telephony.ISub	41	isSubscriptionEnabled
com.android.internal.telephony.ISub	42	getEnabledSubscriptionId
com.android.internal.telephony.ISub	43	isActiveSubId
com.android.internal.telephony.ISub	44	getActiveDataSubscriptionId
com.android.internal.telephony.ISub	45	canDisablePhysicalSubscription
com.android.internal.telephony.ISub	46	setUiccApplicationsEnabled
com.android.internal.telephony.ISub	47	setDeviceToDeviceStatusSharing
com.android.internal.telephony.ISub	48	setDeviceToDeviceStatusSharingContacts
com.android.internal.telephony.ISub	49	getPhoneNumber
com.android.internal.telephony.ISub	50	getPhoneNumberFromFirstAvailableSource
com.android.internal.telephony.ISub	51	setPhoneNumber
com.android.internal.telephony.ISub	52	setUsageSetting
com.android.internal.telephony.ISub	53	setGroupOwner
com.android.internal.telephony.ISub	54	setSubscriptionUserHandle
com.android.internal.telephony.ISub	55	getSubscriptionUserHandle
com.android.internal.telephony.ISub	56	isSubscriptionAssociatedWithCallingUser
com.android.internal.telephony.ISub	57	isSubscriptionAssociatedWithUser
com.android.internal.telephony.ISub	58	getSubscriptionInfoListAssociatedWithUser
com.android.internal.telephony.ISub	59	restoreAllSimSpecificSettingsFromBackup
com.android.internal.telephony.ISub	60	setTransferStatus
com.android.internal.telephony.ITelephony	1	dial
com.android.internal.telephony.ITelephony	2	call
com.android.internal.telephony.ITelephony	3	isRadioOn
com.android.internal.telephony.ITelephony	4	isRadioOnWithFeature
com.android.internal.telephony.ITelephony	5	isRadioOnForSubscriber
com.android.internal.telephony.ITelephony	6	isRadioOnForSubscriberWithFeature
com.android.internal.telephony.ITelephony	7	setCallComposerStatus
com.android.internal.telephony.ITelephony	8	getCallComposerStatus
com.android.internal.telephony.ITelephony	9	supplyPinForSubscriber
com.android.internal.telephony.ITelephony	10	supplyPukForSubscriber
com.android.internal.telephony.ITelephony	11	supplyPinReportResultForSubscriber
com.android.internal.telephony.ITelephony	12	supplyPukReportResultForSubscriber
com.android.internal.telephony.ITelephony	13	handlePinMmi
com.android.internal.telephony.ITelephony	14	handleUssdRequest
com.android.internal.telephony.ITelephony	15	handlePinMmiForSubscriber
com.android.internal.telephony.ITelephony	16	toggleRadioOnOff
com.android.internal.telephony.ITelephony	17	toggleRadioOnOffForSubscriber
com.android.internal.telephony.ITelephony	18	setRadio
com.android.internal.telephony.ITelephony	19	setRadioForSubscriber
com.android.internal.telephony.ITelephony	20	setRadioPower
com.android.internal.telephony.ITelephony	21	requestRadioPowerOffForReason
com.android.internal.telephony.ITelephony	22	clearRadioPowerOffForReason
com.android.internal.telephony.ITelephony	23	getRadioPowerOffReasons
com.android.internal.telephony.ITelephony	24	updateServiceLocation
com.android.internal.telephony.ITelephony	25	updateServiceLocationWithPackageName
com.android.internal.telephony.ITelephony	26	enableLocationUpdates
com.android.internal.telephony.ITelephony	27	disableLocationUpdates
com.android.internal.telephony.ITelephony	28	enableDataConnectivity
com.android.internal.telephony.ITelephony	29	disableDataConnectivity
com.android.internal.telephony.ITelephony	30	isDataConnectivityPossible
com.android.internal.telephony.ITelephony	31	getCellLocation
com.android.internal.telephony.ITelephony	32	getNetworkCountryIsoForPhone
com.android.internal.telephony.ITelephony	33	getNeighboringCellInfo
com.android.internal.telephony.ITelephony	34	getCallState
com.android.internal.telephony.ITelephony	35	getCallStateForSubscription
com.android.internal.telephony.ITelephony	36	getDataActivity
com.android.internal.telephony.ITelephony	37	getDataActivityForSubId
com.android.internal.telephony.ITelephony	38	getDataState
com.android.internal.telephony.ITelephony	39	getDataStateForSubId
com.android.internal.telephony.ITelephony	40	getActivePhoneType
com.android.internal.telephony.ITelephony	41	getActivePhoneTypeForSlot
com.android.internal.telephony.ITelephony	42	getCdmaEriIconIndex
com.android.internal.telephony.ITelephony	43	getCdmaEriIconIndexForSubscriber
com.android.internal.telephony.ITelephony	44	getCdmaEriIconMode
com.android.internal.telephony.ITelephony	45	getCdmaEriIconModeForSubscriber
com.android.internal.telephony.ITelephony	46	getCdmaEriText
com.android.internal.telephony.ITelephony	47	getCdmaEriTextForSubscriber
com.android.internal.telephony.ITelephony	48	needsOtaServiceProvisioning
com.android.internal.telephony.ITelephony	49	setVoiceMailNumber
com.android.internal.telephony.ITelephony	50	setVoiceActivationState
com.android.internal.telephony.ITelephony	51	setDataActivationState
com.android.internal.telephony.ITelephony	52	getVoiceActivationState
com.android.internal.telephony.ITelephony	53	getDataActivationState
com.android.internal.telephony.ITelephony	54	getVoiceMessageCountForSubscriber
com.android.internal.telephony.ITelephony	55	isConcurrentVoiceAndDataAllowed
com.android.internal.telephony.ITelephony	56	getVisualVoicemailSettings
com.android.internal.telephony.ITelephony	57	getVisualVoicemailPackageName
com.android.internal.telephony.ITelephony	58	enableVisualVoicemailSmsFilter
com.android.internal.telephony.ITelephony	59	disableVisualVoicemailSmsFilter
com.android.internal.telephony.ITelephony	60	getVisualVoicemailSmsFilterSettings
com.android.internal.telephony.ITelephony	61	getActiveVisualVoicemailSmsFilterSettings
com.android.internal.telephony.ITelephony	62	sendVisualVoicemailSmsForSubscriber
com.android.internal.telephony.ITelephony	63	sendDialerSpecialCode
com.android.internal.telephony.ITelephony	64	getNetworkTypeForSubscriber
com.android.internal.telephony.ITelephony	65	getDataNetworkType
com.android.internal.telephony.ITelephony	66	getDataNetworkTypeForSubscriber
com.android.internal.telephony.ITelephony	67	getVoiceNetworkTypeForSubscriber
com.android.internal.telephony.ITelephony	68	hasIccCard
com.android.internal.telephony.ITelephony	69	hasIccCardUsingSlotIndex
com.android.internal.telephony.ITelephony	70	getLteOnCdmaMode
com.android.internal.telephony.ITelephony	71	getLteOnCdmaModeForSubscriber
com.android.internal.telephony.ITelephony	72	getAllCellInfo
com.android.internal.telephony.ITelephony	73	requestCellInfoUpdate
com.android.internal.telephony.ITelephony	74	requestCellInfoUpdateWithWorkSource
com.android.internal.telephony.ITelephony	75	setCellInfoListRate
com.android.internal.telephony.ITelephony	76	iccOpenLogicalChannel
com.android.internal.telephony.ITelephony	77	iccCloseLogicalChannel
com.android.internal.telephony.ITelephony	78	iccTransmitApduLogicalChannelByPort
com.android.internal.telephony.ITelephony	79	iccTransmitApduLogicalChannel
com.android.internal.telephony.ITelephony	80	iccTransmitApduBasicChannelByPort
com.android.internal.telephony.ITelephony	81	iccTransmitApduBasicChannel
com.android.internal.telephony.ITelephony	82	iccExchangeSimIO
com.android.internal.telephony.ITelephony	83	sendEnvelopeWithStatus
com.android.internal.telephony.ITelephony	84	nvReadItem
com.android.internal.telephony.ITelephony	85	nvWriteItem
com.android.internal.telephony.ITelephony	86	nvWriteCdmaPrl
com.android.internal.telephony.ITelephony	87	resetModemConfig
com.android.internal.telephony.ITelephony	88	rebootModem
com.android.internal.telephony.ITelephony	89	getAllowedNetworkTypesBitmask
com.android.internal.telephony.ITelephony	90	isTetheringApnRequiredForSubscriber
com.android.internal.telephony.ITelephony	91	enableIms
com.android.internal.telephony.ITelephony	92	disableIms
com.android.internal.telephony.ITelephony	93	resetIms
com.android.internal.telephony.ITelephony	94	registerMmTelFeatureCallback
com.android.internal.telephony.ITelephony	95	unregisterImsFeatureCallback
com.android.internal.telephony.ITelephony	96	getImsRegistration
com.android.internal.telephony.ITelephony	97	getImsConfig
com.android.internal.telephony.ITelephony	98	setBoundImsServiceOverride
com.android.internal.telephony.ITelephony	99	clearCarrierImsServiceOverride
com.android.internal.telephony.ITelephony	100	getBoundImsServicePackage
com.android.internal.telephony.ITelephony	101	getImsMmTelFeatureState
com.android.internal.telephony.ITelephony	102	setNetworkSelectionModeAutomatic
com.android.internal.telephony.ITelephony	103	getCellNetworkScanResults
com.android.internal.telephony.ITelephony	104	requestNetworkScan
com.android.internal.telephony.ITelephony	105	stopNetworkScan
com.android.internal.telephony.ITelephony	106	setNetworkSelectionModeManual
com.android.internal.telephony.ITelephony	107	getAllowedNetworkTypesForReason
com.android.internal.telephony.ITelephony	108	setAllowedNetworkTypesForReason
com.android.internal.telephony.ITelephony	109	getDataEnabled
com.android.internal.telephony.ITelephony	110	isUserDataEnabled
com.android.internal.telephony.ITelephony	111	isDataEnabled
com.android.internal.telephony.ITelephony	112	setDataEnabledForReason
com.android.internal.telephony.ITelephony	113	isDataEnabledForReason
com.android.internal.telephony.ITelephony	114	isManualNetworkSelectionAllowed
com.android.internal.telephony.ITelephony	115	setImsRegistrationState
com.android.internal.telephony.ITelephony	116	getCdmaMdn
com.android.internal.telephony.ITelephony	117	getCdmaMin
com.android.internal.telephony.ITelephony	118	requestNumberVerification
com.android.internal.telephony.ITelephony	119	getCarrierPrivilegeStatus
com.android.internal.telephony.ITelephony	120	getCarrierPrivilegeStatusForUid
com.android.internal.telephony.ITelephony	121	checkCarrierPrivilegesForPackage
com.android.internal.telephony.ITelephony	122	checkCarrierPrivilegesForPackageAnyPhone
com.android.internal.telephony.ITelephony	123	getCarrierPackageNamesForIntentAndPhone
com.android.internal.telephony.ITelephony	124	setLine1NumberForDisplayForSubscriber
com.android.internal.telephony.ITelephony	125	getLine1NumberForDisplay
com.android.internal.telephony.ITelephony	126	getLine1AlphaTagForDisplay
com.android.internal.telephony.ITelephony	127	getMergedSubscriberIds
com.android.internal.telephony.ITelephony	128	getMergedImsisFromGroup
com.android.internal.telephony.ITelephony	129	setOperatorBrandOverride
com.android.internal.telephony.ITelephony	130	setRoamingOverride
com.android.internal.telephony.ITelephony	131	needMobileRadioShutdown
com.android.internal.telephony.ITelephony	132	shutdownMobileRadios
com.android.internal.telephony.ITelephony	133	getRadioAccessFamily
com.android.internal.telephony.ITelephony	134	uploadCallComposerPicture
com.android.internal.telephony.ITelephony	135	enableVideoCalling
com.android.internal.telephony.ITelephony	136	isVideoCallingEnabled
com.android.internal.telephony.ITelephony	137	canChangeDtmfToneLength
com.android.internal.telephony.ITelephony	138	isWorldPhone
com.android.internal.telephony.ITelephony	139	isTtyModeSupported
com.android.internal.telephony.ITelephony	140	isRttSupported
com.android.internal.telephony.ITelephony	141	isHearingAidCompatibilitySupported
com.android.internal.telephony.ITelephony	142	isImsRegistered
com.android.internal.telephony.ITelephony	143	isWifiCallingAvailable
com.android.internal.telephony.ITelephony	144	isVideoTelephonyAvailable
com.android.internal.telephony.ITelephony	145	getImsRegTechnologyForMmTel
com.android.internal.telephony.ITelephony	146	getDeviceId
com.android.internal.telephony.ITelephony	147	getDeviceIdWithFeature
com.android.internal.telephony.ITelephony	148	getImeiForSlot
com.android.internal.telephony.ITelephony	149	getPrimaryImei
com.android.internal.telephony.ITelephony	150	getTypeAllocationCodeForSlot
com.android.internal.telephony.ITelephony	151	getMeidForSlot
com.android.internal.telephony.ITelephony	152	getManufacturerCodeForSlot
com.android.internal.telephony.ITelephony	153	getDeviceSoftwareVersionForSlot
com.android.internal.telephony.ITelephony	154	getSubIdForPhoneAccountHandle
com.android.internal.telephony.ITelephony	155	getPhoneAccountHandleForSubscriptionId
com.android.internal.telephony.ITelephony	156	factoryReset
com.android.internal.telephony.ITelephony	157	getSimLocaleForSubscriber
com.android.internal.telephony.ITelephony	158	requestModemActivityInfo
com.android.internal.telephony.ITelephony	159	getServiceStateForSlot
com.android.internal.telephony.ITelephony	160	getVoicemailRingtoneUri
com.android.internal.telephony.ITelephony	161	setVoicemailRingtoneUri
com.android.internal.telephony.ITelephony	162	isVoicemailVibrationEnabled
com.android.internal.telephony.ITelephony	163	setVoicemailVibrationEnabled
com.android.internal.telephony.ITelephony	164	getPackagesWithCarrierPrivileges
com.android.internal.telephony.ITelephony	165	getPackagesWithCarrierPrivilegesForAllPhones
com.android.internal.telephony.ITelephony	166	getAidForAppType
com.android.internal.telephony.ITelephony	167	getEsn
com.android.internal.telephony.ITelephony	168	getCdmaPrlVersion
com.android.internal.telephony.ITelephony	169	getTelephonyHistograms
com.android.internal.telephony.ITelephony	170	setAllowedCarriers
com.android.internal.telephony.ITelephony	171	getAllowedCarriers
com.android.internal.telephony.ITelephony	172	getSubscriptionCarrierId
com.android.internal.telephony.ITelephony	173	getSubscriptionCarrierName
com.android.internal.telephony.ITelephony	174	getSubscriptionSpecificCarrierId
com.android.internal.telephony.ITelephony	175	getSubscriptionSpecificCarrierName
com.android.internal.telephony.ITelephony	176	getCarrierIdFromMccMnc
com.android.internal.telephony.ITelephony	177	carrierActionSetRadioEnabled
com.android.internal.telephony.ITelephony	178	carrierActionReportDefaultNetworkStatus
com.android.internal.telephony.ITelephony	179	carrierActionResetAll
com.android.internal.telephony.ITelephony	180	getCallForwarding
com.android.internal.telephony.ITelephony	181	setCallForwarding
com.android.internal.telephony.ITelephony	182	getCallWaitingStatus
com.android.internal.telephony.ITelephony	183	setCallWaitingStatus
com.android.internal.telephony.ITelephony	184	getClientRequestStats
com.android.internal.telephony.ITelephony	185	setSimPowerStateForSlot
com.android.internal.telephony.ITelephony	186	setSimPowerStateForSlotWithCallback
com.android.internal.telephony.ITelephony	187	getForbiddenPlmns
com.android.internal.telephony.ITelephony	188	setForbiddenPlmns
com.android.internal.telephony.ITelephony	189	getEmergencyCallbackMode
com.android.internal.telephony.ITelephony	190	getSignalStrength
com.android.internal.telephony.ITelephony	191	getCardIdForDefaultEuicc
com.android.internal.telephony.ITelephony	192	getUiccCardsInfo
com.android.internal.telephony.ITelephony	193	getUiccSlotsInfo
com.android.internal.telephony.ITelephony	194	switchSlots
com.android.internal.telephony.ITelephony	195	setSimSlotMapping
com.android.internal.telephony.ITelephony	196	isDataRoamingEnabled
com.android.internal.telephony.ITelephony	197	setDataRoamingEnabled
com.android.internal.telephony.ITelephony	198	getCdmaRoamingMode
com.android.internal.telephony.ITelephony	199	setCdmaRoamingMode
com.android.internal.telephony.ITelephony	200	getCdmaSubscriptionMode
com.android.internal.telephony.ITelephony	201	setCdmaSubscriptionMode
com.android.internal.telephony.ITelephony	202	setCarrierTestOverride
com.android.internal.telephony.ITelephony	203	setCarrierServicePackageOverride
com.android.internal.telephony.ITelephony	204	getCarrierIdListVersion
com.android.internal.telephony.ITelephony	205	refreshUiccProfile
com.android.internal.telephony.ITelephony	206	getNumberOfModemsWithSimultaneousDataConnections
com.android.internal.telephony.ITelephony	207	getNetworkSelectionMode
com.android.internal.telephony.ITelephony	208	isInEmergencySmsMode
com.android.internal.telephony.ITelephony	209	getRadioPowerState
com.android.internal.telephony.ITelephony	210	registerImsRegistrationCallback
com.android.internal.telephony.ITelephony	211	unregisterImsRegistrationCallback
com.android.internal.telephony.ITelephony	212	registerImsEmergencyRegistrationCallback
com.android.internal.telephony.ITelephony	213	unregisterImsEmergencyRegistrationCallback
com.android.internal.telephony.ITelephony	214	getImsMmTelRegistrationState
com.android.internal.telephony.ITelephony	215	getImsMmTelRegistrationTransportType
com.android.internal.telephony.ITelephony	216	registerMmTelCapabilityCallback
com.android.internal.telephony.ITelephony	217	unregisterMmTelCapabilityCallback
com.android.internal.telephony.ITelephony	218	isCapable
com.android.internal.telephony.ITelephony	219	isAvailable
com.android.internal.telephony.ITelephony	220	isMmTelCapabilitySupported
com.android.internal.telephony.ITelephony	221	isAdvancedCallingSettingEnabled
com.android.internal.telephony.ITelephony	222	setAdvancedCallingSettingEnabled
com.android.internal.telephony.ITelephony	223	isVtSettingEnabled
com.android.internal.telephony.ITelephony	224	setVtSettingEnabled
com.android.internal.telephony.ITelephony	225	isVoWiFiSettingEnabled
com.android.internal.telephony.ITelephony	226	setVoWiFiSettingEnabled
com.android.internal.telephony.ITelephony	227	isCrossSimCallingEnabledByUser
com.android.internal.telephony.ITelephony	228	setCrossSimCallingEnabled
com.android.internal.telephony.ITelephony	229	isVoWiFiRoamingSettingEnabled
com.android.internal.telephony.ITelephony	230	setVoWiFiRoamingSettingEnabled
com.android.internal.telephony.ITelephony	231	setVoWiFiNonPersistent
com.android.internal.telephony.ITelephony	232	getVoWiFiModeSetting
com.android.internal.telephony.ITelephony	233	setVoWiFiModeSetting
com.android.internal.telephony.ITelephony	234	getVoWiFiRoamingModeSetting
com.android.internal.telephony.ITelephony	235	setVoWiFiRoamingModeSetting
com.android.internal.telephony.ITelephony	236	setRttCapabilitySetting
com.android.internal.telephony.ITelephony	237	isTtyOverVolteEnabled
com.android.internal.telephony.ITelephony	238	getEmergencyNumberList
com.android.internal.telephony.ITelephony	239	isEmergencyNumber
com.android.internal.telephony.ITelephony	240	getCertsFromCarrierPrivilegeAccessRules
com.android.internal.telephony.ITelephony	241	registerImsProvisioningChangedCallback
com.android.internal.telephony.ITelephony	242	unregisterImsProvisioningChangedCallback
com.android.internal.telephony.ITelephony	243	registerFeatureProvisioningChangedCallback
com.android.internal.telephony.ITelephony	244	unregisterFeatureProvisioningChangedCallback
com.android.internal.telephony.ITelephony	245	setImsProvisioningStatusForCapability
com.android.internal.telephony.ITelephony	246	getImsProvisioningStatusForCapability
com.android.internal.telephony.ITelephony	247	getRcsProvisioningStatusForCapability
com.android.internal.telephony.ITelephony	248	setRcsProvisioningStatusForCapability
com.android.internal.telephony.ITelephony	249	getImsProvisioningInt
com.android.internal.telephony.ITelephony	250	getImsProvisioningString
com.android.internal.telephony.ITelephony	251	setImsProvisioningInt
com.android.internal.telephony.ITelephony	252	setImsProvisioningString
com.android.internal.telephony.ITelephony	253	startEmergencyCallbackMode
com.android.internal.telephony.ITelephony	254	updateEmergencyNumberListTestMode
com.android.internal.telephony.ITelephony	255	getEmergencyNumberListTestMode
com.android.internal.telephony.ITelephony	256	getEmergencyNumberDbVersion
com.android.internal.telephony.ITelephony	257	notifyOtaEmergencyNumberDbInstalled
com.android.internal.telephony.ITelephony	258	updateOtaEmergencyNumberDbFilePath
com.android.internal.telephony.ITelephony	259	resetOtaEmergencyNumberDbFilePath
com.android.internal.telephony.ITelephony	260	enableModemForSlot
com.android.internal.telephony.ITelephony	261	setMultiSimCarrierRestriction
com.android.internal.telephony.ITelephony	262	isMultiSimSupported
com.android.internal.telephony.ITelephony	263	switchMultiSimConfig
com.android.internal.telephony.ITelephony	264	doesSwitchMultiSimConfigTriggerReboot
com.android.internal.telephony.ITelephony	265	getSlotsMapping
com.android.internal.telephony.ITelephony	266	getRadioHalVersion
com.android.internal.telephony.ITelephony	267	getHalVersion
com.android.internal.telephony.ITelephony	268	getCurrentPackageName
com.android.internal.telephony.ITelephony	269	isApplicationOnUicc
com.android.internal.telephony.ITelephony	270	isModemEnabledForSlot
com.android.internal.telephony.ITelephony	271	isDataEnabledForApn
com.android.internal.telephony.ITelephony	272	isApnMetered
com.android.internal.telephony.ITelephony	273	setSystemSelectionChannels
com.android.internal.telephony.ITelephony	274	getSystemSelectionChannels
com.android.internal.telephony.ITelephony	275	isMvnoMatched
com.android.internal.telephony.ITelephony	276	enqueueSmsPickResult
com.android.internal.telephony.ITelephony	277	showSwitchToManagedProfileDialog
com.android.internal.telephony.ITelephony	278	getMmsUserAgent
com.android.internal.telephony.ITelephony	279	getMmsUAProfUrl
com.android.internal.telephony.ITelephony	280	setMobileDataPolicyEnabled
com.android.internal.telephony.ITelephony	281	isMobileDataPolicyEnabled
com.android.internal.telephony.ITelephony	282	setCepEnabled
com.android.internal.telephony.ITelephony	283	notifyRcsAutoConfigurationReceived
com.android.internal.telephony.ITelephony	284	isIccLockEnabled
com.android.internal.telephony.ITelephony	285	setIccLockEnabled
com.android.internal.telephony.ITelephony	286	changeIccLockPassword
com.android.internal.telephony.ITelephony	287	requestUserActivityNotification
com.android.internal.telephony.ITelephony	288	userActivity
com.android.internal.telephony.ITelephony	289	getManualNetworkSelectionPlmn
com.android.internal.telephony.ITelephony	290	canConnectTo5GInDsdsMode
com.android.internal.telephony.ITelephony	291	getEquivalentHomePlmns
com.android.internal.telephony.ITelephony	292	setVoNrEnabled
com.android.internal.telephony.ITelephony	293	isVoNrEnabled
com.android.internal.telephony.ITelephony	294	setNrDualConnectivityState
com.android.internal.telephony.ITelephony	295	isNrDualConnectivityEnabled
com.android.internal.telephony.ITelephony	296	isRadioInterfaceCapabilitySupported
com.android.internal.telephony.ITelephony	297	sendThermalMitigationRequest
com.android.internal.telephony.ITelephony	298	bootstrapAuthenticationRequest
com.android.internal.telephony.ITelephony	299	setBoundGbaServiceOverride
com.android.internal.telephony.ITelephony	300	getBoundGbaService
com.android.internal.telephony.ITelephony	301	setGbaReleaseTimeOverride
com.android.internal.telephony.ITelephony	302	getGbaReleaseTime
com.android.internal.telephony.ITelephony	303	setRcsClientConfiguration
com.android.internal.telephony.ITelephony	304	isRcsVolteSingleRegistrationCapable
com.android.internal.telephony.ITelephony	305	registerRcsProvisioningCallback
com.android.internal.telephony.ITelephony	306	unregisterRcsProvisioningCallback
com.android.internal.telephony.ITelephony	307	triggerRcsReconfiguration
com.android.internal.telephony.ITelephony	308	setRcsSingleRegistrationTestModeEnabled
com.android.internal.telephony.ITelephony	309	getRcsSingleRegistrationTestModeEnabled
com.android.internal.telephony.ITelephony	310	setDeviceSingleRegistrationEnabledOverride
com.android.internal.telephony.ITelephony	311	getDeviceSingleRegistrationEnabled
com.android.internal.telephony.ITelephony	312	setCarrierSingleRegistrationEnabledOverride
com.android.internal.telephony.ITelephony	313	sendDeviceToDeviceMessage
com.android.internal.telephony.ITelephony	314	setActiveDeviceToDeviceTransport
com.android.internal.telephony.ITelephony	315	setDeviceToDeviceForceEnabled
com.android.internal.telephony.ITelephony	316	getCarrierSingleRegistrationEnabled
com.android.internal.telephony.ITelephony	317	setImsFeatureValidationOverride
com.android.internal.telephony.ITelephony	318	getImsFeatureValidationOverride
com.android.internal.telephony.ITelephony	319	getMobileProvisioningUrl
com.android.internal.telephony.ITelephony	320	removeContactFromEab
com.android.internal.telephony.ITelephony	321	getContactFromEab
com.android.internal.telephony.ITelephony	322	getCapabilityFromEab
com.android.internal.telephony.ITelephony	323	getDeviceUceEnabled
com.android.internal.telephony.ITelephony	324	setDeviceUceEnabled
com.android.internal.telephony.ITelephony	325	addUceRegistrationOverrideShell
com.android.internal.telephony.ITelephony	326	removeUceRegistrationOverrideShell
com.android.internal.telephony.ITelephony	327	clearUceRegistrationOverrideShell
com.android.internal.telephony.ITelephony	328	getLatestRcsContactUceCapabilityShell
com.android.internal.telephony.ITelephony	329	getLastUcePidfXmlShell
com.android.internal.telephony.ITelephony	330	removeUceRequestDisallowedStatus
com.android.internal.telephony.ITelephony	331	setCapabilitiesRequestTimeout
com.android.internal.telephony.ITelephony	332	setSignalStrengthUpdateRequest
com.android.internal.telephony.ITelephony	333	clearSignalStrengthUpdateRequest
com.android.internal.telephony.ITelephony	334	getPhoneCapability
com.android.internal.telephony.ITelephony	335	prepareForUnattendedReboot
com.android.internal.telephony.ITelephony	336	getSlicingConfig
com.android.internal.telephony.ITelephony	337	isPremiumCapabilityAvailableForPurchase
com.android.internal.telephony.ITelephony	338	purchasePremiumCapability
com.android.internal.telephony.ITelephony	339	registerImsStateCallback
com.android.internal.telephony.ITelephony	340	unregisterImsStateCallback
com.android.internal.telephony.ITelephony	341	getLastKnownCellIdentity
com.android.internal.telephony.ITelephony	342	setModemService
com.android.internal.telephony.ITelephony	343	getModemService
com.android.internal.telephony.ITelephony	344	isProvisioningRequiredForCapability
com.android.internal.telephony.ITelephony	345	isRcsProvisioningRequiredForCapability
com.android.internal.telephony.ITelephony	346	setVoiceServiceStateOverride
com.android.internal.telephony.ITelephony	347	getCarrierServicePackageNameForLogicalSlot
com.android.internal.telephony.ITelephony	348	setRemovableEsimAsDefaultEuicc
com.android.internal.telephony.ITelephony	349	isRemovableEsimDefaultEuicc
com.android.internal.telephony.ITelephony	350	getDefaultRespondViaMessageApplication
com.android.internal.telephony.ITelephony	351	getSimStateForSlotIndex
com.android.internal.telephony.ITelephony	352	persistEmergencyCallDiagnosticData
com.android.internal.telephony.ITelephony	353	setNullCipherAndIntegrityEnabled
com.android.internal.telephony.ITelephony	354	isNullCipherAndIntegrityPreferenceEnabled
com.android.internal.telephony.ITelephony	355	getCellBroadcastIdRanges
com.android.internal.telephony.ITelephony	356	setCellBroadcastIdRanges
com.android.internal.telephony.ITelephony	357	isDomainSelectionSupported
com.android.internal.telephony.ITelephony	358	getCarrierRestrictionStatus
com.android.internal.telephony.ITelephony	359	requestSatelliteEnabled
com.android.internal.telephony.ITelephony	360	requestIsSatelliteEnabled
com.android.internal.telephony.ITelephony	361	requestIsDemoModeEnabled
com.android.internal.telephony.ITelephony	362	requestIsEmergencyModeEnabled
com.android.internal.telephony.ITelephony	363	requestIsSatelliteSupported
com.android.internal.telephony.ITelephony	364	requestSatelliteCapabilities
com.android.internal.telephony.ITelephony	365	startSatelliteTransmissionUpdates
com.android.internal.telephony.ITelephony	366	stopSatelliteTransmissionUpdates
com.android.internal.telephony.ITelephony	367	provisionSatelliteService
com.android.internal.telephony.ITelephony	368	deprovisionSatelliteService
com.android.internal.telephony.ITelephony	369	registerForSatelliteProvisionStateChanged
com.android.internal.telephony.ITelephony	370	unregisterForSatelliteProvisionStateChanged
com.android.internal.telephony.ITelephony	371	requestIsSatelliteProvisioned
com.android.internal.telephony.ITelephony	372	registerForSatelliteModemStateChanged
com.android.internal.telephony.ITelephony	373	unregisterForModemStateChanged
com.android.internal.telephony.ITelephony	374	registerForIncomingDatagram
com.android.internal.telephony.ITelephony	375	unregisterForIncomingDatagram
com.android.internal.telephony.ITelephony	376	pollPendingDatagrams
com.android.internal.telephony.ITelephony	377	sendDatagram
com.android.internal.telephony.ITelephony	378	getSatelliteDisallowedReasons
com.android.internal.telephony.ITelephony	379	registerForSatelliteDisallowedReasonsChanged
com.android.internal.telephony.ITelephony	380	unregisterForSatelliteDisallowedReasonsChanged
com.android.internal.telephony.ITelephony	381	requestIsCommunicationAllowedForCurrentLocation
com.android.internal.telephony.ITelephony	382	requestSatelliteAccessConfigurationForCurrentLocation
com.android.internal.telephony.ITelephony	383	requestTimeForNextSatelliteVisibility
com.android.internal.telephony.ITelephony	384	requestSelectedNbIotSatelliteSubscriptionId
com.android.internal.telephony.ITelephony	385	registerForSelectedNbIotSatelliteSubscriptionChanged
com.android.internal.telephony.ITelephony	386	unregisterForSelectedNbIotSatelliteSubscriptionChanged
com.android.internal.telephony.ITelephony	387	setDeviceAlignedWithSatellite
com.android.internal.telephony.ITelephony	388	setSatelliteServicePackageName
com.android.internal.telephony.ITelephony	389	setSatelliteGatewayServicePackageName
com.android.internal.telephony.ITelephony	390	setSatelliteListeningTimeoutDuration
com.android.internal.telephony.ITelephony	391	setSatelliteIgnoreCellularServiceState
com.android.internal.telephony.ITelephony	392	setSatellitePointingUiClassName
com.android.internal.telephony.ITelephony	393	setDatagramControllerTimeoutDuration
com.android.internal.telephony.ITelephony	394	setSatelliteControllerTimeoutDuration
com.android.internal.telephony.ITelephony	395	setEmergencyCallToSatelliteHandoverType
com.android.internal.telephony.ITelephony	396	setCountryCodes
com.android.internal.telephony.ITelephony	397	setSatelliteAccessControlOverlayConfigs
com.android.internal.telephony.ITelephony	398	setOemEnabledSatelliteProvisionStatus
com.android.internal.telephony.ITelephony	399	getShaIdFromAllowList
com.android.internal.telephony.ITelephony	400	addAttachRestrictionForCarrier
com.android.internal.telephony.ITelephony	401	removeAttachRestrictionForCarrier
com.android.internal.telephony.ITelephony	402	getAttachRestrictionReasonsForCarrier
com.android.internal.telephony.ITelephony	403	requestNtnSignalStrength
com.android.internal.telephony.ITelephony	404	registerForNtnSignalStrengthChanged
com.android.internal.telephony.ITelephony	405	unregisterForNtnSignalStrengthChanged
com.android.internal.telephony.ITelephony	406	registerForCapabilitiesChanged
com.android.internal.telephony.ITelephony	407	unregisterForCapabilitiesChanged
com.android.internal.telephony.ITelephony	408	setShouldSendDatagramToModemInDemoMode
com.android.internal.telephony.ITelephony	409	setDomainSelectionServiceOverride
com.android.internal.telephony.ITelephony	410	clearDomainSelectionServiceOverride
com.android.internal.telephony.ITelephony	411	isAospDomainSelectionService
com.android.internal.telephony.ITelephony	412	setEnableCellularIdentifierDisclosureNotifications
com.android.internal.telephony.ITelephony	413	isCellularIdentifierDisclosureNotificationsEnabled
com.android.internal.telephony.ITelephony	414	setNullCipherNotificationsEnabled
com.android.internal.telephony.ITelephony	415	isNullCipherNotificationsEnabled
com.android.internal.telephony.ITelephony	416	getSatellitePlmnsForCarrier
com.android.internal.telephony.ITelephony	417	registerForSatelliteSupportedStateChanged
com.android.internal.telephony.ITelephony	418	unregisterForSatelliteSupportedStateChanged
com.android.internal.telephony.ITelephony	419	registerForCommunicationAllowedStateChanged
com.android.internal.telephony.ITelephony	420	unregisterForCommunicationAllowedStateChanged
com.android.internal.telephony.ITelephony	421	setDatagramControllerBooleanConfig
com.android.internal.telephony.ITelephony	422	setIsSatelliteCommunicationAllowedForCurrentLocationCache
com.android.internal.telephony.ITelephony	423	requestSatelliteSessionStats
com.android.internal.telephony.ITelephony	424	requestSatelliteSubscriberProvisionStatus
com.android.internal.telephony.ITelephony	425	requestSatelliteDisplayName
com.android.internal.telephony.ITelephony	426	provisionSatellite
com.android.internal.telephony.ITelephony	427	setSatelliteSubscriberIdListChangedIntentComponent
com.android.internal.telephony.ITelephony	428	setTestEuiccUiComponent
com.android.internal.telephony.ITelephony	429	getTestEuiccUiComponent
com.android.internal.telephony.ITelephony	430	overrideCarrierRoamingNtnEligibilityChanged
com.android.internal.telephony.ITelephony	431	deprovisionSatellite
com.android.internal.telephony.ITelephony	432	setNtnSmsSupported
com.android.internal.telephony.ITelephony	433	getCarrierIdFromIdentifier
com.android.internal.telephony.ITelephonyRegistry	1	addOnSubscriptionsChangedListener
com.android.internal.telephony.ITelephonyRegistry	2	addOnOpportunisticSubscriptionsChangedListener
com.android.internal.telephony.ITelephonyRegistry	3	removeOnSubscriptionsChangedListener
com.android.internal.telephony.ITelephonyRegistry	4	listenWithEventList
com.android.internal.telephony.ITelephonyRegistry	5	notifyCallStateForAllSubs
com.android.internal.telephony.ITelephonyRegistry	6	notifyCallState
com.android.internal.telephony.ITelephonyRegistry	7	notifyServiceStateForPhoneId
com.android.internal.telephony.ITelephonyRegistry	8	notifySignalStrengthForPhoneId
com.android.internal.telephony.ITelephonyRegistry	9	notifyMessageWaitingChangedForPhoneId
com.android.internal.telephony.ITelephonyRegistry	10	notifyCallForwardingChanged
com.android.internal.telephony.ITelephonyRegistry	11	notifyCallForwardingChangedForSubscriber
com.android.internal.telephony.ITelephonyRegistry	12	notifyDataActivityForSubscriber
com.android.internal.telephony.ITelephonyRegistry	13	notifyDataActivityForSubscriberWithSlot
com.android.internal.telephony.ITelephonyRegistry	14	notifyDataConnectionForSubscriber
com.android.internal.telephony.ITelephonyRegistry	15	notifyCellLocationForSubscriber
com.android.internal.telephony.ITelephonyRegistry	16	notifyCellInfo
com.android.internal.telephony.ITelephonyRegistry	17	notifyPreciseCallState
com.android.internal.telephony.ITelephonyRegistry	18	notifyDisconnectCause
com.android.internal.telephony.ITelephonyRegistry	19	notifyCellInfoForSubscriber
com.android.internal.telephony.ITelephonyRegistry	20	notifySrvccStateChanged
com.android.internal.telephony.ITelephonyRegistry	21	notifySimActivationStateChangedForPhoneId
com.android.internal.telephony.ITelephonyRegistry	22	notifyOemHookRawEventForSubscriber
com.android.internal.telephony.ITelephonyRegistry	23	notifySubscriptionInfoChanged
com.android.internal.telephony.ITelephonyRegistry	24	notifyOpportunisticSubscriptionInfoChanged
com.android.internal.telephony.ITelephonyRegistry	25	notifyCarrierNetworkChange
com.android.internal.telephony.ITelephonyRegistry	26	notifyCarrierNetworkChangeWithSubId
com.android.internal.telephony.ITelephonyRegistry	27	notifyUserMobileDataStateChangedForPhoneId
com.android.internal.telephony.ITelephonyRegistry	28	notifyDisplayInfoChanged
com.android.internal.telephony.ITelephonyRegistry	29	notifyPhoneCapabilityChanged
com.android.internal.telephony.ITelephonyRegistry	30	notifyActiveDataSubIdChanged
com.android.internal.telephony.ITelephonyRegistry	31	notifyRadioPowerStateChanged
com.android.internal.telephony.ITelephonyRegistry	32	notifyEmergencyNumberList
com.android.internal.telephony.ITelephonyRegistry	33	notifyOutgoingEmergencyCall
com.android.internal.telephony.ITelephonyRegistry	34	notifyOutgoingEmergencySms
com.android.internal.telephony.ITelephonyRegistry	35	notifyCallQualityChanged
com.android.internal.telephony.ITelephonyRegistry	36	notifyMediaQualityStatusChanged
com.android.internal.telephony.ITelephonyRegistry	37	notifyImsDisconnectCause
com.android.internal.telephony.ITelephonyRegistry	38	notifyRegistrationFailed
com.android.internal.telephony.ITelephonyRegistry	39	notifyBarringInfoChanged
com.android.internal.telephony.ITelephonyRegistry	40	notifyPhysicalChannelConfigForSubscriber
com.android.internal.telephony.ITelephonyRegistry	41	notifyDataEnabled
com.android.internal.telephony.ITelephonyRegistry	42	notifyAllowedNetworkTypesChanged
com.android.internal.telephony.ITelephonyRegistry	43	notifyLinkCapacityEstimateChanged
com.android.internal.telephony.ITelephonyRegistry	44	notifySimultaneousCellularCallingSubscriptionsChanged
com.android.internal.telephony.ITelephonyRegistry	45	addCarrierPrivilegesCallback
com.android.internal.telephony.ITelephonyRegistry	46	removeCarrierPrivilegesCallback
com.android.internal.telephony.ITelephonyRegistry	47	notifyCarrierPrivilegesChanged
com.android.internal.telephony.ITelephonyRegistry	48	notifyCarrierServiceChanged
com.android.internal.telephony.ITelephonyRegistry	49	addCarrierConfigChangeListener
com.android.internal.telephony.ITelephonyRegistry	50	removeCarrierConfigChangeListener
com.android.internal.telephony.ITelephonyRegistry	51	notifyCarrierConfigChanged
com.android.internal.telephony.ITelephonyRegistry	52	notifyCallbackModeStarted
com.android.internal.telephony.ITelephonyRegistry	53	notifyCallbackModeRestarted
com.android.internal.telephony.ITelephonyRegistry	54	notifyCallbackModeStopped
com.android.internal.telephony.ITelephonyRegistry	55	notifyCarrierRoamingNtnModeChanged
com.android.internal.telephony.ITelephonyRegistry	56	notifyCarrierRoamingNtnEligibleStateChanged
com.android.internal.telephony.ITelephonyRegistry	57	notifyCarrierRoamingNtnAvailableServicesChanged
com.android.internal.telephony.ITelephonyRegistry	58	notifyCarrierRoamingNtnSignalStrengthChanged
com.android.internal.telephony.ITelephonyRegistry	59	addSatelliteStateChangeListener
com.android.internal.telephony.ITelephonyRegistry	60	removeSatelliteStateChangeListener
com.android.internal.telephony.ITelephonyRegistry	61	notifySatelliteStateChanged
com.android.internal.telephony.ITelephonyRegistry	62	notifySecurityAlgorithmsChanged
com.android.internal.telephony.ITelephonyRegistry	63	notifyCellularIdentifierDisclosedChanged
com.android.internal.telephony.ITransportSelectorCallback	1	onCreated
com.android.internal.telephony.ITransportSelectorCallback	2	onWlanSelected
com.android.internal.telephony.ITransportSelectorCallback	3	onWwanSelectedAsync
com.android.internal.telephony.ITransportSelectorCallback	4	onSelectionTerminated
com.android.internal.telephony.ITransportSelectorResultCallback	1	onCompleted
com.android.internal.telephony.IUpdateAvailableNetworksCallback	1	onComplete
com.android.internal.telephony.IVoidConsumer	1	accept
com.android.internal.telephony.IWapPushManager	1	processMessage
com.android.internal.telephony.IWapPushManager	2	addPackage
com.android.internal.telephony.IWapPushManager	3	updatePackage
com.android.internal.telephony.IWapPushManager	4	deletePackage
com.android.internal.telephony.IWwanSelectorCallback	1	onRequestEmergencyNetworkScan
com.android.internal.telephony.IWwanSelectorCallback	2	onDomainSelected
com.android.internal.telephony.IWwanSelectorCallback	3	onCancel
com.android.internal.telephony.IWwanSelectorResultCallback	1	onComplete
com.android.internal.telephony.euicc.IAuthenticateServerCallback	1	onComplete
com.android.internal.telephony.euicc.ICancelSessionCallback	1	onComplete
com.android.internal.telephony.euicc.IDeleteProfileCallback	1	onComplete
com.android.internal.telephony.euicc.IDisableProfileCallback	1	onComplete
com.android.internal.telephony.euicc.IEuiccCardController	1	getAllProfiles
com.android.internal.telephony.euicc.IEuiccCardController	2	getProfile
com.android.internal.telephony.euicc.IEuiccCardController	3	getEnabledProfile
com.android.internal.telephony.euicc.IEuiccCardController	4	disableProfile
com.android.internal.telephony.euicc.IEuiccCardController	5	switchToProfile
com.android.internal.telephony.euicc.IEuiccCardController	6	setNickname
com.android.internal.telephony.euicc.IEuiccCardController	7	deleteProfile
com.android.internal.telephony.euicc.IEuiccCardController	8	resetMemory
com.android.internal.telephony.euicc.IEuiccCardController	9	getDefaultSmdpAddress
com.android.internal.telephony.euicc.IEuiccCardController	10	getSmdsAddress
com.android.internal.telephony.euicc.IEuiccCardController	11	setDefaultSmdpAddress
com.android.internal.telephony.euicc.IEuiccCardController	12	getRulesAuthTable
com.android.internal.telephony.euicc.IEuiccCardController	13	getEuiccChallenge
com.android.internal.telephony.euicc.IEuiccCardController	14	getEuiccInfo1
com.android.internal.telephony.euicc.IEuiccCardController	15	getEuiccInfo2
com.android.internal.telephony.euicc.IEuiccCardController	16	authenticateServer
com.android.internal.telephony.euicc.IEuiccCardController	17	prepareDownload
com.android.internal.telephony.euicc.IEuiccCardController	18	loadBoundProfilePackage
com.android.internal.telephony.euicc.IEuiccCardController	19	cancelSession
com.android.internal.telephony.euicc.IEuiccCardController	20	listNotifications
com.android.internal.telephony.euicc.IEuiccCardController	21	retrieveNotificationList
com.android.internal.telephony.euicc.IEuiccCardController	22	retrieveNotification
com.android.internal.telephony.euicc.IEuiccCardController	23	removeNotificationFromList
com.android.internal.telephony.euicc.IEuiccController	1	continueOperation
com.android.internal.telephony.euicc.IEuiccController	2	getDownloadableSubscriptionMetadata
com.android.internal.telephony.euicc.IEuiccController	3	getDefaultDownloadableSubscriptionList
com.android.internal.telephony.euicc.IEuiccController	4	getEid
com.android.internal.telephony.euicc.IEuiccController	5	getOtaStatus
com.android.internal.telephony.euicc.IEuiccController	6	downloadSubscription
com.android.internal.telephony.euicc.IEuiccController	7	getEuiccInfo
com.android.internal.telephony.euicc.IEuiccController	8	deleteSubscription
com.android.internal.telephony.euicc.IEuiccController	9	switchToSubscription
com.android.internal.telephony.euicc.IEuiccController	10	switchToSubscriptionWithPort
com.android.internal.telephony.euicc.IEuiccController	11	updateSubscriptionNickname
com.android.internal.telephony.euicc.IEuiccController	12	eraseSubscriptions
com.android.internal.telephony.euicc.IEuiccController	13	eraseSubscriptionsWithOptions
com.android.internal.telephony.euicc.IEuiccController	14	retainSubscriptionsForFactoryReset
com.android.internal.telephony.euicc.IEuiccController	15	setSupportedCountries
com.android.internal.telephony.euicc.IEuiccController	16	getSupportedCountries
com.android.internal.telephony.euicc.IEuiccController	17	isSupportedCountry
com.android.internal.telephony.euicc.IEuiccController	18	isSimPortAvailable
com.android.internal.telephony.euicc.IEuiccController	19	hasCarrierPrivilegesForPackageOnAnyPhone
com.android.internal.telephony.euicc.IEuiccController	20	isCompatChangeEnabled
com.android.internal.telephony.euicc.IEuiccController	21	setPsimConversionSupportedCarriers
com.android.internal.telephony.euicc.IEuiccController	22	isPsimConversionSupported
com.android.internal.telephony.euicc.IEuiccController	23	getAvailableMemoryInBytes
com.android.internal.telephony.euicc.IGetAllProfilesCallback	1	onComplete
com.android.internal.telephony.euicc.IGetDefaultSmdpAddressCallback	1	onComplete
com.android.internal.telephony.euicc.IGetEuiccChallengeCallback	1	onComplete
com.android.internal.telephony.euicc.IGetEuiccInfo1Callback	1	onComplete
com.android.internal.telephony.euicc.IGetEuiccInfo2Callback	1	onComplete
com.android.internal.telephony.euicc.IGetProfileCallback	1	onComplete
com.android.internal.telephony.euicc.IGetRulesAuthTableCallback	1	onComplete
com.android.internal.telephony.euicc.IGetSmdsAddressCallback	1	onComplete
com.android.internal.telephony.euicc.IListNotificationsCallback	1	onComplete
com.android.internal.telephony.euicc.ILoadBoundProfilePackageCallback	1	onComplete
com.android.internal.telephony.euicc.IPrepareDownloadCallback	1	onComplete
com.android.internal.telephony.euicc.IRemoveNotificationFromListCallback	1	onComplete
com.android.internal.telephony.euicc.IResetMemoryCallback	1	onComplete
com.android.internal.telephony.euicc.IRetrieveNotificationCallback	1	onComplete
com.android.internal.telephony.euicc.IRetrieveNotificationListCallback	1	onComplete
com.android.internal.telephony.euicc.ISetDefaultSmdpAddressCallback	1	onComplete
com.android.internal.telephony.euicc.ISetNicknameCallback	1	onComplete
com.android.internal.telephony.euicc.ISwitchToProfileCallback	1	onComplete
com.android.internal.textservice.ISpellCheckerService	1	getISpellCheckerSession
com.android.internal.textservice.ISpellCheckerServiceCallback	1	onSessionCreated
com.android.internal.textservice.ISpellCheckerSession	1	onGetSuggestionsMultiple
com.android.internal.textservice.ISpellCheckerSession	2	onGetSentenceSuggestionsMultiple
com.android.internal.textservice.ISpellCheckerSession	3	onCancel
com.android.internal.textservice.ISpellCheckerSession	4	onClose
com.android.internal.textservice.ISpellCheckerSessionListener	1	onGetSuggestions
com.android.internal.textservice.ISpellCheckerSessionListener	2	onGetSentenceSuggestions
com.android.internal.textservice.ITextServicesManager	1	getCurrentSpellChecker
com.android.internal.textservice.ITextServicesManager	2	getCurrentSpellCheckerSubtype
com.android.internal.textservice.ITextServicesManager	3	getSpellCheckerService
com.android.internal.textservice.ITextServicesManager	4	finishSpellCheckerService
com.android.internal.textservice.ITextServicesManager	5	isSpellCheckerEnabled
com.android.internal.textservice.ITextServicesManager	6	getEnabledSpellCheckers
com.android.internal.textservice.ITextServicesSessionListener	1	onServiceConnected
com.android.internal.view.IDragAndDropPermissions	1	take
com.android.internal.view.IDragAndDropPermissions	2	takeTransient
com.android.internal.view.IDragAndDropPermissions	3	release
com.android.internal.view.IInputMethodManager	1	addClient
com.android.internal.view.IInputMethodManager	2	getCurrentInputMethodInfoAsUser
com.android.internal.view.IInputMethodManager	3	getInputMethodList
com.android.internal.view.IInputMethodManager	4	getEnabledInputMethodList
com.android.internal.view.IInputMethodManager	5	getInputMethodListLegacy
com.android.internal.view.IInputMethodManager	6	getEnabledInputMethodListLegacy
com.android.internal.view.IInputMethodManager	7	getEnabledInputMethodSubtypeList
com.android.internal.view.IInputMethodManager	8	getLastInputMethodSubtype
com.android.internal.view.IInputMethodManager	9	showSoftInput
com.android.internal.view.IInputMethodManager	10	hideSoftInput
com.android.internal.view.IInputMethodManager	11	hideSoftInputFromServerForTest
com.android.internal.view.IInputMethodManager	12	startInputOrWindowGainedFocus
com.android.internal.view.IInputMethodManager	13	startInputOrWindowGainedFocusAsync
com.android.internal.view.IInputMethodManager	14	showInputMethodPickerFromClient
com.android.internal.view.IInputMethodManager	15	showInputMethodPickerFromSystem
com.android.internal.view.IInputMethodManager	16	isInputMethodPickerShownForTest
com.android.internal.view.IInputMethodManager	17	onImeSwitchButtonClickFromSystem
com.android.internal.view.IInputMethodManager	18	getCurrentInputMethodSubtype
com.android.internal.view.IInputMethodManager	19	setAdditionalInputMethodSubtypes
com.android.internal.view.IInputMethodManager	20	setExplicitlyEnabledInputMethodSubtypes
com.android.internal.view.IInputMethodManager	21	getInputMethodWindowVisibleHeight
com.android.internal.view.IInputMethodManager	22	reportPerceptibleAsync
com.android.internal.view.IInputMethodManager	23	removeImeSurface
com.android.internal.view.IInputMethodManager	24	removeImeSurfaceFromWindowAsync
com.android.internal.view.IInputMethodManager	25	startProtoDump
com.android.internal.view.IInputMethodManager	26	isImeTraceEnabled
com.android.internal.view.IInputMethodManager	27	startImeTrace
com.android.internal.view.IInputMethodManager	28	stopImeTrace
com.android.internal.view.IInputMethodManager	29	startStylusHandwriting
com.android.internal.view.IInputMethodManager	30	startConnectionlessStylusHandwriting
com.android.internal.view.IInputMethodManager	31	prepareStylusHandwritingDelegation
com.android.internal.view.IInputMethodManager	32	acceptStylusHandwritingDelegation
com.android.internal.view.IInputMethodManager	33	acceptStylusHandwritingDelegationAsync
com.android.internal.view.IInputMethodManager	34	isStylusHandwritingAvailableAsUser
com.android.internal.view.IInputMethodManager	35	addVirtualStylusIdForTestSession
com.android.internal.view.IInputMethodManager	36	setStylusWindowIdleTimeoutForTest
com.android.internal.view.IInputMethodManager	37	getImeTrackerService
com.android.internal.view.inline.IInlineContentCallback	1	onContent
com.android.internal.view.inline.IInlineContentCallback	2	onClick
com.android.internal.view.inline.IInlineContentCallback	3	onLongClick
com.android.internal.view.inline.IInlineContentProvider	1	provideContent
com.android.internal.view.inline.IInlineContentProvider	2	requestSurfacePackage
com.android.internal.view.inline.IInlineContentProvider	3	onSurfacePackageReleased
com.android.internal.widget.ICheckCredentialProgressCallback	1	onCredentialVerified
com.android.internal.widget.ILockSettings	1	setBoolean
com.android.internal.widget.ILockSettings	2	setLong
com.android.internal.widget.ILockSettings	3	setString
com.android.internal.widget.ILockSettings	4	getBoolean
com.android.internal.widget.ILockSettings	5	getLong
com.android.internal.widget.ILockSettings	6	getString
com.android.internal.widget.ILockSettings	7	setLockCredential
com.android.internal.widget.ILockSettings	8	resetKeyStore
com.android.internal.widget.ILockSettings	9	checkCredential
com.android.internal.widget.ILockSettings	10	verifyCredential
com.android.internal.widget.ILockSettings	11	verifyTiedProfileChallenge
com.android.internal.widget.ILockSettings	12	verifyGatekeeperPasswordHandle
com.android.internal.widget.ILockSettings	13	removeGatekeeperPasswordHandle
com.android.internal.widget.ILockSettings	14	getCredentialType
com.android.internal.widget.ILockSettings	15	getPinLength
com.android.internal.widget.ILockSettings	16	refreshStoredPinLength
com.android.internal.widget.ILockSettings	17	getHashFactor
com.android.internal.widget.ILockSettings	18	setSeparateProfileChallengeEnabled
com.android.internal.widget.ILockSettings	19	getSeparateProfileChallengeEnabled
com.android.internal.widget.ILockSettings	20	registerStrongAuthTracker
com.android.internal.widget.ILockSettings	21	unregisterStrongAuthTracker
com.android.internal.widget.ILockSettings	22	requireStrongAuth
com.android.internal.widget.ILockSettings	23	reportSuccessfulBiometricUnlock
com.android.internal.widget.ILockSettings	24	scheduleNonStrongBiometricIdleTimeout
com.android.internal.widget.ILockSettings	25	systemReady
com.android.internal.widget.ILockSettings	26	userPresent
com.android.internal.widget.ILockSettings	27	getStrongAuthForUser
com.android.internal.widget.ILockSettings	28	hasPendingEscrowToken
com.android.internal.widget.ILockSettings	29	initRecoveryServiceWithSigFile
com.android.internal.widget.ILockSettings	30	getKeyChainSnapshot
com.android.internal.widget.ILockSettings	31	generateKey
com.android.internal.widget.ILockSettings	32	generateKeyWithMetadata
com.android.internal.widget.ILockSettings	33	importKey
com.android.internal.widget.ILockSettings	34	importKeyWithMetadata
com.android.internal.widget.ILockSettings	35	getKey
com.android.internal.widget.ILockSettings	36	removeKey
com.android.internal.widget.ILockSettings	37	setSnapshotCreatedPendingIntent
com.android.internal.widget.ILockSettings	38	setServerParams
com.android.internal.widget.ILockSettings	39	setRecoveryStatus
com.android.internal.widget.ILockSettings	40	getRecoveryStatus
com.android.internal.widget.ILockSettings	41	setRecoverySecretTypes
com.android.internal.widget.ILockSettings	42	getRecoverySecretTypes
com.android.internal.widget.ILockSettings	43	startRecoverySessionWithCertPath
com.android.internal.widget.ILockSettings	44	recoverKeyChainSnapshot
com.android.internal.widget.ILockSettings	45	closeSession
com.android.internal.widget.ILockSettings	46	startRemoteLockscreenValidation
com.android.internal.widget.ILockSettings	47	validateRemoteLockscreen
com.android.internal.widget.ILockSettings	48	hasSecureLockScreen
com.android.internal.widget.ILockSettings	49	tryUnlockWithCachedUnifiedChallenge
com.android.internal.widget.ILockSettings	50	removeCachedUnifiedChallenge
com.android.internal.widget.ILockSettings	51	registerWeakEscrowTokenRemovedListener
com.android.internal.widget.ILockSettings	52	unregisterWeakEscrowTokenRemovedListener
com.android.internal.widget.ILockSettings	53	addWeakEscrowToken
com.android.internal.widget.ILockSettings	54	removeWeakEscrowToken
com.android.internal.widget.ILockSettings	55	isWeakEscrowTokenActive
com.android.internal.widget.ILockSettings	56	isWeakEscrowTokenValid
com.android.internal.widget.ILockSettings	57	unlockUserKeyIfUnsecured
com.android.internal.widget.ILockSettings	58	writeRepairModeCredential
com.android.internal.widget.IRemoteViewsFactory	1	onDataSetChanged
com.android.internal.widget.IRemoteViewsFactory	2	onDataSetChangedAsync
com.android.internal.widget.IRemoteViewsFactory	3	onDestroy
com.android.internal.widget.IRemoteViewsFactory	4	getCount
com.android.internal.widget.IRemoteViewsFactory	5	getViewAt
com.android.internal.widget.IRemoteViewsFactory	6	getLoadingView
com.android.internal.widget.IRemoteViewsFactory	7	getViewTypeCount
com.android.internal.widget.IRemoteViewsFactory	8	getItemId
com.android.internal.widget.IRemoteViewsFactory	9	hasStableIds
com.android.internal.widget.IRemoteViewsFactory	10	isCreated
com.android.internal.widget.IRemoteViewsFactory	11	getRemoteCollectionItems
com.android.internal.widget.IWeakEscrowTokenActivatedListener	1	onWeakEscrowTokenActivated
com.android.internal.widget.IWeakEscrowTokenRemovedListener	1	onWeakEscrowTokenRemoved
com.android.media.permission.INativePermissionController	1	populatePackagesForUids
com.android.media.permission.INativePermissionController	2	updatePackagesForUid
com.android.media.permission.INativePermissionController	3	populatePermissionState
com.android.net.IProxyCallback	1	getProxyPort
com.android.net.IProxyPortListener	1	setProxyPort
com.android.net.IProxyService	1	resolvePacFile
com.android.net.IProxyService	2	setPacFile
